[
    {
        "client_msg_id": "5a1ec4af-6736-42b3-9e34-740ccb392411",
        "type": "message",
        "text": "*Resources for 4\/11\/20:*\nClassroom: <https:\/\/zoom.us\/j\/823356662>\nOffice Hours: 9:15 PDT\n\nResources for Students:\n• <https:\/\/uclax.bootcampcontent.com\/UCLA-Coding-Boot-Camp\/ucla-virt-fsf-pt-03-2020-u-lol\/tree\/master|Class GitLab Repository> \n• <https:\/\/uclax.bootcampcontent.com\/UCLA-Coding-Boot-Camp\/ucla-virt-fsf-pt-03-2020-u-lol\/blob\/master\/02-Week\/README.md|Week 2 High Level Overview \/ Summary> (For Students)\n• <https:\/\/uclax.bootcampcontent.com\/UCLA-Coding-Boot-Camp\/ucla-virt-fsf-pt-03-2020-u-lol\/blob\/master\/02-Week\/03-LectureSlides\/live-online-webdev-02-3-bootstrap-layouts-and-responsive-designs.pdf|Lecture Slides>",
        "user": "U010Y90H4T0",
        "ts": "1586619590.041000",
        "team": "T0105GKDN1H",
        "user_team": "T0105GKDN1H",
        "source_team": "T0105GKDN1H",
        "user_profile": {
            "avatar_hash": "dab7da854ffb",
            "image_72": "https:\/\/avatars.slack-edge.com\/2020-03-27\/1017678411922_dab7da854ffb816e196d_72.jpg",
            "first_name": "Chris",
            "real_name": "Chris Murphy",
            "display_name": "Chris Murphy",
            "team": "T0105GKDN1H",
            "name": "christoph2005",
            "is_restricted": false,
            "is_ultra_restricted": false
        },
        "attachments": [
            {
                "service_name": "GitLab",
                "title": "Sign in",
                "title_link": "https:\/\/uclax.bootcampcontent.com\/UCLA-Coding-Boot-Camp\/ucla-virt-fsf-pt-03-2020-u-lol\/tree\/master",
                "text": "GitLab Community Edition",
                "fallback": "GitLab: Sign in",
                "thumb_url": "https:\/\/uclax.bootcampcontent.com\/assets\/gitlab_logo-7ae504fe4f68fdebb3c2034e36621930cd36ea87924c11ff65dbcb8ed50dca58.png",
                "from_url": "https:\/\/uclax.bootcampcontent.com\/UCLA-Coding-Boot-Camp\/ucla-virt-fsf-pt-03-2020-u-lol\/tree\/master",
                "thumb_width": 128,
                "thumb_height": 128,
                "service_icon": "https:\/\/uclax.bootcampcontent.com\/assets\/touch-icon-iphone-5a9cee0e8a51212e70b90c87c12f382c428870c0ff67d1eb034d884b78d2dae7.png",
                "id": 1,
                "original_url": "https:\/\/uclax.bootcampcontent.com\/UCLA-Coding-Boot-Camp\/ucla-virt-fsf-pt-03-2020-u-lol\/tree\/master"
            },
            {
                "service_name": "GitLab",
                "title": "Sign in",
                "title_link": "https:\/\/uclax.bootcampcontent.com\/UCLA-Coding-Boot-Camp\/ucla-virt-fsf-pt-03-2020-u-lol\/blob\/master\/02-Week\/README.md",
                "text": "GitLab Community Edition",
                "fallback": "GitLab: Sign in",
                "thumb_url": "https:\/\/uclax.bootcampcontent.com\/assets\/gitlab_logo-7ae504fe4f68fdebb3c2034e36621930cd36ea87924c11ff65dbcb8ed50dca58.png",
                "from_url": "https:\/\/uclax.bootcampcontent.com\/UCLA-Coding-Boot-Camp\/ucla-virt-fsf-pt-03-2020-u-lol\/blob\/master\/02-Week\/README.md",
                "thumb_width": 128,
                "thumb_height": 128,
                "service_icon": "https:\/\/uclax.bootcampcontent.com\/assets\/touch-icon-iphone-5a9cee0e8a51212e70b90c87c12f382c428870c0ff67d1eb034d884b78d2dae7.png",
                "id": 2,
                "original_url": "https:\/\/uclax.bootcampcontent.com\/UCLA-Coding-Boot-Camp\/ucla-virt-fsf-pt-03-2020-u-lol\/blob\/master\/02-Week\/README.md"
            },
            {
                "service_name": "GitLab",
                "title": "Sign in",
                "title_link": "https:\/\/uclax.bootcampcontent.com\/UCLA-Coding-Boot-Camp\/ucla-virt-fsf-pt-03-2020-u-lol\/blob\/master\/02-Week\/03-LectureSlides\/live-online-webdev-02-3-bootstrap-layouts-and-responsive-designs.pdf",
                "text": "GitLab Community Edition",
                "fallback": "GitLab: Sign in",
                "thumb_url": "https:\/\/uclax.bootcampcontent.com\/assets\/gitlab_logo-7ae504fe4f68fdebb3c2034e36621930cd36ea87924c11ff65dbcb8ed50dca58.png",
                "from_url": "https:\/\/uclax.bootcampcontent.com\/UCLA-Coding-Boot-Camp\/ucla-virt-fsf-pt-03-2020-u-lol\/blob\/master\/02-Week\/03-LectureSlides\/live-online-webdev-02-3-bootstrap-layouts-and-responsive-designs.pdf",
                "thumb_width": 128,
                "thumb_height": 128,
                "service_icon": "https:\/\/uclax.bootcampcontent.com\/assets\/touch-icon-iphone-5a9cee0e8a51212e70b90c87c12f382c428870c0ff67d1eb034d884b78d2dae7.png",
                "id": 3,
                "original_url": "https:\/\/uclax.bootcampcontent.com\/UCLA-Coding-Boot-Camp\/ucla-virt-fsf-pt-03-2020-u-lol\/blob\/master\/02-Week\/03-LectureSlides\/live-online-webdev-02-3-bootstrap-layouts-and-responsive-designs.pdf"
            }
        ],
        "blocks": [
            {
                "type": "rich_text",
                "block_id": "o3Mja",
                "elements": [
                    {
                        "type": "rich_text_section",
                        "elements": [
                            {
                                "type": "text",
                                "text": "Resources for 4\/11\/20:",
                                "style": {
                                    "bold": true
                                }
                            },
                            {
                                "type": "text",
                                "text": "\nClassroom: "
                            },
                            {
                                "type": "link",
                                "url": "https:\/\/zoom.us\/j\/823356662"
                            },
                            {
                                "type": "text",
                                "text": "\nOffice Hours: 9:15 PDT\n\nResources for Students:\n"
                            }
                        ]
                    },
                    {
                        "type": "rich_text_list",
                        "elements": [
                            {
                                "type": "rich_text_section",
                                "elements": [
                                    {
                                        "type": "link",
                                        "url": "https:\/\/uclax.bootcampcontent.com\/UCLA-Coding-Boot-Camp\/ucla-virt-fsf-pt-03-2020-u-lol\/tree\/master",
                                        "text": "Class GitLab Repository"
                                    },
                                    {
                                        "type": "text",
                                        "text": " "
                                    }
                                ]
                            },
                            {
                                "type": "rich_text_section",
                                "elements": [
                                    {
                                        "type": "link",
                                        "url": "https:\/\/uclax.bootcampcontent.com\/UCLA-Coding-Boot-Camp\/ucla-virt-fsf-pt-03-2020-u-lol\/blob\/master\/02-Week\/README.md",
                                        "text": "Week 2 High Level Overview \/ Summary"
                                    },
                                    {
                                        "type": "text",
                                        "text": " (For Students)"
                                    }
                                ]
                            },
                            {
                                "type": "rich_text_section",
                                "elements": [
                                    {
                                        "type": "link",
                                        "url": "https:\/\/uclax.bootcampcontent.com\/UCLA-Coding-Boot-Camp\/ucla-virt-fsf-pt-03-2020-u-lol\/blob\/master\/02-Week\/03-LectureSlides\/live-online-webdev-02-3-bootstrap-layouts-and-responsive-designs.pdf",
                                        "text": "Lecture Slides"
                                    }
                                ]
                            }
                        ],
                        "style": "bullet",
                        "indent": 0
                    }
                ]
            }
        ]
    },
    {
        "type": "message",
        "text": "",
        "files": [
            {
                "id": "F011PDLHFJ9",
                "created": 1586624800,
                "timestamp": 1586624800,
                "name": "14-TextLayout.zip",
                "title": "14-TextLayout.zip",
                "mimetype": "application\/zip",
                "filetype": "zip",
                "pretty_type": "Zip",
                "user": "U010Y90H4T0",
                "editable": false,
                "size": 115445,
                "mode": "hosted",
                "is_external": false,
                "external_type": "",
                "is_public": true,
                "public_url_shared": false,
                "display_as_bot": false,
                "username": "",
                "url_private": "https:\/\/files.slack.com\/files-pri\/T0105GKDN1H-F011PDLHFJ9\/14-textlayout.zip?t=xoxe-1005563464051-1077300145892-1094973465936-b91b441389dd5f41adba77ce94586498",
                "url_private_download": "https:\/\/files.slack.com\/files-pri\/T0105GKDN1H-F011PDLHFJ9\/download\/14-textlayout.zip?t=xoxe-1005563464051-1077300145892-1094973465936-b91b441389dd5f41adba77ce94586498",
                "permalink": "https:\/\/uclavirtfsfpt-96r8630.slack.com\/files\/U010Y90H4T0\/F011PDLHFJ9\/14-textlayout.zip",
                "permalink_public": "https:\/\/slack-files.com\/T0105GKDN1H-F011PDLHFJ9-1043c2056b",
                "is_starred": false,
                "has_rich_preview": false
            }
        ],
        "upload": false,
        "user": "U010LEW7V2R",
        "display_as_bot": false,
        "ts": "1586627938.041300",
        "reactions": [
            {
                "name": "pepethefrog",
                "users": [
                    "U010ACLHD0R"
                ],
                "count": 1
            }
        ]
    },
    {
        "client_msg_id": "4a7f5262-d69b-4e1a-bca0-b7b9f6673d9e",
        "type": "message",
        "text": "<http:\/\/placehold.it\/200x200>",
        "user": "U010Y90H4T0",
        "ts": "1586632305.041800",
        "team": "T0105GKDN1H",
        "user_team": "T0105GKDN1H",
        "source_team": "T0105GKDN1H",
        "user_profile": {
            "avatar_hash": "dab7da854ffb",
            "image_72": "https:\/\/avatars.slack-edge.com\/2020-03-27\/1017678411922_dab7da854ffb816e196d_72.jpg",
            "first_name": "Chris",
            "real_name": "Chris Murphy",
            "display_name": "Chris Murphy",
            "team": "T0105GKDN1H",
            "name": "christoph2005",
            "is_restricted": false,
            "is_ultra_restricted": false
        },
        "attachments": [
            {
                "fallback": "200x200px image",
                "image_url": "http:\/\/placehold.it\/200x200",
                "image_width": 200,
                "image_height": 200,
                "image_bytes": 781,
                "from_url": "http:\/\/placehold.it\/200x200",
                "id": 1,
                "original_url": "http:\/\/placehold.it\/200x200"
            }
        ],
        "blocks": [
            {
                "type": "rich_text",
                "block_id": "NIFl",
                "elements": [
                    {
                        "type": "rich_text_section",
                        "elements": [
                            {
                                "type": "link",
                                "url": "http:\/\/placehold.it\/200x200"
                            }
                        ]
                    }
                ]
            }
        ]
    },
    {
        "type": "message",
        "text": "",
        "files": [
            {
                "id": "F011MPGKPMY",
                "created": 1586624810,
                "timestamp": 1586624810,
                "name": "16-CardLayout.zip",
                "title": "16-CardLayout.zip",
                "mimetype": "application\/zip",
                "filetype": "zip",
                "pretty_type": "Zip",
                "user": "U010Y90H4T0",
                "editable": false,
                "size": 21812,
                "mode": "hosted",
                "is_external": false,
                "external_type": "",
                "is_public": true,
                "public_url_shared": false,
                "display_as_bot": false,
                "username": "",
                "url_private": "https:\/\/files.slack.com\/files-pri\/T0105GKDN1H-F011MPGKPMY\/16-cardlayout.zip?t=xoxe-1005563464051-1077300145892-1094973465936-b91b441389dd5f41adba77ce94586498",
                "url_private_download": "https:\/\/files.slack.com\/files-pri\/T0105GKDN1H-F011MPGKPMY\/download\/16-cardlayout.zip?t=xoxe-1005563464051-1077300145892-1094973465936-b91b441389dd5f41adba77ce94586498",
                "permalink": "https:\/\/uclavirtfsfpt-96r8630.slack.com\/files\/U010Y90H4T0\/F011MPGKPMY\/16-cardlayout.zip",
                "permalink_public": "https:\/\/slack-files.com\/T0105GKDN1H-F011MPGKPMY-6c4801909a",
                "is_starred": false,
                "has_rich_preview": false
            }
        ],
        "upload": false,
        "user": "U010LEW7V2R",
        "display_as_bot": false,
        "ts": "1586634027.042000"
    },
    {
        "client_msg_id": "3640946a-cea7-402a-b0e5-8306c42d4ad8",
        "type": "message",
        "text": "could <@U010T8GS82C> post his? I just wanted a better look at it for understanding",
        "user": "U010M34SKMK",
        "ts": "1586636663.043200",
        "team": "T0105GKDN1H",
        "user_team": "T0105GKDN1H",
        "source_team": "T0105GKDN1H",
        "user_profile": {
            "avatar_hash": "0122aab1c9b1",
            "image_72": "https:\/\/avatars.slack-edge.com\/2020-03-23\/1009660365315_0122aab1c9b12475e96c_72.jpg",
            "first_name": "",
            "real_name": "Caroline Lester",
            "display_name": "Caroline Lester",
            "team": "T0105GKDN1H",
            "name": "carolineclester",
            "is_restricted": false,
            "is_ultra_restricted": false
        },
        "blocks": [
            {
                "type": "rich_text",
                "block_id": "RX\/",
                "elements": [
                    {
                        "type": "rich_text_section",
                        "elements": [
                            {
                                "type": "text",
                                "text": "could "
                            },
                            {
                                "type": "user",
                                "user_id": "U010T8GS82C"
                            },
                            {
                                "type": "text",
                                "text": " post his? I just wanted a better look at it for understanding"
                            }
                        ]
                    }
                ]
            }
        ],
        "reactions": [
            {
                "name": "+1",
                "users": [
                    "U010T8GS82C"
                ],
                "count": 1
            }
        ]
    },
    {
        "type": "message",
        "text": "This is what I did",
        "files": [
            {
                "id": "F011MTAPCLA",
                "created": 1586636836,
                "timestamp": 1586636836,
                "name": "card-layout.html",
                "title": "card-layout.html",
                "mimetype": "text\/plain",
                "filetype": "html",
                "pretty_type": "HTML",
                "user": "U010T8GS82C",
                "editable": true,
                "size": 1939,
                "mode": "snippet",
                "is_external": false,
                "external_type": "",
                "is_public": true,
                "public_url_shared": false,
                "display_as_bot": false,
                "username": "",
                "url_private": "https:\/\/files.slack.com\/files-pri\/T0105GKDN1H-F011MTAPCLA\/card-layout.html?t=xoxe-1005563464051-1077300145892-1094973465936-b91b441389dd5f41adba77ce94586498",
                "url_private_download": "https:\/\/files.slack.com\/files-pri\/T0105GKDN1H-F011MTAPCLA\/download\/card-layout.html?t=xoxe-1005563464051-1077300145892-1094973465936-b91b441389dd5f41adba77ce94586498",
                "permalink": "https:\/\/uclavirtfsfpt-96r8630.slack.com\/files\/U010T8GS82C\/F011MTAPCLA\/card-layout.html",
                "permalink_public": "https:\/\/slack-files.com\/T0105GKDN1H-F011MTAPCLA-013da310f0",
                "edit_link": "https:\/\/uclavirtfsfpt-96r8630.slack.com\/files\/U010T8GS82C\/F011MTAPCLA\/card-layout.html\/edit",
                "is_starred": false,
                "has_rich_preview": false
            }
        ],
        "upload": true,
        "blocks": [
            {
                "type": "rich_text",
                "block_id": "Cxn8",
                "elements": [
                    {
                        "type": "rich_text_section",
                        "elements": [
                            {
                                "type": "text",
                                "text": "This is what I did"
                            }
                        ]
                    }
                ]
            }
        ],
        "user": "U010T8GS82C",
        "display_as_bot": false,
        "ts": "1586636838.043400",
        "client_msg_id": "8095084e-9fc2-415f-9051-7008e77ffd6d",
        "reactions": [
            {
                "name": "slightly_smiling_face",
                "users": [
                    "U010M34SKMK",
                    "U010H28N18S",
                    "U010KG4F57W"
                ],
                "count": 3
            }
        ]
    },
    {
        "type": "message",
        "text": "",
        "files": [
            {
                "id": "F011YPKMA49",
                "created": 1586624818,
                "timestamp": 1586624818,
                "name": "18-StudentMedia.zip",
                "title": "18-StudentMedia.zip",
                "mimetype": "application\/zip",
                "filetype": "zip",
                "pretty_type": "Zip",
                "user": "U010Y90H4T0",
                "editable": false,
                "size": 3094,
                "mode": "hosted",
                "is_external": false,
                "external_type": "",
                "is_public": true,
                "public_url_shared": false,
                "display_as_bot": false,
                "username": "",
                "url_private": "https:\/\/files.slack.com\/files-pri\/T0105GKDN1H-F011YPKMA49\/18-studentmedia.zip?t=xoxe-1005563464051-1077300145892-1094973465936-b91b441389dd5f41adba77ce94586498",
                "url_private_download": "https:\/\/files.slack.com\/files-pri\/T0105GKDN1H-F011YPKMA49\/download\/18-studentmedia.zip?t=xoxe-1005563464051-1077300145892-1094973465936-b91b441389dd5f41adba77ce94586498",
                "permalink": "https:\/\/uclavirtfsfpt-96r8630.slack.com\/files\/U010Y90H4T0\/F011YPKMA49\/18-studentmedia.zip",
                "permalink_public": "https:\/\/slack-files.com\/T0105GKDN1H-F011YPKMA49-1bb99848af",
                "is_starred": false,
                "has_rich_preview": false
            }
        ],
        "upload": false,
        "user": "U010LEW7V2R",
        "display_as_bot": false,
        "ts": "1586638176.044200",
        "reactions": [
            {
                "name": "+1",
                "users": [
                    "U010ACLHD0R"
                ],
                "count": 1
            }
        ]
    },
    {
        "client_msg_id": "c32e710b-8f4d-4b00-9992-d8082ce1c215",
        "type": "message",
        "text": "For any students interested in learning more about the viewport tag: <http:\/\/www.w3schools.com\/css\/css_rwd_viewport.asp>.",
        "user": "U010Y90H4T0",
        "ts": "1586638808.045100",
        "team": "T0105GKDN1H",
        "user_team": "T0105GKDN1H",
        "source_team": "T0105GKDN1H",
        "user_profile": {
            "avatar_hash": "dab7da854ffb",
            "image_72": "https:\/\/avatars.slack-edge.com\/2020-03-27\/1017678411922_dab7da854ffb816e196d_72.jpg",
            "first_name": "Chris",
            "real_name": "Chris Murphy",
            "display_name": "Chris Murphy",
            "team": "T0105GKDN1H",
            "name": "christoph2005",
            "is_restricted": false,
            "is_ultra_restricted": false
        },
        "attachments": [
            {
                "title": "Responsive Web Design Viewport",
                "title_link": "http:\/\/www.w3schools.com\/css\/css_rwd_viewport.asp",
                "text": "Well organized and easy to understand Web building tutorials with lots of examples of how to use HTML, CSS, JavaScript, SQL, PHP, Python, Bootstrap, Java and XML.",
                "fallback": "Responsive Web Design Viewport",
                "from_url": "http:\/\/www.w3schools.com\/css\/css_rwd_viewport.asp",
                "service_icon": "https:\/\/www.w3schools.com\/favicon.ico",
                "service_name": "w3schools.com",
                "id": 1,
                "original_url": "http:\/\/www.w3schools.com\/css\/css_rwd_viewport.asp"
            }
        ],
        "blocks": [
            {
                "type": "rich_text",
                "block_id": "=fl",
                "elements": [
                    {
                        "type": "rich_text_section",
                        "elements": [
                            {
                                "type": "text",
                                "text": "For any students interested in learning more about the viewport tag: "
                            },
                            {
                                "type": "link",
                                "url": "http:\/\/www.w3schools.com\/css\/css_rwd_viewport.asp"
                            },
                            {
                                "type": "text",
                                "text": "."
                            }
                        ]
                    }
                ]
            }
        ],
        "reactions": [
            {
                "name": "githubparrot",
                "users": [
                    "U010T8GS82C"
                ],
                "count": 1
            }
        ]
    },
    {
        "client_msg_id": "2635c161-36b9-4671-94fc-f1947f476a64",
        "type": "message",
        "text": "Michael Pope explained this to me but it helps for the viewport link at the top",
        "user": "U010NLX5YVD",
        "ts": "1586639521.046000",
        "team": "T0105GKDN1H",
        "user_team": "T0105GKDN1H",
        "source_team": "T0105GKDN1H",
        "user_profile": {
            "avatar_hash": "g1146ac96ea0",
            "image_72": "https:\/\/secure.gravatar.com\/avatar\/1146ac96ea01d01b2cda88e5d9c36cc3.jpg?s=72&d=https%3A%2F%2Fa.slack-edge.com%2Fdf10d%2Fimg%2Favatars%2Fava_0013-72.png",
            "first_name": "",
            "real_name": "Michael Hoffman",
            "display_name": "",
            "team": "T0105GKDN1H",
            "name": "maaronhoffman",
            "is_restricted": false,
            "is_ultra_restricted": false
        },
        "blocks": [
            {
                "type": "rich_text",
                "block_id": "PQ6DV",
                "elements": [
                    {
                        "type": "rich_text_section",
                        "elements": [
                            {
                                "type": "text",
                                "text": "Michael Pope explained this to me but it helps for the viewport link at the top"
                            }
                        ]
                    }
                ]
            }
        ]
    },
    {
        "client_msg_id": "43a8174f-be20-424e-9bea-d216e68a1a9f",
        "type": "message",
        "text": "type html, when the menu pops up choose the 5 option",
        "user": "U010NLX5YVD",
        "ts": "1586639531.046300",
        "team": "T0105GKDN1H",
        "user_team": "T0105GKDN1H",
        "source_team": "T0105GKDN1H",
        "user_profile": {
            "avatar_hash": "g1146ac96ea0",
            "image_72": "https:\/\/secure.gravatar.com\/avatar\/1146ac96ea01d01b2cda88e5d9c36cc3.jpg?s=72&d=https%3A%2F%2Fa.slack-edge.com%2Fdf10d%2Fimg%2Favatars%2Fava_0013-72.png",
            "first_name": "",
            "real_name": "Michael Hoffman",
            "display_name": "",
            "team": "T0105GKDN1H",
            "name": "maaronhoffman",
            "is_restricted": false,
            "is_ultra_restricted": false
        },
        "blocks": [
            {
                "type": "rich_text",
                "block_id": "+8Wt",
                "elements": [
                    {
                        "type": "rich_text_section",
                        "elements": [
                            {
                                "type": "text",
                                "text": "type html, when the menu pops up choose the 5 option"
                            }
                        ]
                    }
                ]
            }
        ]
    },
    {
        "client_msg_id": "652a7a3e-a366-416a-8bf4-e3edd2dfdef4",
        "type": "message",
        "text": "it will add the viewport tag for you automatically",
        "user": "U010NLX5YVD",
        "ts": "1586639549.046600",
        "team": "T0105GKDN1H",
        "user_team": "T0105GKDN1H",
        "source_team": "T0105GKDN1H",
        "user_profile": {
            "avatar_hash": "g1146ac96ea0",
            "image_72": "https:\/\/secure.gravatar.com\/avatar\/1146ac96ea01d01b2cda88e5d9c36cc3.jpg?s=72&d=https%3A%2F%2Fa.slack-edge.com%2Fdf10d%2Fimg%2Favatars%2Fava_0013-72.png",
            "first_name": "",
            "real_name": "Michael Hoffman",
            "display_name": "",
            "team": "T0105GKDN1H",
            "name": "maaronhoffman",
            "is_restricted": false,
            "is_ultra_restricted": false
        },
        "blocks": [
            {
                "type": "rich_text",
                "block_id": "i4HuR",
                "elements": [
                    {
                        "type": "rich_text_section",
                        "elements": [
                            {
                                "type": "text",
                                "text": "it will add the viewport tag for you automatically"
                            }
                        ]
                    }
                ]
            }
        ],
        "reactions": [
            {
                "name": "clap",
                "users": [
                    "U010LJKUX44"
                ],
                "count": 1
            },
            {
                "name": "smile",
                "users": [
                    "U010LEW4XPX"
                ],
                "count": 1
            }
        ]
    },
    {
        "client_msg_id": "bf85ec4f-f2de-44a1-8ee6-0805c03c3b63",
        "type": "message",
        "text": "Introduce the Unit Video Guide\n• <https:\/\/uclax.bootcampcontent.com\/UCLA-Coding-Boot-Camp\/ucla-virt-fsf-pt-03-2020-u-lol\/blob\/master\/02-Week\/VideoGuide.md|Video Guide>\n",
        "user": "U010Y90H4T0",
        "ts": "1586640582.047300",
        "team": "T0105GKDN1H",
        "user_team": "T0105GKDN1H",
        "source_team": "T0105GKDN1H",
        "user_profile": {
            "avatar_hash": "dab7da854ffb",
            "image_72": "https:\/\/avatars.slack-edge.com\/2020-03-27\/1017678411922_dab7da854ffb816e196d_72.jpg",
            "first_name": "Chris",
            "real_name": "Chris Murphy",
            "display_name": "Chris Murphy",
            "team": "T0105GKDN1H",
            "name": "christoph2005",
            "is_restricted": false,
            "is_ultra_restricted": false
        },
        "attachments": [
            {
                "service_name": "GitLab",
                "title": "Sign in",
                "title_link": "https:\/\/uclax.bootcampcontent.com\/UCLA-Coding-Boot-Camp\/ucla-virt-fsf-pt-03-2020-u-lol\/blob\/master\/02-Week\/VideoGuide.md",
                "text": "GitLab Community Edition",
                "fallback": "GitLab: Sign in",
                "thumb_url": "https:\/\/uclax.bootcampcontent.com\/assets\/gitlab_logo-7ae504fe4f68fdebb3c2034e36621930cd36ea87924c11ff65dbcb8ed50dca58.png",
                "from_url": "https:\/\/uclax.bootcampcontent.com\/UCLA-Coding-Boot-Camp\/ucla-virt-fsf-pt-03-2020-u-lol\/blob\/master\/02-Week\/VideoGuide.md",
                "thumb_width": 128,
                "thumb_height": 128,
                "service_icon": "https:\/\/uclax.bootcampcontent.com\/assets\/touch-icon-iphone-5a9cee0e8a51212e70b90c87c12f382c428870c0ff67d1eb034d884b78d2dae7.png",
                "id": 1,
                "original_url": "https:\/\/uclax.bootcampcontent.com\/UCLA-Coding-Boot-Camp\/ucla-virt-fsf-pt-03-2020-u-lol\/blob\/master\/02-Week\/VideoGuide.md"
            }
        ],
        "blocks": [
            {
                "type": "rich_text",
                "block_id": "52dZl",
                "elements": [
                    {
                        "type": "rich_text_section",
                        "elements": [
                            {
                                "type": "text",
                                "text": "Introduce the Unit Video Guide\n"
                            }
                        ]
                    },
                    {
                        "type": "rich_text_list",
                        "elements": [
                            {
                                "type": "rich_text_section",
                                "elements": [
                                    {
                                        "type": "link",
                                        "url": "https:\/\/uclax.bootcampcontent.com\/UCLA-Coding-Boot-Camp\/ucla-virt-fsf-pt-03-2020-u-lol\/blob\/master\/02-Week\/VideoGuide.md",
                                        "text": "Video Guide"
                                    }
                                ]
                            }
                        ],
                        "style": "bullet",
                        "indent": 0
                    },
                    {
                        "type": "rich_text_section",
                        "elements": []
                    }
                ]
            }
        ]
    },
    {
        "client_msg_id": "32581685-1bd1-485a-93a8-6f7477bf9262",
        "type": "message",
        "text": "<@U010LHWSG4U> showed an easier way to do that",
        "user": "U010LEW4XPX",
        "ts": "1586640667.047800",
        "team": "T0105GKDN1H",
        "user_team": "T0105GKDN1H",
        "source_team": "T0105GKDN1H",
        "user_profile": {
            "avatar_hash": "g15b31306bf8",
            "image_72": "https:\/\/secure.gravatar.com\/avatar\/15b31306bf891aa1da33301277c37bc4.jpg?s=72&d=https%3A%2F%2Fa.slack-edge.com%2Fdf10d%2Fimg%2Favatars%2Fava_0008-72.png",
            "first_name": "",
            "real_name": "michaelpopedeveloper",
            "display_name": "michaelpopedeveloper",
            "team": "T0105GKDN1H",
            "name": "michaelpopedeveloper",
            "is_restricted": false,
            "is_ultra_restricted": false
        },
        "blocks": [
            {
                "type": "rich_text",
                "block_id": "ftMC",
                "elements": [
                    {
                        "type": "rich_text_section",
                        "elements": [
                            {
                                "type": "user",
                                "user_id": "U010LHWSG4U"
                            },
                            {
                                "type": "text",
                                "text": " showed an easier way to do that"
                            }
                        ]
                    }
                ]
            }
        ]
    },
    {
        "client_msg_id": "c062dae6-df91-4be7-be71-221827b99c55",
        "type": "message",
        "text": "Just type a '!' in the editor",
        "user": "U010LEW4XPX",
        "ts": "1586640685.048200",
        "team": "T0105GKDN1H",
        "user_team": "T0105GKDN1H",
        "source_team": "T0105GKDN1H",
        "user_profile": {
            "avatar_hash": "g15b31306bf8",
            "image_72": "https:\/\/secure.gravatar.com\/avatar\/15b31306bf891aa1da33301277c37bc4.jpg?s=72&d=https%3A%2F%2Fa.slack-edge.com%2Fdf10d%2Fimg%2Favatars%2Fava_0008-72.png",
            "first_name": "",
            "real_name": "michaelpopedeveloper",
            "display_name": "michaelpopedeveloper",
            "team": "T0105GKDN1H",
            "name": "michaelpopedeveloper",
            "is_restricted": false,
            "is_ultra_restricted": false
        },
        "blocks": [
            {
                "type": "rich_text",
                "block_id": "zEei",
                "elements": [
                    {
                        "type": "rich_text_section",
                        "elements": [
                            {
                                "type": "text",
                                "text": "Just type a '!' in the editor"
                            }
                        ]
                    }
                ]
            }
        ]
    },
    {
        "client_msg_id": "58338715-3e68-421c-a9c8-cfcaaf065a48",
        "type": "message",
        "text": "In case it's helpful:\n\nA guide to updating a forked repository - <https:\/\/medium.com\/@topspinj\/how-to-git-rebase-into-a-forked-repo-c9f05e821c8a>",
        "user": "U010L2Z8M7F",
        "ts": "1586641664.048700",
        "team": "T0105GKDN1H",
        "user_team": "T0105GKDN1H",
        "source_team": "T0105GKDN1H",
        "user_profile": {
            "avatar_hash": "d530d6a49334",
            "image_72": "https:\/\/avatars.slack-edge.com\/2020-03-23\/1010225799969_d530d6a493349354556a_72.jpg",
            "first_name": "",
            "real_name": "Mark Fullton",
            "display_name": "Mark Fullton",
            "team": "T0105GKDN1H",
            "name": "the.mark.fullton",
            "is_restricted": false,
            "is_ultra_restricted": false
        },
        "attachments": [
            {
                "service_name": "Medium",
                "title": "How to update a forked repo with git rebase",
                "title_link": "https:\/\/medium.com\/@topspinj\/how-to-git-rebase-into-a-forked-repo-c9f05e821c8a",
                "text": "Step 1: Add the remote (original repo that you forked) and call it “upstream”",
                "fallback": "Medium: How to update a forked repo with git rebase",
                "fields": [
                    {
                        "title": "Reading time",
                        "value": "1 min read",
                        "short": true
                    }
                ],
                "ts": 1523420856,
                "from_url": "https:\/\/medium.com\/@topspinj\/how-to-git-rebase-into-a-forked-repo-c9f05e821c8a",
                "service_icon": "https:\/\/cdn-images-1.medium.com\/fit\/c\/152\/152\/1*8I-HPL0bfoIzGied-dzOvA.png",
                "id": 1,
                "original_url": "https:\/\/medium.com\/@topspinj\/how-to-git-rebase-into-a-forked-repo-c9f05e821c8a"
            }
        ],
        "blocks": [
            {
                "type": "rich_text",
                "block_id": "jiFPE",
                "elements": [
                    {
                        "type": "rich_text_section",
                        "elements": [
                            {
                                "type": "text",
                                "text": "In case it's helpful:\n\nA guide to updating a forked repository - "
                            },
                            {
                                "type": "link",
                                "url": "https:\/\/medium.com\/@topspinj\/how-to-git-rebase-into-a-forked-repo-c9f05e821c8a"
                            }
                        ]
                    }
                ]
            }
        ],
        "reactions": [
            {
                "name": "+1",
                "users": [
                    "U010LJKUX44"
                ],
                "count": 1
            }
        ]
    }
]