[
    {
        "client_msg_id": "e6c43071-9f0a-4a77-90d4-355250ec4056",
        "type": "message",
        "text": "In case anyone else is struggling with z-index (they've got me in a choke-hold!), I thought I'd post this:\n<https:\/\/www.freecodecamp.org\/news\/4-reasons-your-z-index-isnt-working-and-how-to-fix-it-coder-coder-6bc05f103e6c\/>",
        "user": "U010L2Z8M7F",
        "ts": "1586543436.039900",
        "team": "T0105GKDN1H",
        "user_team": "T0105GKDN1H",
        "source_team": "T0105GKDN1H",
        "user_profile": {
            "avatar_hash": "d530d6a49334",
            "image_72": "https:\/\/avatars.slack-edge.com\/2020-03-23\/1010225799969_d530d6a493349354556a_72.jpg",
            "first_name": "",
            "real_name": "Mark Fullton",
            "display_name": "Mark Fullton",
            "team": "T0105GKDN1H",
            "name": "the.mark.fullton",
            "is_restricted": false,
            "is_ultra_restricted": false
        },
        "attachments": [
            {
                "service_name": "freeCodeCamp.org",
                "title": "4 reasons your z-index isn’t working (and how to fix it) — Coder Coder",
                "title_link": "https:\/\/www.freecodecamp.org\/news\/4-reasons-your-z-index-isnt-working-and-how-to-fix-it-coder-coder-6bc05f103e6c\/",
                "text": "This post was originally published on <http:\/\/Coder-Coder.com|Coder-Coder.com> [<https:\/\/coder-coder.com\/z-index-isnt-working\/>]. Z-index is a CSS property that allows you to position elements in layers on top of one another. It’s super useful, and honestly a very important tool to know how to use in CSS. Unfortunately, z-index is one of those properties that doesn’t always behave in an intuitive way. It seems simple at first- a higher z-index number means the element will be on top of elements with lower z-index number",
                "fallback": "freeCodeCamp.org: 4 reasons your z-index isn’t working (and how to fix it) — Coder Coder",
                "image_url": "https:\/\/cdn-media-1.freecodecamp.org\/images\/1*Nm4AWKx-ezJBFLGShJCVAw.jpeg",
                "image_width": 476,
                "image_height": 250,
                "fields": [
                    {
                        "title": "Written by",
                        "value": "Jessica Chan",
                        "short": true
                    },
                    {
                        "title": "Filed under",
                        "value": "CSS, Web Development, Coding, Programming, Tech",
                        "short": true
                    }
                ],
                "ts": 1556210287,
                "from_url": "https:\/\/www.freecodecamp.org\/news\/4-reasons-your-z-index-isnt-working-and-how-to-fix-it-coder-coder-6bc05f103e6c\/",
                "image_bytes": 31786,
                "service_icon": "https:\/\/www.freecodecamp.org\/news\/favicon.png",
                "id": 1,
                "original_url": "https:\/\/www.freecodecamp.org\/news\/4-reasons-your-z-index-isnt-working-and-how-to-fix-it-coder-coder-6bc05f103e6c\/"
            }
        ],
        "blocks": [
            {
                "type": "rich_text",
                "block_id": "M=H\/v",
                "elements": [
                    {
                        "type": "rich_text_section",
                        "elements": [
                            {
                                "type": "text",
                                "text": "In case anyone else is struggling with z-index (they've got me in a choke-hold!), I thought I'd post this:\n"
                            },
                            {
                                "type": "link",
                                "url": "https:\/\/www.freecodecamp.org\/news\/4-reasons-your-z-index-isnt-working-and-how-to-fix-it-coder-coder-6bc05f103e6c\/"
                            }
                        ]
                    }
                ]
            }
        ],
        "reactions": [
            {
                "name": "+1",
                "users": [
                    "U0109GZP6HH",
                    "U010Y90H4T0",
                    "U010APCDU9F",
                    "U010KG4F57W"
                ],
                "count": 4
            }
        ]
    },
    {
        "client_msg_id": "11f8a04d-69f3-420b-a6e0-babbbd941461",
        "type": "message",
        "text": "Video for 4\/9\/2020 added: <https:\/\/codingbootcamp.hosted.panopto.com\/Panopto\/Pages\/Viewer.aspx?id=e747cf57-11a1-4cfd-b8e7-ab9900776c80>",
        "user": "U010Y90H4T0",
        "ts": "1586551687.040400",
        "team": "T0105GKDN1H",
        "user_team": "T0105GKDN1H",
        "source_team": "T0105GKDN1H",
        "user_profile": {
            "avatar_hash": "dab7da854ffb",
            "image_72": "https:\/\/avatars.slack-edge.com\/2020-03-27\/1017678411922_dab7da854ffb816e196d_72.jpg",
            "first_name": "Chris",
            "real_name": "Chris Murphy",
            "display_name": "Chris Murphy",
            "team": "T0105GKDN1H",
            "name": "christoph2005",
            "is_restricted": false,
            "is_ultra_restricted": false
        },
        "attachments": [
            {
                "service_name": "Panopto",
                "title": "Main Classroom",
                "title_link": "https:\/\/codingbootcamp.hosted.panopto.com\/Panopto\/Pages\/Viewer.aspx?id=e747cf57-11a1-4cfd-b8e7-ab9900776c80",
                "text": "Main Classroom",
                "fallback": "Panopto: Main Classroom",
                "thumb_url": "https:\/\/codingbootcamp.hosted.panopto.com\/Panopto\/Services\/FrameGrabber.svc\/FrameRedirect?objectId=e747cf57-11a1-4cfd-b8e7-ab9900776c80&mode=Delivery&random=0.841318671517688&usePng=False",
                "video_html_width": 800,
                "video_html_height": 600,
                "video_url": "https:\/\/codingbootcamp.hosted.panopto.com\/Panopto\/Podcast\/Social\/e747cf57-11a1-4cfd-b8e7-ab9900776c80.mp4?mediaTargetType=videoPodcast",
                "from_url": "https:\/\/codingbootcamp.hosted.panopto.com\/Panopto\/Pages\/Viewer.aspx?id=e747cf57-11a1-4cfd-b8e7-ab9900776c80",
                "thumb_width": 740,
                "thumb_height": 416,
                "id": 1,
                "original_url": "https:\/\/codingbootcamp.hosted.panopto.com\/Panopto\/Pages\/Viewer.aspx?id=e747cf57-11a1-4cfd-b8e7-ab9900776c80"
            }
        ],
        "blocks": [
            {
                "type": "rich_text",
                "block_id": "MzW",
                "elements": [
                    {
                        "type": "rich_text_section",
                        "elements": [
                            {
                                "type": "text",
                                "text": "Video for 4\/9\/2020 added: "
                            },
                            {
                                "type": "link",
                                "url": "https:\/\/codingbootcamp.hosted.panopto.com\/Panopto\/Pages\/Viewer.aspx?id=e747cf57-11a1-4cfd-b8e7-ab9900776c80"
                            }
                        ]
                    }
                ]
            }
        ]
    }
]