[
    {
        "client_msg_id": "e651b7f8-82f8-4169-8a09-d6b802c1b32e",
        "type": "message",
        "text": "In case it's helpful:\n\nA guide to updating a forked repository - <https:\/\/medium.com\/@topspinj\/how-to-git-rebase-into-a-forked-repo-c9f05e821c8a>",
        "user": "U010L2Z8M7F",
        "ts": "1586384254.023000",
        "team": "T0105GKDN1H",
        "user_team": "T0105GKDN1H",
        "source_team": "T0105GKDN1H",
        "user_profile": {
            "avatar_hash": "d530d6a49334",
            "image_72": "https:\/\/avatars.slack-edge.com\/2020-03-23\/1010225799969_d530d6a493349354556a_72.jpg",
            "first_name": "",
            "real_name": "Mark Fullton",
            "display_name": "Mark Fullton",
            "team": "T0105GKDN1H",
            "name": "the.mark.fullton",
            "is_restricted": false,
            "is_ultra_restricted": false
        },
        "attachments": [
            {
                "service_name": "Medium",
                "title": "How to update a forked repo with git rebase",
                "title_link": "https:\/\/medium.com\/@topspinj\/how-to-git-rebase-into-a-forked-repo-c9f05e821c8a",
                "text": "Step 1: Add the remote (original repo that you forked) and call it “upstream”",
                "fallback": "Medium: How to update a forked repo with git rebase",
                "fields": [
                    {
                        "title": "Reading time",
                        "value": "1 min read",
                        "short": true
                    }
                ],
                "ts": 1523420856,
                "from_url": "https:\/\/medium.com\/@topspinj\/how-to-git-rebase-into-a-forked-repo-c9f05e821c8a",
                "service_icon": "https:\/\/cdn-images-1.medium.com\/fit\/c\/152\/152\/1*8I-HPL0bfoIzGied-dzOvA.png",
                "id": 1,
                "original_url": "https:\/\/medium.com\/@topspinj\/how-to-git-rebase-into-a-forked-repo-c9f05e821c8a"
            }
        ],
        "blocks": [
            {
                "type": "rich_text",
                "block_id": "y1P\/6",
                "elements": [
                    {
                        "type": "rich_text_section",
                        "elements": [
                            {
                                "type": "text",
                                "text": "In case it's helpful:\n\nA guide to updating a forked repository - "
                            },
                            {
                                "type": "link",
                                "url": "https:\/\/medium.com\/@topspinj\/how-to-git-rebase-into-a-forked-repo-c9f05e821c8a"
                            }
                        ]
                    }
                ]
            }
        ],
        "reactions": [
            {
                "name": "star2",
                "users": [
                    "U010Y90H4T0",
                    "U010LUDNEJU",
                    "U010LEW4XPX",
                    "U010ACLHD0R",
                    "U010H28N18S"
                ],
                "count": 5
            },
            {
                "name": "heart",
                "users": [
                    "U010APCDU9F",
                    "U010KG4F57W",
                    "U010ACLHD0R"
                ],
                "count": 3
            }
        ]
    }
]