[
    {
        "type": "message",
        "subtype": "channel_join",
        "ts": "1586280818.000200",
        "user": "U010Y90H4T0",
        "text": "<@U010Y90H4T0> has joined the channel"
    },
    {
        "type": "message",
        "subtype": "channel_join",
        "ts": "1586280821.000400",
        "user": "U0107MTT526",
        "text": "<@U0107MTT526> has joined the channel",
        "inviter": "U010Y90H4T0"
    },
    {
        "type": "message",
        "subtype": "channel_join",
        "ts": "1586280822.000600",
        "user": "U010853J6DQ",
        "text": "<@U010853J6DQ> has joined the channel",
        "inviter": "U010Y90H4T0"
    },
    {
        "type": "message",
        "subtype": "channel_join",
        "ts": "1586280822.000800",
        "user": "U01086WUV5Y",
        "text": "<@U01086WUV5Y> has joined the channel",
        "inviter": "U010Y90H4T0"
    },
    {
        "type": "message",
        "subtype": "channel_join",
        "ts": "1586280822.001000",
        "user": "U010884RC58",
        "text": "<@U010884RC58> has joined the channel",
        "inviter": "U010Y90H4T0"
    },
    {
        "type": "message",
        "subtype": "channel_join",
        "ts": "1586280822.001200",
        "user": "U0109GZP6HH",
        "text": "<@U0109GZP6HH> has joined the channel",
        "inviter": "U010Y90H4T0"
    },
    {
        "type": "message",
        "subtype": "channel_join",
        "ts": "1586280822.001400",
        "user": "U0109HQ4UQ3",
        "text": "<@U0109HQ4UQ3> has joined the channel",
        "inviter": "U010Y90H4T0"
    },
    {
        "type": "message",
        "subtype": "channel_join",
        "ts": "1586280822.001600",
        "user": "U010ACLHD0R",
        "text": "<@U010ACLHD0R> has joined the channel",
        "inviter": "U010Y90H4T0"
    },
    {
        "type": "message",
        "subtype": "channel_join",
        "ts": "1586280822.001800",
        "user": "U010AFPTJP3",
        "text": "<@U010AFPTJP3> has joined the channel",
        "inviter": "U010Y90H4T0"
    },
    {
        "type": "message",
        "subtype": "channel_join",
        "ts": "1586280822.002000",
        "user": "U010AJPBC3B",
        "text": "<@U010AJPBC3B> has joined the channel",
        "inviter": "U010Y90H4T0"
    },
    {
        "type": "message",
        "subtype": "channel_join",
        "ts": "1586280822.002200",
        "user": "U010AP9JH4Z",
        "text": "<@U010AP9JH4Z> has joined the channel",
        "inviter": "U010Y90H4T0"
    },
    {
        "type": "message",
        "subtype": "channel_join",
        "ts": "1586280823.002400",
        "user": "U010APCDU9F",
        "text": "<@U010APCDU9F> has joined the channel",
        "inviter": "U010Y90H4T0"
    },
    {
        "type": "message",
        "subtype": "channel_join",
        "ts": "1586280823.002600",
        "user": "U010B06SPMX",
        "text": "<@U010B06SPMX> has joined the channel",
        "inviter": "U010Y90H4T0"
    },
    {
        "type": "message",
        "subtype": "channel_join",
        "ts": "1586280823.002800",
        "user": "U010B4FCHCZ",
        "text": "<@U010B4FCHCZ> has joined the channel",
        "inviter": "U010Y90H4T0"
    },
    {
        "type": "message",
        "subtype": "channel_join",
        "ts": "1586280823.003000",
        "user": "U010B5G5KHP",
        "text": "<@U010B5G5KHP> has joined the channel",
        "inviter": "U010Y90H4T0"
    },
    {
        "type": "message",
        "subtype": "channel_join",
        "ts": "1586280823.003200",
        "user": "U010H0ZEZJL",
        "text": "<@U010H0ZEZJL> has joined the channel",
        "inviter": "U010Y90H4T0"
    },
    {
        "type": "message",
        "subtype": "channel_join",
        "ts": "1586280823.003400",
        "user": "U010H28N18S",
        "text": "<@U010H28N18S> has joined the channel",
        "inviter": "U010Y90H4T0"
    },
    {
        "type": "message",
        "subtype": "channel_join",
        "ts": "1586280823.003600",
        "user": "U010H71MH8A",
        "text": "<@U010H71MH8A> has joined the channel",
        "inviter": "U010Y90H4T0"
    },
    {
        "type": "message",
        "subtype": "channel_join",
        "ts": "1586280823.003800",
        "user": "U010HBPMX5G",
        "text": "<@U010HBPMX5G> has joined the channel",
        "inviter": "U010Y90H4T0"
    },
    {
        "type": "message",
        "subtype": "channel_join",
        "ts": "1586280823.004000",
        "user": "U010K745JMU",
        "text": "<@U010K745JMU> has joined the channel",
        "inviter": "U010Y90H4T0"
    },
    {
        "type": "message",
        "subtype": "channel_join",
        "ts": "1586280823.004200",
        "user": "U010KG4F57W",
        "text": "<@U010KG4F57W> has joined the channel",
        "inviter": "U010Y90H4T0"
    },
    {
        "type": "message",
        "subtype": "channel_join",
        "ts": "1586280824.004400",
        "user": "U010L2Z8M7F",
        "text": "<@U010L2Z8M7F> has joined the channel",
        "inviter": "U010Y90H4T0"
    },
    {
        "type": "message",
        "subtype": "channel_join",
        "ts": "1586280824.004600",
        "user": "U010L7X7YJG",
        "text": "<@U010L7X7YJG> has joined the channel",
        "inviter": "U010Y90H4T0"
    },
    {
        "type": "message",
        "subtype": "channel_join",
        "ts": "1586280824.004800",
        "user": "U010LEW4XPX",
        "text": "<@U010LEW4XPX> has joined the channel",
        "inviter": "U010Y90H4T0"
    },
    {
        "type": "message",
        "subtype": "channel_join",
        "ts": "1586280824.005000",
        "user": "U010LEW7V2R",
        "text": "<@U010LEW7V2R> has joined the channel",
        "inviter": "U010Y90H4T0"
    },
    {
        "type": "message",
        "subtype": "channel_join",
        "ts": "1586280824.005200",
        "user": "U010LHWSG4U",
        "text": "<@U010LHWSG4U> has joined the channel",
        "inviter": "U010Y90H4T0"
    },
    {
        "type": "message",
        "subtype": "channel_join",
        "ts": "1586280824.005400",
        "user": "U010LJ07DTN",
        "text": "<@U010LJ07DTN> has joined the channel",
        "inviter": "U010Y90H4T0"
    },
    {
        "type": "message",
        "subtype": "channel_join",
        "ts": "1586280824.005600",
        "user": "U010LJKUX44",
        "text": "<@U010LJKUX44> has joined the channel",
        "inviter": "U010Y90H4T0"
    },
    {
        "type": "message",
        "subtype": "channel_join",
        "ts": "1586280824.005800",
        "user": "U010LRKMSKX",
        "text": "<@U010LRKMSKX> has joined the channel",
        "inviter": "U010Y90H4T0"
    },
    {
        "type": "message",
        "subtype": "channel_join",
        "ts": "1586280824.006000",
        "user": "U010LUDNEJU",
        "text": "<@U010LUDNEJU> has joined the channel",
        "inviter": "U010Y90H4T0"
    },
    {
        "type": "message",
        "subtype": "channel_join",
        "ts": "1586280825.006200",
        "user": "U010M13U1FS",
        "text": "<@U010M13U1FS> has joined the channel",
        "inviter": "U010Y90H4T0"
    },
    {
        "type": "message",
        "subtype": "channel_join",
        "ts": "1586280825.006400",
        "user": "U010M2FV6HK",
        "text": "<@U010M2FV6HK> has joined the channel",
        "inviter": "U010Y90H4T0"
    },
    {
        "type": "message",
        "subtype": "channel_join",
        "ts": "1586280825.006600",
        "user": "U010M34SKMK",
        "text": "<@U010M34SKMK> has joined the channel",
        "inviter": "U010Y90H4T0"
    },
    {
        "type": "message",
        "subtype": "channel_join",
        "ts": "1586280825.006800",
        "user": "U010NLDPJ2J",
        "text": "<@U010NLDPJ2J> has joined the channel",
        "inviter": "U010Y90H4T0"
    },
    {
        "type": "message",
        "subtype": "channel_join",
        "ts": "1586280825.007000",
        "user": "U010NLX5YVD",
        "text": "<@U010NLX5YVD> has joined the channel",
        "inviter": "U010Y90H4T0"
    },
    {
        "type": "message",
        "subtype": "channel_join",
        "ts": "1586280825.007200",
        "user": "U010NQC5BN3",
        "text": "<@U010NQC5BN3> has joined the channel",
        "inviter": "U010Y90H4T0"
    },
    {
        "type": "message",
        "subtype": "channel_join",
        "ts": "1586280825.007400",
        "user": "U010NQCT52B",
        "text": "<@U010NQCT52B> has joined the channel",
        "inviter": "U010Y90H4T0"
    },
    {
        "type": "message",
        "subtype": "channel_join",
        "ts": "1586280825.007600",
        "user": "U010P7ZMAP3",
        "text": "<@U010P7ZMAP3> has joined the channel",
        "inviter": "U010Y90H4T0"
    },
    {
        "type": "message",
        "subtype": "channel_join",
        "ts": "1586280825.007800",
        "user": "U010PSR7BT6",
        "text": "<@U010PSR7BT6> has joined the channel",
        "inviter": "U010Y90H4T0"
    },
    {
        "type": "message",
        "subtype": "channel_join",
        "ts": "1586280825.008000",
        "user": "U010T8GS82C",
        "text": "<@U010T8GS82C> has joined the channel",
        "inviter": "U010Y90H4T0"
    },
    {
        "type": "message",
        "subtype": "channel_join",
        "ts": "1586280825.008300",
        "user": "U010Z0MUSN4",
        "text": "<@U010Z0MUSN4> has joined the channel",
        "inviter": "U010Y90H4T0"
    },
    {
        "client_msg_id": "efb1b479-8493-4270-82b5-c47475563e52",
        "type": "message",
        "text": "Week 2 Day 1 <https:\/\/uclax.bootcampcontent.com\/UCLA-Coding-Boot-Camp\/ucla-virt-fsf-pt-03-2020-u-lol\/blob\/master\/02-Week\/03-LectureSlides\/WebDev%2002.1%20Going%20Live-4-7-2020.pdf|Lecture Slides>",
        "user": "U010Y90H4T0",
        "ts": "1586289089.008800",
        "team": "T0105GKDN1H",
        "user_team": "T0105GKDN1H",
        "source_team": "T0105GKDN1H",
        "user_profile": {
            "avatar_hash": "dab7da854ffb",
            "image_72": "https:\/\/avatars.slack-edge.com\/2020-03-27\/1017678411922_dab7da854ffb816e196d_72.jpg",
            "first_name": "Chris",
            "real_name": "Chris Murphy",
            "display_name": "Chris Murphy",
            "team": "T0105GKDN1H",
            "name": "christoph2005",
            "is_restricted": false,
            "is_ultra_restricted": false
        },
        "attachments": [
            {
                "service_name": "GitLab",
                "title": "Sign in",
                "title_link": "https:\/\/uclax.bootcampcontent.com\/UCLA-Coding-Boot-Camp\/ucla-virt-fsf-pt-03-2020-u-lol\/blob\/master\/02-Week\/03-LectureSlides\/WebDev%2002.1%20Going%20Live-4-7-2020.pdf",
                "text": "GitLab Community Edition",
                "fallback": "GitLab: Sign in",
                "thumb_url": "https:\/\/uclax.bootcampcontent.com\/assets\/gitlab_logo-7ae504fe4f68fdebb3c2034e36621930cd36ea87924c11ff65dbcb8ed50dca58.png",
                "from_url": "https:\/\/uclax.bootcampcontent.com\/UCLA-Coding-Boot-Camp\/ucla-virt-fsf-pt-03-2020-u-lol\/blob\/master\/02-Week\/03-LectureSlides\/WebDev%2002.1%20Going%20Live-4-7-2020.pdf",
                "thumb_width": 128,
                "thumb_height": 128,
                "service_icon": "https:\/\/uclax.bootcampcontent.com\/assets\/touch-icon-iphone-5a9cee0e8a51212e70b90c87c12f382c428870c0ff67d1eb034d884b78d2dae7.png",
                "id": 1,
                "original_url": "https:\/\/uclax.bootcampcontent.com\/UCLA-Coding-Boot-Camp\/ucla-virt-fsf-pt-03-2020-u-lol\/blob\/master\/02-Week\/03-LectureSlides\/WebDev%2002.1%20Going%20Live-4-7-2020.pdf"
            }
        ],
        "blocks": [
            {
                "type": "rich_text",
                "block_id": "BP\/e",
                "elements": [
                    {
                        "type": "rich_text_section",
                        "elements": [
                            {
                                "type": "text",
                                "text": "Week 2 Day 1 "
                            },
                            {
                                "type": "link",
                                "url": "https:\/\/uclax.bootcampcontent.com\/UCLA-Coding-Boot-Camp\/ucla-virt-fsf-pt-03-2020-u-lol\/blob\/master\/02-Week\/03-LectureSlides\/WebDev%2002.1%20Going%20Live-4-7-2020.pdf",
                                "text": "Lecture Slides"
                            }
                        ]
                    }
                ]
            }
        ],
        "thread_ts": "1586289089.008800",
        "reply_count": 1,
        "reply_users_count": 1,
        "latest_reply": "1586304965.009000",
        "reply_users": [
            "U010LHWSG4U"
        ],
        "replies": [
            {
                "user": "U010LHWSG4U",
                "ts": "1586304965.009000"
            }
        ],
        "subscribed": false,
        "reactions": [
            {
                "name": "+1",
                "users": [
                    "U010AJPBC3B"
                ],
                "count": 1
            }
        ]
    },
    {
        "client_msg_id": "ac28bb79-41eb-453e-bb41-2f137aa0ff41",
        "type": "message",
        "text": "thank you!",
        "user": "U010LHWSG4U",
        "ts": "1586304965.009000",
        "team": "T0105GKDN1H",
        "user_team": "T0105GKDN1H",
        "source_team": "T0105GKDN1H",
        "user_profile": {
            "avatar_hash": "94c7660ade93",
            "image_72": "https:\/\/avatars.slack-edge.com\/2020-03-25\/1015453574355_94c7660ade93297788be_72.jpg",
            "first_name": "",
            "real_name": "Sandra Romero",
            "display_name": "Sandra Romero",
            "team": "T0105GKDN1H",
            "name": "sandymarieromero",
            "is_restricted": false,
            "is_ultra_restricted": false
        },
        "blocks": [
            {
                "type": "rich_text",
                "block_id": "73sfd",
                "elements": [
                    {
                        "type": "rich_text_section",
                        "elements": [
                            {
                                "type": "text",
                                "text": "thank you!"
                            }
                        ]
                    }
                ]
            }
        ],
        "thread_ts": "1586289089.008800",
        "parent_user_id": "U010Y90H4T0"
    },
    {
        "client_msg_id": "a599ec87-8007-47e3-9b94-92c3e38525df",
        "type": "message",
        "text": "*OnLine Waiting Room*\n● Students must have their full name including first name and last in order to be\nadmitted.\n● Note: The Instructional team will monitor the Waiting Room at the start of office\nhours (5:45pm during the weekday and 9:15am on Saturdays) throughout the\nclass to admit students.",
        "user": "U010Y90H4T0",
        "ts": "1586306456.009800",
        "team": "T0105GKDN1H",
        "user_team": "T0105GKDN1H",
        "source_team": "T0105GKDN1H",
        "user_profile": {
            "avatar_hash": "dab7da854ffb",
            "image_72": "https:\/\/avatars.slack-edge.com\/2020-03-27\/1017678411922_dab7da854ffb816e196d_72.jpg",
            "first_name": "Chris",
            "real_name": "Chris Murphy",
            "display_name": "Chris Murphy",
            "team": "T0105GKDN1H",
            "name": "christoph2005",
            "is_restricted": false,
            "is_ultra_restricted": false
        },
        "blocks": [
            {
                "type": "rich_text",
                "block_id": "fXJv",
                "elements": [
                    {
                        "type": "rich_text_section",
                        "elements": [
                            {
                                "type": "text",
                                "text": "OnLine Waiting Room",
                                "style": {
                                    "bold": true
                                }
                            },
                            {
                                "type": "text",
                                "text": "\n● Students must have their full name including first name and last in order to be\nadmitted.\n● Note: The Instructional team will monitor the Waiting Room at the start of office\nhours (5:45pm during the weekday and 9:15am on Saturdays) throughout the\nclass to admit students."
                            }
                        ]
                    }
                ]
            }
        ]
    },
    {
        "client_msg_id": "3f2798d6-d487-441e-a477-55df46ee5cc2",
        "type": "message",
        "text": "Classroom: <https:\/\/zoom.us\/j\/823356662>\nOffice Hours: 5:45 PDT",
        "user": "U010Y90H4T0",
        "ts": "1586306478.010000",
        "team": "T0105GKDN1H",
        "user_team": "T0105GKDN1H",
        "source_team": "T0105GKDN1H",
        "user_profile": {
            "avatar_hash": "dab7da854ffb",
            "image_72": "https:\/\/avatars.slack-edge.com\/2020-03-27\/1017678411922_dab7da854ffb816e196d_72.jpg",
            "first_name": "Chris",
            "real_name": "Chris Murphy",
            "display_name": "Chris Murphy",
            "team": "T0105GKDN1H",
            "name": "christoph2005",
            "is_restricted": false,
            "is_ultra_restricted": false
        },
        "blocks": [
            {
                "type": "rich_text",
                "block_id": "bOC",
                "elements": [
                    {
                        "type": "rich_text_section",
                        "elements": [
                            {
                                "type": "text",
                                "text": "Classroom: "
                            },
                            {
                                "type": "link",
                                "url": "https:\/\/zoom.us\/j\/823356662"
                            },
                            {
                                "type": "text",
                                "text": "\nOffice Hours: 5:45 PDT"
                            }
                        ]
                    }
                ]
            }
        ]
    },
    {
        "client_msg_id": "47a9cbe3-8bbe-48d1-8fb3-931f2676e948",
        "type": "message",
        "text": "Chris I am still waiting. Christine Munoz",
        "user": "U010H28N18S",
        "ts": "1586308325.011400",
        "team": "T0105GKDN1H",
        "user_team": "T0105GKDN1H",
        "source_team": "T0105GKDN1H",
        "user_profile": {
            "avatar_hash": "84fd88e6f1cb",
            "image_72": "https:\/\/avatars.slack-edge.com\/2020-03-26\/1029561083269_84fd88e6f1cb30ca3348_72.jpg",
            "first_name": "Christine",
            "real_name": "Christine Munoz",
            "display_name": "Christine",
            "team": "T0105GKDN1H",
            "name": "christinezzy5",
            "is_restricted": false,
            "is_ultra_restricted": false
        },
        "blocks": [
            {
                "type": "rich_text",
                "block_id": "PHinR",
                "elements": [
                    {
                        "type": "rich_text_section",
                        "elements": [
                            {
                                "type": "text",
                                "text": "Chris I am still waiting. Christine Munoz"
                            }
                        ]
                    }
                ]
            }
        ],
        "thread_ts": "1586308325.011400",
        "reply_count": 1,
        "reply_users_count": 1,
        "latest_reply": "1586308383.011500",
        "reply_users": [
            "U010LEW7V2R"
        ],
        "replies": [
            {
                "user": "U010LEW7V2R",
                "ts": "1586308383.011500"
            }
        ],
        "subscribed": false
    },
    {
        "client_msg_id": "9d63ad18-d383-4fd7-8880-64454ac95949",
        "type": "message",
        "text": "Can you change your name on Zoom to Christine Munoz as opposed to christinem please so that we can let you in :slightly_smiling_face:",
        "user": "U010LEW7V2R",
        "ts": "1586308383.011500",
        "team": "T0105GKDN1H",
        "user_team": "T0105GKDN1H",
        "source_team": "T0105GKDN1H",
        "user_profile": {
            "avatar_hash": "d3ca0dce327c",
            "image_72": "https:\/\/avatars.slack-edge.com\/2020-03-23\/1020683219136_d3ca0dce327cf88e2c77_72.jpg",
            "first_name": "Stacy",
            "real_name": "Stacy Keown",
            "display_name": "Stacy Keown",
            "team": "T0105GKDN1H",
            "name": "code",
            "is_restricted": false,
            "is_ultra_restricted": false
        },
        "blocks": [
            {
                "type": "rich_text",
                "block_id": "jSs",
                "elements": [
                    {
                        "type": "rich_text_section",
                        "elements": [
                            {
                                "type": "text",
                                "text": "Can you change your name on Zoom to Christine Munoz as opposed to christinem please so that we can let you in "
                            },
                            {
                                "type": "emoji",
                                "name": "slightly_smiling_face"
                            }
                        ]
                    }
                ]
            }
        ],
        "thread_ts": "1586308325.011400",
        "parent_user_id": "U010H28N18S"
    },
    {
        "client_msg_id": "67e7c109-7bf7-45fd-b80f-d4a03855e1a1",
        "type": "message",
        "text": "hi, I have been waiting for a few moments now",
        "user": "U010M13U1FS",
        "ts": "1586309511.012100",
        "team": "T0105GKDN1H",
        "user_team": "T0105GKDN1H",
        "source_team": "T0105GKDN1H",
        "user_profile": {
            "avatar_hash": "2a19df12c2ca",
            "image_72": "https:\/\/avatars.slack-edge.com\/2020-03-23\/1021043303312_2a19df12c2cac5943aeb_72.jpg",
            "first_name": "Joseph",
            "real_name": "Joseph Warren",
            "display_name": "Joseph Warren",
            "team": "T0105GKDN1H",
            "name": "joseph",
            "is_restricted": false,
            "is_ultra_restricted": false
        },
        "blocks": [
            {
                "type": "rich_text",
                "block_id": "h29d6",
                "elements": [
                    {
                        "type": "rich_text_section",
                        "elements": [
                            {
                                "type": "text",
                                "text": "hi, I have been waiting for a few moments now"
                            }
                        ]
                    }
                ]
            }
        ]
    },
    {
        "client_msg_id": "a4fdd039-2cfb-4081-9ee5-1afee775f0f1",
        "type": "message",
        "text": "Can you change your zoom name to your full name? <@U010M13U1FS>",
        "user": "U010LEW4XPX",
        "ts": "1586309541.012600",
        "team": "T0105GKDN1H",
        "user_team": "T0105GKDN1H",
        "source_team": "T0105GKDN1H",
        "user_profile": {
            "avatar_hash": "g15b31306bf8",
            "image_72": "https:\/\/secure.gravatar.com\/avatar\/15b31306bf891aa1da33301277c37bc4.jpg?s=72&d=https%3A%2F%2Fa.slack-edge.com%2Fdf10d%2Fimg%2Favatars%2Fava_0008-72.png",
            "first_name": "",
            "real_name": "michaelpopedeveloper",
            "display_name": "michaelpopedeveloper",
            "team": "T0105GKDN1H",
            "name": "michaelpopedeveloper",
            "is_restricted": false,
            "is_ultra_restricted": false
        },
        "blocks": [
            {
                "type": "rich_text",
                "block_id": "tMGCd",
                "elements": [
                    {
                        "type": "rich_text_section",
                        "elements": [
                            {
                                "type": "text",
                                "text": "Can you change your zoom name to your full name? "
                            },
                            {
                                "type": "user",
                                "user_id": "U010M13U1FS"
                            }
                        ]
                    }
                ]
            }
        ],
        "reactions": [
            {
                "name": "+1",
                "users": [
                    "U010M13U1FS"
                ],
                "count": 1
            }
        ]
    },
    {
        "client_msg_id": "dddf8618-d746-4116-8492-5b8d1d23cf90",
        "type": "message",
        "text": "I will add you to the class now",
        "user": "U010LEW4XPX",
        "ts": "1586309548.012800",
        "team": "T0105GKDN1H",
        "user_team": "T0105GKDN1H",
        "source_team": "T0105GKDN1H",
        "user_profile": {
            "avatar_hash": "g15b31306bf8",
            "image_72": "https:\/\/secure.gravatar.com\/avatar\/15b31306bf891aa1da33301277c37bc4.jpg?s=72&d=https%3A%2F%2Fa.slack-edge.com%2Fdf10d%2Fimg%2Favatars%2Fava_0008-72.png",
            "first_name": "",
            "real_name": "michaelpopedeveloper",
            "display_name": "michaelpopedeveloper",
            "team": "T0105GKDN1H",
            "name": "michaelpopedeveloper",
            "is_restricted": false,
            "is_ultra_restricted": false
        },
        "blocks": [
            {
                "type": "rich_text",
                "block_id": "SPs10",
                "elements": [
                    {
                        "type": "rich_text_section",
                        "elements": [
                            {
                                "type": "text",
                                "text": "I will add you to the class now"
                            }
                        ]
                    }
                ]
            }
        ]
    },
    {
        "client_msg_id": "81b348ad-2a09-4a2d-a8e0-97988cd63a49",
        "type": "message",
        "text": "Waiting as well.",
        "user": "U010AP9JH4Z",
        "ts": "1586309577.013400",
        "team": "T0105GKDN1H",
        "user_team": "T0105GKDN1H",
        "source_team": "T0105GKDN1H",
        "user_profile": {
            "avatar_hash": "16a093b0a61e",
            "image_72": "https:\/\/avatars.slack-edge.com\/2020-03-28\/1033178107317_16a093b0a61e962de046_72.jpg",
            "first_name": "Rey",
            "real_name": "Rey Coronado",
            "display_name": "Rey Coronado",
            "team": "T0105GKDN1H",
            "name": "rcorojr",
            "is_restricted": false,
            "is_ultra_restricted": false
        },
        "blocks": [
            {
                "type": "rich_text",
                "block_id": "2usC",
                "elements": [
                    {
                        "type": "rich_text_section",
                        "elements": [
                            {
                                "type": "text",
                                "text": "Waiting as well."
                            }
                        ]
                    }
                ]
            }
        ]
    },
    {
        "client_msg_id": "b1af360b-7f65-4b93-a6c6-2e34fdb8d582",
        "type": "message",
        "text": "<@U010AP9JH4Z> I added you as well",
        "user": "U010LEW4XPX",
        "ts": "1586309628.014000",
        "team": "T0105GKDN1H",
        "user_team": "T0105GKDN1H",
        "source_team": "T0105GKDN1H",
        "user_profile": {
            "avatar_hash": "g15b31306bf8",
            "image_72": "https:\/\/secure.gravatar.com\/avatar\/15b31306bf891aa1da33301277c37bc4.jpg?s=72&d=https%3A%2F%2Fa.slack-edge.com%2Fdf10d%2Fimg%2Favatars%2Fava_0008-72.png",
            "first_name": "",
            "real_name": "michaelpopedeveloper",
            "display_name": "michaelpopedeveloper",
            "team": "T0105GKDN1H",
            "name": "michaelpopedeveloper",
            "is_restricted": false,
            "is_ultra_restricted": false
        },
        "blocks": [
            {
                "type": "rich_text",
                "block_id": "ziMn",
                "elements": [
                    {
                        "type": "rich_text_section",
                        "elements": [
                            {
                                "type": "user",
                                "user_id": "U010AP9JH4Z"
                            },
                            {
                                "type": "text",
                                "text": " I added you as well"
                            }
                        ]
                    }
                ]
            }
        ],
        "reactions": [
            {
                "name": "thumbsup_all",
                "users": [
                    "U010AP9JH4Z"
                ],
                "count": 1
            }
        ]
    },
    {
        "client_msg_id": "b8dc0f0f-6d75-405d-8ada-1f75191275b5",
        "type": "message",
        "text": "We have a class group chat using",
        "user": "U010H28N18S",
        "ts": "1586309716.014500",
        "team": "T0105GKDN1H",
        "user_team": "T0105GKDN1H",
        "source_team": "T0105GKDN1H",
        "user_profile": {
            "avatar_hash": "84fd88e6f1cb",
            "image_72": "https:\/\/avatars.slack-edge.com\/2020-03-26\/1029561083269_84fd88e6f1cb30ca3348_72.jpg",
            "first_name": "Christine",
            "real_name": "Christine Munoz",
            "display_name": "Christine",
            "team": "T0105GKDN1H",
            "name": "christinezzy5",
            "is_restricted": false,
            "is_ultra_restricted": false
        },
        "blocks": [
            {
                "type": "rich_text",
                "block_id": "K2qEF",
                "elements": [
                    {
                        "type": "rich_text_section",
                        "elements": [
                            {
                                "type": "text",
                                "text": "We have a class group chat using"
                            }
                        ]
                    }
                ]
            }
        ]
    },
    {
        "client_msg_id": "2711c036-6092-46f8-868e-ee2699d2152e",
        "type": "message",
        "text": "^",
        "user": "U010APCDU9F",
        "ts": "1586309723.014700",
        "team": "T0105GKDN1H",
        "user_team": "T0105GKDN1H",
        "source_team": "T0105GKDN1H",
        "user_profile": {
            "avatar_hash": "d44fbe708fa1",
            "image_72": "https:\/\/avatars.slack-edge.com\/2020-03-23\/1020879238357_d44fbe708fa1409cd3b9_72.jpg",
            "first_name": "",
            "real_name": "Eric Z",
            "display_name": "Eric Z",
            "team": "T0105GKDN1H",
            "name": "swissbizz88",
            "is_restricted": false,
            "is_ultra_restricted": false
        },
        "blocks": [
            {
                "type": "rich_text",
                "block_id": "pRb9C",
                "elements": [
                    {
                        "type": "rich_text_section",
                        "elements": [
                            {
                                "type": "text",
                                "text": "^"
                            }
                        ]
                    }
                ]
            }
        ]
    },
    {
        "client_msg_id": "64df020d-d398-45f5-99bc-cce7cab29f32",
        "type": "message",
        "text": "Where is the group chat?",
        "user": "U010T8GS82C",
        "ts": "1586309809.015400",
        "team": "T0105GKDN1H",
        "user_team": "T0105GKDN1H",
        "source_team": "T0105GKDN1H",
        "user_profile": {
            "avatar_hash": "6ef50089cc81",
            "image_72": "https:\/\/avatars.slack-edge.com\/2020-04-02\/1034222731234_6ef50089cc815ab375b5_72.jpg",
            "first_name": "",
            "real_name": "Mauricio Gutierrez",
            "display_name": "",
            "team": "T0105GKDN1H",
            "name": "mauriciogtrz",
            "is_restricted": false,
            "is_ultra_restricted": false
        },
        "blocks": [
            {
                "type": "rich_text",
                "block_id": "p64O",
                "elements": [
                    {
                        "type": "rich_text_section",
                        "elements": [
                            {
                                "type": "text",
                                "text": "Where is the group chat?"
                            }
                        ]
                    }
                ]
            }
        ]
    },
    {
        "client_msg_id": "2adfcf22-1233-4003-a5ba-a8883dff81f4",
        "type": "message",
        "text": "we have discord",
        "user": "U010KG4F57W",
        "ts": "1586309852.015800",
        "team": "T0105GKDN1H",
        "user_team": "T0105GKDN1H",
        "source_team": "T0105GKDN1H",
        "user_profile": {
            "avatar_hash": "499eac0d340b",
            "image_72": "https:\/\/avatars.slack-edge.com\/2020-03-23\/1022568785783_499eac0d340bd5faa6c9_72.jpg",
            "first_name": "",
            "real_name": "Eddie Kim",
            "display_name": "Eddie Kim",
            "team": "T0105GKDN1H",
            "name": "eddienakkim",
            "is_restricted": false,
            "is_ultra_restricted": false
        },
        "blocks": [
            {
                "type": "rich_text",
                "block_id": "uP=",
                "elements": [
                    {
                        "type": "rich_text_section",
                        "elements": [
                            {
                                "type": "text",
                                "text": "we have discord"
                            }
                        ]
                    }
                ]
            }
        ],
        "reactions": [
            {
                "name": "+1",
                "users": [
                    "U010T8GS82C",
                    "U010Y90H4T0"
                ],
                "count": 2
            }
        ]
    },
    {
        "client_msg_id": "585c76be-7a43-429f-9735-d18f1c16a836",
        "type": "message",
        "text": "<https:\/\/discord.gg\/xHjJQM>",
        "user": "U010KG4F57W",
        "ts": "1586309897.016100",
        "team": "T0105GKDN1H",
        "user_team": "T0105GKDN1H",
        "source_team": "T0105GKDN1H",
        "user_profile": {
            "avatar_hash": "499eac0d340b",
            "image_72": "https:\/\/avatars.slack-edge.com\/2020-03-23\/1022568785783_499eac0d340bd5faa6c9_72.jpg",
            "first_name": "",
            "real_name": "Eddie Kim",
            "display_name": "Eddie Kim",
            "team": "T0105GKDN1H",
            "name": "eddienakkim",
            "is_restricted": false,
            "is_ultra_restricted": false
        },
        "attachments": [
            {
                "service_name": "Discord",
                "title": "Join the UCLA Coding 2020 Discord Server!",
                "title_link": "https:\/\/discord.gg\/xHjJQM",
                "text": "Check out the UCLA Coding 2020 community on Discord - hang out with 15 other members and enjoy free voice and text chat.",
                "fallback": "Discord: Join the UCLA Coding 2020 Discord Server!",
                "image_url": "https:\/\/cdn.discordapp.com\/icons\/693525957168070666\/d157b571b8b669baba58b91e3825ed5d.jpg?size=256",
                "image_width": 250,
                "image_height": 250,
                "from_url": "https:\/\/discord.gg\/xHjJQM",
                "image_bytes": 9022,
                "service_icon": "https:\/\/discordapp.com\/assets\/07dca80a102d4149e9736d4b162cff6f.ico",
                "id": 1,
                "original_url": "https:\/\/discord.gg\/xHjJQM"
            }
        ],
        "blocks": [
            {
                "type": "rich_text",
                "block_id": "87x5",
                "elements": [
                    {
                        "type": "rich_text_section",
                        "elements": [
                            {
                                "type": "link",
                                "url": "https:\/\/discord.gg\/xHjJQM"
                            }
                        ]
                    }
                ]
            }
        ]
    },
    {
        "client_msg_id": "9e68889f-8098-4875-a53e-65e88ac6712f",
        "type": "message",
        "text": "I love W3 - <https:\/\/www.w3schools.com\/html\/html5_semantic_elements.asp>",
        "user": "U010AJPBC3B",
        "ts": "1586310181.016400",
        "team": "T0105GKDN1H",
        "user_team": "T0105GKDN1H",
        "source_team": "T0105GKDN1H",
        "user_profile": {
            "avatar_hash": "a7accc11904a",
            "image_72": "https:\/\/avatars.slack-edge.com\/2020-03-31\/1039823854836_a7accc11904a7e79e199_72.png",
            "first_name": "Krista",
            "real_name": "Krista Clarke",
            "display_name": "Krista C",
            "team": "T0105GKDN1H",
            "name": "kristaclarke82",
            "is_restricted": false,
            "is_ultra_restricted": false
        },
        "attachments": [
            {
                "title": "HTML Semantic Elements",
                "title_link": "https:\/\/www.w3schools.com\/html\/html5_semantic_elements.asp",
                "text": "Well organized and easy to understand Web building tutorials with lots of examples of how to use HTML, CSS, JavaScript, SQL, PHP, Python, Bootstrap, Java and XML.",
                "fallback": "HTML Semantic Elements",
                "from_url": "https:\/\/www.w3schools.com\/html\/html5_semantic_elements.asp",
                "service_icon": "https:\/\/www.w3schools.com\/favicon.ico",
                "service_name": "w3schools.com",
                "id": 1,
                "original_url": "https:\/\/www.w3schools.com\/html\/html5_semantic_elements.asp"
            }
        ],
        "blocks": [
            {
                "type": "rich_text",
                "block_id": "5\/=",
                "elements": [
                    {
                        "type": "rich_text_section",
                        "elements": [
                            {
                                "type": "text",
                                "text": "I love W3 - "
                            },
                            {
                                "type": "link",
                                "url": "https:\/\/www.w3schools.com\/html\/html5_semantic_elements.asp"
                            }
                        ]
                    }
                ]
            }
        ],
        "reactions": [
            {
                "name": "star2",
                "users": [
                    "U010KG4F57W",
                    "U010LEW7V2R",
                    "U010Y90H4T0"
                ],
                "count": 3
            }
        ]
    },
    {
        "client_msg_id": "b8983c46-53f5-4289-b89a-1628ca24ee66",
        "type": "message",
        "text": "afk",
        "user": "U0109GZP6HH",
        "ts": "1586310705.016900",
        "team": "T0105GKDN1H",
        "user_team": "T0105GKDN1H",
        "source_team": "T0105GKDN1H",
        "user_profile": {
            "avatar_hash": "dcfd7b601289",
            "image_72": "https:\/\/avatars.slack-edge.com\/2020-03-27\/1034775747879_dcfd7b601289e2bf7f73_72.jpg",
            "first_name": "",
            "real_name": "Jessica Vaiana-Cavanagh",
            "display_name": "Jessica Vaiana-Cavanagh",
            "team": "T0105GKDN1H",
            "name": "jessica.vaicav",
            "is_restricted": false,
            "is_ultra_restricted": false
        },
        "blocks": [
            {
                "type": "rich_text",
                "block_id": "ODP",
                "elements": [
                    {
                        "type": "rich_text_section",
                        "elements": [
                            {
                                "type": "text",
                                "text": "afk"
                            }
                        ]
                    }
                ]
            }
        ]
    },
    {
        "type": "message",
        "text": "",
        "files": [
            {
                "id": "F011HCT5ACV",
                "created": 1586290434,
                "timestamp": 1586290434,
                "name": "01-Hack-Websites.zip",
                "title": "01-Hack-Websites.zip",
                "mimetype": "application\/zip",
                "filetype": "zip",
                "pretty_type": "Zip",
                "user": "U010Y90H4T0",
                "editable": false,
                "size": 581,
                "mode": "hosted",
                "is_external": false,
                "external_type": "",
                "is_public": true,
                "public_url_shared": false,
                "display_as_bot": false,
                "username": "",
                "url_private": "https:\/\/files.slack.com\/files-pri\/T0105GKDN1H-F011HCT5ACV\/01-hack-websites.zip?t=xoxe-1005563464051-1077300145892-1094973465936-b91b441389dd5f41adba77ce94586498",
                "url_private_download": "https:\/\/files.slack.com\/files-pri\/T0105GKDN1H-F011HCT5ACV\/download\/01-hack-websites.zip?t=xoxe-1005563464051-1077300145892-1094973465936-b91b441389dd5f41adba77ce94586498",
                "permalink": "https:\/\/uclavirtfsfpt-96r8630.slack.com\/files\/U010Y90H4T0\/F011HCT5ACV\/01-hack-websites.zip",
                "permalink_public": "https:\/\/slack-files.com\/T0105GKDN1H-F011HCT5ACV-998cf961b0",
                "is_starred": false,
                "has_rich_preview": false
            }
        ],
        "upload": false,
        "user": "U010LEW7V2R",
        "display_as_bot": false,
        "ts": "1586311034.017100",
        "reactions": [
            {
                "name": "star",
                "users": [
                    "U010ACLHD0R",
                    "U010KG4F57W",
                    "U010LEW4XPX"
                ],
                "count": 3
            }
        ]
    },
    {
        "type": "message",
        "text": "",
        "files": [
            {
                "id": "F011M1J7L3W",
                "created": 1586290481,
                "timestamp": 1586290481,
                "name": "02-ModifyOwnWebsites.zip",
                "title": "02-ModifyOwnWebsites.zip",
                "mimetype": "application\/zip",
                "filetype": "zip",
                "pretty_type": "Zip",
                "user": "U010Y90H4T0",
                "editable": false,
                "size": 613,
                "mode": "hosted",
                "is_external": false,
                "external_type": "",
                "is_public": true,
                "public_url_shared": false,
                "display_as_bot": false,
                "username": "",
                "url_private": "https:\/\/files.slack.com\/files-pri\/T0105GKDN1H-F011M1J7L3W\/02-modifyownwebsites.zip?t=xoxe-1005563464051-1077300145892-1094973465936-b91b441389dd5f41adba77ce94586498",
                "url_private_download": "https:\/\/files.slack.com\/files-pri\/T0105GKDN1H-F011M1J7L3W\/download\/02-modifyownwebsites.zip?t=xoxe-1005563464051-1077300145892-1094973465936-b91b441389dd5f41adba77ce94586498",
                "permalink": "https:\/\/uclavirtfsfpt-96r8630.slack.com\/files\/U010Y90H4T0\/F011M1J7L3W\/02-modifyownwebsites.zip",
                "permalink_public": "https:\/\/slack-files.com\/T0105GKDN1H-F011M1J7L3W-124c72bf03",
                "is_starred": false,
                "has_rich_preview": false
            }
        ],
        "upload": false,
        "user": "U010LEW7V2R",
        "display_as_bot": false,
        "ts": "1586312056.017800",
        "reactions": [
            {
                "name": "star",
                "users": [
                    "U010ACLHD0R"
                ],
                "count": 1
            }
        ]
    },
    {
        "type": "message",
        "text": "",
        "files": [
            {
                "id": "F011K4T35GR",
                "created": 1586290524,
                "timestamp": 1586290524,
                "name": "04-ResetCSS.zip",
                "title": "04-ResetCSS.zip",
                "mimetype": "application\/zip",
                "filetype": "zip",
                "pretty_type": "Zip",
                "user": "U010Y90H4T0",
                "editable": false,
                "size": 1477,
                "mode": "hosted",
                "is_external": false,
                "external_type": "",
                "is_public": true,
                "public_url_shared": false,
                "display_as_bot": false,
                "username": "",
                "url_private": "https:\/\/files.slack.com\/files-pri\/T0105GKDN1H-F011K4T35GR\/04-resetcss.zip?t=xoxe-1005563464051-1077300145892-1094973465936-b91b441389dd5f41adba77ce94586498",
                "url_private_download": "https:\/\/files.slack.com\/files-pri\/T0105GKDN1H-F011K4T35GR\/download\/04-resetcss.zip?t=xoxe-1005563464051-1077300145892-1094973465936-b91b441389dd5f41adba77ce94586498",
                "permalink": "https:\/\/uclavirtfsfpt-96r8630.slack.com\/files\/U010Y90H4T0\/F011K4T35GR\/04-resetcss.zip",
                "permalink_public": "https:\/\/slack-files.com\/T0105GKDN1H-F011K4T35GR-9839554586",
                "is_starred": false,
                "has_rich_preview": false
            }
        ],
        "upload": false,
        "user": "U010LEW7V2R",
        "display_as_bot": false,
        "ts": "1586314995.018900",
        "reactions": [
            {
                "name": "+1",
                "users": [
                    "U010KG4F57W",
                    "U010T8GS82C"
                ],
                "count": 2
            }
        ]
    },
    {
        "type": "message",
        "text": "",
        "files": [
            {
                "id": "F011BLWDT7Z",
                "created": 1586290571,
                "timestamp": 1586290571,
                "name": "05-GithubPagesPersonal.zip",
                "title": "05-GithubPagesPersonal.zip",
                "mimetype": "application\/zip",
                "filetype": "zip",
                "pretty_type": "Zip",
                "user": "U010Y90H4T0",
                "editable": false,
                "size": 1071,
                "mode": "hosted",
                "is_external": false,
                "external_type": "",
                "is_public": true,
                "public_url_shared": false,
                "display_as_bot": false,
                "username": "",
                "url_private": "https:\/\/files.slack.com\/files-pri\/T0105GKDN1H-F011BLWDT7Z\/05-githubpagespersonal.zip?t=xoxe-1005563464051-1077300145892-1094973465936-b91b441389dd5f41adba77ce94586498",
                "url_private_download": "https:\/\/files.slack.com\/files-pri\/T0105GKDN1H-F011BLWDT7Z\/download\/05-githubpagespersonal.zip?t=xoxe-1005563464051-1077300145892-1094973465936-b91b441389dd5f41adba77ce94586498",
                "permalink": "https:\/\/uclavirtfsfpt-96r8630.slack.com\/files\/U010Y90H4T0\/F011BLWDT7Z\/05-githubpagespersonal.zip",
                "permalink_public": "https:\/\/slack-files.com\/T0105GKDN1H-F011BLWDT7Z-5927b0a4b3",
                "is_starred": false,
                "has_rich_preview": false
            }
        ],
        "upload": false,
        "user": "U010LEW7V2R",
        "display_as_bot": false,
        "ts": "1586316150.019400"
    },
    {
        "type": "message",
        "text": "",
        "files": [
            {
                "id": "F011BC1S94J",
                "created": 1586290615,
                "timestamp": 1586290615,
                "name": "06-GithubPagesProject.zip",
                "title": "06-GithubPagesProject.zip",
                "mimetype": "application\/zip",
                "filetype": "zip",
                "pretty_type": "Zip",
                "user": "U010Y90H4T0",
                "editable": false,
                "size": 1413,
                "mode": "hosted",
                "is_external": false,
                "external_type": "",
                "is_public": true,
                "public_url_shared": false,
                "display_as_bot": false,
                "username": "",
                "url_private": "https:\/\/files.slack.com\/files-pri\/T0105GKDN1H-F011BC1S94J\/06-githubpagesproject.zip?t=xoxe-1005563464051-1077300145892-1094973465936-b91b441389dd5f41adba77ce94586498",
                "url_private_download": "https:\/\/files.slack.com\/files-pri\/T0105GKDN1H-F011BC1S94J\/download\/06-githubpagesproject.zip?t=xoxe-1005563464051-1077300145892-1094973465936-b91b441389dd5f41adba77ce94586498",
                "permalink": "https:\/\/uclavirtfsfpt-96r8630.slack.com\/files\/U010Y90H4T0\/F011BC1S94J\/06-githubpagesproject.zip",
                "permalink_public": "https:\/\/slack-files.com\/T0105GKDN1H-F011BC1S94J-b4c92aadab",
                "is_starred": false,
                "has_rich_preview": false
            }
        ],
        "upload": false,
        "user": "U010LEW7V2R",
        "display_as_bot": false,
        "ts": "1586317577.019700"
    },
    {
        "client_msg_id": "14bce3ce-e917-4829-b5a7-2d1cc9b14599",
        "type": "message",
        "text": "Oh Im sorry ...goodnight:blush: all......",
        "user": "U010H28N18S",
        "ts": "1586321943.021200",
        "team": "T0105GKDN1H",
        "user_team": "T0105GKDN1H",
        "source_team": "T0105GKDN1H",
        "user_profile": {
            "avatar_hash": "84fd88e6f1cb",
            "image_72": "https:\/\/avatars.slack-edge.com\/2020-03-26\/1029561083269_84fd88e6f1cb30ca3348_72.jpg",
            "first_name": "Christine",
            "real_name": "Christine Munoz",
            "display_name": "Christine",
            "team": "T0105GKDN1H",
            "name": "christinezzy5",
            "is_restricted": false,
            "is_ultra_restricted": false
        },
        "blocks": [
            {
                "type": "rich_text",
                "block_id": "1js+D",
                "elements": [
                    {
                        "type": "rich_text_section",
                        "elements": [
                            {
                                "type": "text",
                                "text": "Oh Im sorry ...goodnight"
                            },
                            {
                                "type": "emoji",
                                "name": "blush"
                            },
                            {
                                "type": "text",
                                "text": " all......"
                            }
                        ]
                    }
                ]
            }
        ],
        "reactions": [
            {
                "name": "sleeping",
                "users": [
                    "U010LEW7V2R",
                    "U010LEW4XPX"
                ],
                "count": 2
            },
            {
                "name": "star2",
                "users": [
                    "U010Y90H4T0"
                ],
                "count": 1
            }
        ]
    },
    {
        "client_msg_id": "c1f89cea-9550-4a94-be9b-c2c5e0740276",
        "type": "message",
        "text": "It's okay! Have a good night!",
        "user": "U010LEW4XPX",
        "ts": "1586321985.021900",
        "team": "T0105GKDN1H",
        "user_team": "T0105GKDN1H",
        "source_team": "T0105GKDN1H",
        "user_profile": {
            "avatar_hash": "g15b31306bf8",
            "image_72": "https:\/\/secure.gravatar.com\/avatar\/15b31306bf891aa1da33301277c37bc4.jpg?s=72&d=https%3A%2F%2Fa.slack-edge.com%2Fdf10d%2Fimg%2Favatars%2Fava_0008-72.png",
            "first_name": "",
            "real_name": "michaelpopedeveloper",
            "display_name": "michaelpopedeveloper",
            "team": "T0105GKDN1H",
            "name": "michaelpopedeveloper",
            "is_restricted": false,
            "is_ultra_restricted": false
        },
        "blocks": [
            {
                "type": "rich_text",
                "block_id": "R9NYq",
                "elements": [
                    {
                        "type": "rich_text_section",
                        "elements": [
                            {
                                "type": "text",
                                "text": "It's okay! Have a good night!"
                            }
                        ]
                    }
                ]
            }
        ],
        "reactions": [
            {
                "name": "star2",
                "users": [
                    "U010Y90H4T0",
                    "U010ACLHD0R"
                ],
                "count": 2
            }
        ]
    }
]