[
    {
        "client_msg_id": "a968d36c-7e17-4d66-8414-66d7eea646aa",
        "type": "message",
        "text": "Video for 4\/7\/2020:\n<https:\/\/codingbootcamp.hosted.panopto.com\/Panopto\/Pages\/Viewer.aspx?id=a758b3c5-a48c-4c35-ab05-ab97006acbf6>",
        "user": "U010Y90H4T0",
        "ts": "1586449561.024500",
        "team": "T0105GKDN1H",
        "user_team": "T0105GKDN1H",
        "source_team": "T0105GKDN1H",
        "user_profile": {
            "avatar_hash": "dab7da854ffb",
            "image_72": "https:\/\/avatars.slack-edge.com\/2020-03-27\/1017678411922_dab7da854ffb816e196d_72.jpg",
            "first_name": "Chris",
            "real_name": "Chris Murphy",
            "display_name": "Chris Murphy",
            "team": "T0105GKDN1H",
            "name": "christoph2005",
            "is_restricted": false,
            "is_ultra_restricted": false
        },
        "attachments": [
            {
                "service_name": "Panopto",
                "title": "Main Classroom",
                "title_link": "https:\/\/codingbootcamp.hosted.panopto.com\/Panopto\/Pages\/Viewer.aspx?id=a758b3c5-a48c-4c35-ab05-ab97006acbf6",
                "text": "Main Classroom",
                "fallback": "Panopto: Main Classroom",
                "thumb_url": "https:\/\/codingbootcamp.hosted.panopto.com\/Panopto\/Services\/FrameGrabber.svc\/FrameRedirect?objectId=a758b3c5-a48c-4c35-ab05-ab97006acbf6&mode=Delivery&random=0.671534620538137&usePng=False",
                "video_html_width": 800,
                "video_html_height": 600,
                "video_url": "https:\/\/codingbootcamp.hosted.panopto.com\/Panopto\/Podcast\/Social\/a758b3c5-a48c-4c35-ab05-ab97006acbf6.mp4?mediaTargetType=videoPodcast",
                "from_url": "https:\/\/codingbootcamp.hosted.panopto.com\/Panopto\/Pages\/Viewer.aspx?id=a758b3c5-a48c-4c35-ab05-ab97006acbf6",
                "thumb_width": 740,
                "thumb_height": 416,
                "id": 1,
                "original_url": "https:\/\/codingbootcamp.hosted.panopto.com\/Panopto\/Pages\/Viewer.aspx?id=a758b3c5-a48c-4c35-ab05-ab97006acbf6"
            }
        ],
        "blocks": [
            {
                "type": "rich_text",
                "block_id": "gHd1",
                "elements": [
                    {
                        "type": "rich_text_section",
                        "elements": [
                            {
                                "type": "text",
                                "text": "Video for 4\/7\/2020:\n"
                            },
                            {
                                "type": "link",
                                "url": "https:\/\/codingbootcamp.hosted.panopto.com\/Panopto\/Pages\/Viewer.aspx?id=a758b3c5-a48c-4c35-ab05-ab97006acbf6"
                            }
                        ]
                    }
                ]
            }
        ]
    },
    {
        "client_msg_id": "6298287f-fde0-4ebd-a55c-de079bf324d6",
        "type": "message",
        "text": "<https:\/\/uclax.bootcampcontent.com\/UCLA-Coding-Boot-Camp\/ucla-virt-fsf-pt-03-2020-u-lol\/blob\/master\/02-Week\/03-LectureSlides\/live-online-webdev-02-2-down-and-dirty-css.pdf|Lecture Slides for Today>:",
        "user": "U010Y90H4T0",
        "ts": "1586450989.025300",
        "team": "T0105GKDN1H",
        "user_team": "T0105GKDN1H",
        "source_team": "T0105GKDN1H",
        "user_profile": {
            "avatar_hash": "dab7da854ffb",
            "image_72": "https:\/\/avatars.slack-edge.com\/2020-03-27\/1017678411922_dab7da854ffb816e196d_72.jpg",
            "first_name": "Chris",
            "real_name": "Chris Murphy",
            "display_name": "Chris Murphy",
            "team": "T0105GKDN1H",
            "name": "christoph2005",
            "is_restricted": false,
            "is_ultra_restricted": false
        },
        "attachments": [
            {
                "service_name": "GitLab",
                "title": "Sign in",
                "title_link": "https:\/\/uclax.bootcampcontent.com\/UCLA-Coding-Boot-Camp\/ucla-virt-fsf-pt-03-2020-u-lol\/blob\/master\/02-Week\/03-LectureSlides\/live-online-webdev-02-2-down-and-dirty-css.pdf",
                "text": "GitLab Community Edition",
                "fallback": "GitLab: Sign in",
                "thumb_url": "https:\/\/uclax.bootcampcontent.com\/assets\/gitlab_logo-7ae504fe4f68fdebb3c2034e36621930cd36ea87924c11ff65dbcb8ed50dca58.png",
                "from_url": "https:\/\/uclax.bootcampcontent.com\/UCLA-Coding-Boot-Camp\/ucla-virt-fsf-pt-03-2020-u-lol\/blob\/master\/02-Week\/03-LectureSlides\/live-online-webdev-02-2-down-and-dirty-css.pdf",
                "thumb_width": 128,
                "thumb_height": 128,
                "service_icon": "https:\/\/uclax.bootcampcontent.com\/assets\/touch-icon-iphone-5a9cee0e8a51212e70b90c87c12f382c428870c0ff67d1eb034d884b78d2dae7.png",
                "id": 1,
                "original_url": "https:\/\/uclax.bootcampcontent.com\/UCLA-Coding-Boot-Camp\/ucla-virt-fsf-pt-03-2020-u-lol\/blob\/master\/02-Week\/03-LectureSlides\/live-online-webdev-02-2-down-and-dirty-css.pdf"
            }
        ],
        "blocks": [
            {
                "type": "rich_text",
                "block_id": "nff",
                "elements": [
                    {
                        "type": "rich_text_section",
                        "elements": [
                            {
                                "type": "link",
                                "url": "https:\/\/uclax.bootcampcontent.com\/UCLA-Coding-Boot-Camp\/ucla-virt-fsf-pt-03-2020-u-lol\/blob\/master\/02-Week\/03-LectureSlides\/live-online-webdev-02-2-down-and-dirty-css.pdf",
                                "text": "Lecture Slides for Today"
                            },
                            {
                                "type": "text",
                                "text": ":"
                            }
                        ]
                    }
                ]
            }
        ]
    },
    {
        "client_msg_id": "d9dcb859-884b-4c89-8745-3d8aaad77fd4",
        "type": "message",
        "text": "thank you!",
        "user": "U010AJPBC3B",
        "ts": "1586451006.025600",
        "team": "T0105GKDN1H",
        "user_team": "T0105GKDN1H",
        "source_team": "T0105GKDN1H",
        "user_profile": {
            "avatar_hash": "a7accc11904a",
            "image_72": "https:\/\/avatars.slack-edge.com\/2020-03-31\/1039823854836_a7accc11904a7e79e199_72.png",
            "first_name": "Krista",
            "real_name": "Krista Clarke",
            "display_name": "Krista C",
            "team": "T0105GKDN1H",
            "name": "kristaclarke82",
            "is_restricted": false,
            "is_ultra_restricted": false
        },
        "blocks": [
            {
                "type": "rich_text",
                "block_id": "o6h",
                "elements": [
                    {
                        "type": "rich_text_section",
                        "elements": [
                            {
                                "type": "text",
                                "text": "thank you!"
                            }
                        ]
                    }
                ]
            }
        ],
        "reactions": [
            {
                "name": "+1",
                "users": [
                    "U010Y90H4T0",
                    "U010H28N18S",
                    "U010KG4F57W",
                    "U010AP9JH4Z"
                ],
                "count": 4
            }
        ]
    },
    {
        "client_msg_id": "66151e74-aa00-407e-8ff9-e999cfdbf297",
        "type": "message",
        "text": "Classroom: <https:\/\/zoom.us\/j\/823356662>\nOffice Hours: 5:45 PDT",
        "user": "U010Y90H4T0",
        "ts": "1586479123.026400",
        "team": "T0105GKDN1H",
        "user_team": "T0105GKDN1H",
        "source_team": "T0105GKDN1H",
        "user_profile": {
            "avatar_hash": "dab7da854ffb",
            "image_72": "https:\/\/avatars.slack-edge.com\/2020-03-27\/1017678411922_dab7da854ffb816e196d_72.jpg",
            "first_name": "Chris",
            "real_name": "Chris Murphy",
            "display_name": "Chris Murphy",
            "team": "T0105GKDN1H",
            "name": "christoph2005",
            "is_restricted": false,
            "is_ultra_restricted": false
        },
        "blocks": [
            {
                "type": "rich_text",
                "block_id": "ZWz",
                "elements": [
                    {
                        "type": "rich_text_section",
                        "elements": [
                            {
                                "type": "text",
                                "text": "Classroom: "
                            },
                            {
                                "type": "link",
                                "url": "https:\/\/zoom.us\/j\/823356662"
                            },
                            {
                                "type": "text",
                                "text": "\nOffice Hours: 5:45 PDT"
                            }
                        ]
                    }
                ]
            }
        ]
    },
    {
        "client_msg_id": "9002c185-6667-4fd6-b2af-3225fb73e9c9",
        "type": "message",
        "text": "*OnLine Waiting Room*\n● Students must have their full name including first name and last in order to be\nadmitted.\n● Note: The Instructional team will monitor the Waiting Room at the start of office\nhours (5:45pm during the weekday and 9:15am on Saturdays) throughout the\nclass to admit students.",
        "user": "U010Y90H4T0",
        "ts": "1586479157.026600",
        "team": "T0105GKDN1H",
        "user_team": "T0105GKDN1H",
        "source_team": "T0105GKDN1H",
        "user_profile": {
            "avatar_hash": "dab7da854ffb",
            "image_72": "https:\/\/avatars.slack-edge.com\/2020-03-27\/1017678411922_dab7da854ffb816e196d_72.jpg",
            "first_name": "Chris",
            "real_name": "Chris Murphy",
            "display_name": "Chris Murphy",
            "team": "T0105GKDN1H",
            "name": "christoph2005",
            "is_restricted": false,
            "is_ultra_restricted": false
        },
        "blocks": [
            {
                "type": "rich_text",
                "block_id": "wbAz",
                "elements": [
                    {
                        "type": "rich_text_section",
                        "elements": [
                            {
                                "type": "text",
                                "text": "OnLine Waiting Room",
                                "style": {
                                    "bold": true
                                }
                            },
                            {
                                "type": "text",
                                "text": "\n● Students must have their full name including first name and last in order to be\nadmitted.\n● Note: The Instructional team will monitor the Waiting Room at the start of office\nhours (5:45pm during the weekday and 9:15am on Saturdays) throughout the\nclass to admit students."
                            }
                        ]
                    }
                ]
            }
        ]
    },
    {
        "client_msg_id": "a5763c77-60dc-4d50-8717-4b20d8209b61",
        "type": "message",
        "text": "In waiting room…",
        "user": "U010LJ07DTN",
        "ts": "1586481991.027700",
        "team": "T0105GKDN1H",
        "user_team": "T0105GKDN1H",
        "source_team": "T0105GKDN1H",
        "user_profile": {
            "avatar_hash": "2c52031105bc",
            "image_72": "https:\/\/avatars.slack-edge.com\/2020-03-23\/1009630606675_2c52031105bc8cd04410_72.jpg",
            "first_name": "",
            "real_name": "Juliana Hernandez",
            "display_name": "Juliana Hernandez",
            "team": "T0105GKDN1H",
            "name": "juliana88h",
            "is_restricted": false,
            "is_ultra_restricted": false
        },
        "blocks": [
            {
                "type": "rich_text",
                "block_id": "Vkd",
                "elements": [
                    {
                        "type": "rich_text_section",
                        "elements": [
                            {
                                "type": "text",
                                "text": "In waiting room…"
                            }
                        ]
                    }
                ]
            }
        ],
        "thread_ts": "1586481991.027700",
        "reply_count": 1,
        "reply_users_count": 1,
        "latest_reply": "1586482017.027800",
        "reply_users": [
            "U010LEW7V2R"
        ],
        "replies": [
            {
                "user": "U010LEW7V2R",
                "ts": "1586482017.027800"
            }
        ],
        "subscribed": false
    },
    {
        "client_msg_id": "a6aa30c3-e9fb-406b-a44d-0c1a0f009dad",
        "type": "message",
        "text": "Thank you :slightly_smiling_face:",
        "user": "U010LEW7V2R",
        "ts": "1586482017.027800",
        "team": "T0105GKDN1H",
        "user_team": "T0105GKDN1H",
        "source_team": "T0105GKDN1H",
        "user_profile": {
            "avatar_hash": "d3ca0dce327c",
            "image_72": "https:\/\/avatars.slack-edge.com\/2020-03-23\/1020683219136_d3ca0dce327cf88e2c77_72.jpg",
            "first_name": "Stacy",
            "real_name": "Stacy Keown",
            "display_name": "Stacy Keown",
            "team": "T0105GKDN1H",
            "name": "code",
            "is_restricted": false,
            "is_ultra_restricted": false
        },
        "blocks": [
            {
                "type": "rich_text",
                "block_id": "x5hEN",
                "elements": [
                    {
                        "type": "rich_text_section",
                        "elements": [
                            {
                                "type": "text",
                                "text": "Thank you "
                            },
                            {
                                "type": "emoji",
                                "name": "slightly_smiling_face"
                            }
                        ]
                    }
                ]
            }
        ],
        "thread_ts": "1586481991.027700",
        "parent_user_id": "U010LJ07DTN",
        "reactions": [
            {
                "name": "thankyou",
                "users": [
                    "U010LJ07DTN"
                ],
                "count": 1
            }
        ]
    },
    {
        "client_msg_id": "76b57926-99c0-46a4-a1b9-6632b4e40b8d",
        "type": "message",
        "text": "same",
        "user": "U010M34SKMK",
        "ts": "1586482206.028300",
        "team": "T0105GKDN1H",
        "user_team": "T0105GKDN1H",
        "source_team": "T0105GKDN1H",
        "user_profile": {
            "avatar_hash": "0122aab1c9b1",
            "image_72": "https:\/\/avatars.slack-edge.com\/2020-03-23\/1009660365315_0122aab1c9b12475e96c_72.jpg",
            "first_name": "",
            "real_name": "Caroline Lester",
            "display_name": "Caroline Lester",
            "team": "T0105GKDN1H",
            "name": "carolineclester",
            "is_restricted": false,
            "is_ultra_restricted": false
        },
        "blocks": [
            {
                "type": "rich_text",
                "block_id": "6Fo",
                "elements": [
                    {
                        "type": "rich_text_section",
                        "elements": [
                            {
                                "type": "text",
                                "text": "same"
                            }
                        ]
                    }
                ]
            }
        ]
    },
    {
        "type": "message",
        "text": "",
        "files": [
            {
                "id": "F011KLFKE6P",
                "created": 1586475569,
                "timestamp": 1586475569,
                "name": "07-CSSTypography.zip",
                "title": "07-CSSTypography.zip",
                "mimetype": "application\/zip",
                "filetype": "zip",
                "pretty_type": "Zip",
                "user": "U010Y90H4T0",
                "editable": false,
                "size": 1810,
                "mode": "hosted",
                "is_external": false,
                "external_type": "",
                "is_public": true,
                "public_url_shared": false,
                "display_as_bot": false,
                "username": "",
                "url_private": "https:\/\/files.slack.com\/files-pri\/T0105GKDN1H-F011KLFKE6P\/07-csstypography.zip?t=xoxe-1005563464051-1077300145892-1094973465936-b91b441389dd5f41adba77ce94586498",
                "url_private_download": "https:\/\/files.slack.com\/files-pri\/T0105GKDN1H-F011KLFKE6P\/download\/07-csstypography.zip?t=xoxe-1005563464051-1077300145892-1094973465936-b91b441389dd5f41adba77ce94586498",
                "permalink": "https:\/\/uclavirtfsfpt-96r8630.slack.com\/files\/U010Y90H4T0\/F011KLFKE6P\/07-csstypography.zip",
                "permalink_public": "https:\/\/slack-files.com\/T0105GKDN1H-F011KLFKE6P-d600023e85",
                "is_starred": false,
                "has_rich_preview": false
            }
        ],
        "upload": false,
        "user": "U010LEW7V2R",
        "display_as_bot": false,
        "ts": "1586483007.028400",
        "reactions": [
            {
                "name": "star",
                "users": [
                    "U010ACLHD0R"
                ],
                "count": 1
            }
        ]
    },
    {
        "type": "message",
        "text": "",
        "files": [
            {
                "id": "F011MLF1B0V",
                "created": 1586475573,
                "timestamp": 1586475573,
                "name": "08-GoogleFontDemo.zip",
                "title": "08-GoogleFontDemo.zip",
                "mimetype": "application\/zip",
                "filetype": "zip",
                "pretty_type": "Zip",
                "user": "U010Y90H4T0",
                "editable": false,
                "size": 1700,
                "mode": "hosted",
                "is_external": false,
                "external_type": "",
                "is_public": true,
                "public_url_shared": false,
                "display_as_bot": false,
                "username": "",
                "url_private": "https:\/\/files.slack.com\/files-pri\/T0105GKDN1H-F011MLF1B0V\/08-googlefontdemo.zip?t=xoxe-1005563464051-1077300145892-1094973465936-b91b441389dd5f41adba77ce94586498",
                "url_private_download": "https:\/\/files.slack.com\/files-pri\/T0105GKDN1H-F011MLF1B0V\/download\/08-googlefontdemo.zip?t=xoxe-1005563464051-1077300145892-1094973465936-b91b441389dd5f41adba77ce94586498",
                "permalink": "https:\/\/uclavirtfsfpt-96r8630.slack.com\/files\/U010Y90H4T0\/F011MLF1B0V\/08-googlefontdemo.zip",
                "permalink_public": "https:\/\/slack-files.com\/T0105GKDN1H-F011MLF1B0V-c4108310a3",
                "is_starred": false,
                "has_rich_preview": false
            }
        ],
        "upload": false,
        "user": "U010LEW7V2R",
        "display_as_bot": false,
        "ts": "1586483979.028800"
    },
    {
        "client_msg_id": "9b755dc6-5cdc-4adb-a7e7-d076beea708e",
        "type": "message",
        "text": "<https:\/\/css-tricks.com\/css-basics-fallback-font-stacks-robust-web-typography\/>",
        "user": "U010NLX5YVD",
        "ts": "1586484799.029200",
        "team": "T0105GKDN1H",
        "user_team": "T0105GKDN1H",
        "source_team": "T0105GKDN1H",
        "user_profile": {
            "avatar_hash": "g1146ac96ea0",
            "image_72": "https:\/\/secure.gravatar.com\/avatar\/1146ac96ea01d01b2cda88e5d9c36cc3.jpg?s=72&d=https%3A%2F%2Fa.slack-edge.com%2Fdf10d%2Fimg%2Favatars%2Fava_0013-72.png",
            "first_name": "",
            "real_name": "Michael Hoffman",
            "display_name": "",
            "team": "T0105GKDN1H",
            "name": "maaronhoffman",
            "is_restricted": false,
            "is_ultra_restricted": false
        },
        "attachments": [
            {
                "service_name": "CSS-Tricks",
                "title": "CSS Basics: Fallback Font Stacks for More Robust Web Typography | CSS-Tricks",
                "title_link": "https:\/\/css-tricks.com\/css-basics-fallback-font-stacks-robust-web-typography\/",
                "text": "In CSS, you might see a ruleset like this: html { font-family: Lato, \"Lucida Grande\", Tahoma, Sans-Serif; } What the heck, right? Why don't I just tell it",
                "fallback": "CSS-Tricks: CSS Basics: Fallback Font Stacks for More Robust Web Typography | CSS-Tricks",
                "thumb_url": "https:\/\/css-tricks.com\/wp-content\/uploads\/2018\/02\/google-fonts.png",
                "ts": 1518793537,
                "from_url": "https:\/\/css-tricks.com\/css-basics-fallback-font-stacks-robust-web-typography\/",
                "thumb_width": 1194,
                "thumb_height": 1066,
                "service_icon": "https:\/\/css-tricks.com\/apple-touch-icon.png",
                "id": 1,
                "original_url": "https:\/\/css-tricks.com\/css-basics-fallback-font-stacks-robust-web-typography\/"
            }
        ],
        "blocks": [
            {
                "type": "rich_text",
                "block_id": "Cl2Zq",
                "elements": [
                    {
                        "type": "rich_text_section",
                        "elements": [
                            {
                                "type": "link",
                                "url": "https:\/\/css-tricks.com\/css-basics-fallback-font-stacks-robust-web-typography\/"
                            }
                        ]
                    }
                ]
            }
        ],
        "thread_ts": "1586484799.029200",
        "reply_count": 1,
        "reply_users_count": 1,
        "latest_reply": "1586484829.029600",
        "reply_users": [
            "U010L2Z8M7F"
        ],
        "replies": [
            {
                "user": "U010L2Z8M7F",
                "ts": "1586484829.029600"
            }
        ],
        "subscribed": false,
        "reactions": [
            {
                "name": "star",
                "users": [
                    "U010ACLHD0R"
                ],
                "count": 1
            },
            {
                "name": "star2",
                "users": [
                    "U010L2Z8M7F"
                ],
                "count": 1
            },
            {
                "name": "+1",
                "users": [
                    "U010AJPBC3B"
                ],
                "count": 1
            }
        ]
    },
    {
        "client_msg_id": "30559d93-6b7f-4f9e-892b-c132800e75b9",
        "type": "message",
        "text": "Thank you!",
        "user": "U010L2Z8M7F",
        "ts": "1586484829.029600",
        "team": "T0105GKDN1H",
        "user_team": "T0105GKDN1H",
        "source_team": "T0105GKDN1H",
        "user_profile": {
            "avatar_hash": "d530d6a49334",
            "image_72": "https:\/\/avatars.slack-edge.com\/2020-03-23\/1010225799969_d530d6a493349354556a_72.jpg",
            "first_name": "",
            "real_name": "Mark Fullton",
            "display_name": "Mark Fullton",
            "team": "T0105GKDN1H",
            "name": "the.mark.fullton",
            "is_restricted": false,
            "is_ultra_restricted": false
        },
        "blocks": [
            {
                "type": "rich_text",
                "block_id": "o24E",
                "elements": [
                    {
                        "type": "rich_text_section",
                        "elements": [
                            {
                                "type": "text",
                                "text": "Thank you!"
                            }
                        ]
                    }
                ]
            }
        ],
        "thread_ts": "1586484799.029200",
        "parent_user_id": "U010NLX5YVD"
    },
    {
        "type": "message",
        "text": "",
        "files": [
            {
                "id": "F011J81CKQE",
                "created": 1586475578,
                "timestamp": 1586475578,
                "name": "09-Pseudoclass.zip",
                "title": "09-Pseudoclass.zip",
                "mimetype": "application\/zip",
                "filetype": "zip",
                "pretty_type": "Zip",
                "user": "U010Y90H4T0",
                "editable": false,
                "size": 721,
                "mode": "hosted",
                "is_external": false,
                "external_type": "",
                "is_public": true,
                "public_url_shared": false,
                "display_as_bot": false,
                "username": "",
                "url_private": "https:\/\/files.slack.com\/files-pri\/T0105GKDN1H-F011J81CKQE\/09-pseudoclass.zip?t=xoxe-1005563464051-1077300145892-1094973465936-b91b441389dd5f41adba77ce94586498",
                "url_private_download": "https:\/\/files.slack.com\/files-pri\/T0105GKDN1H-F011J81CKQE\/download\/09-pseudoclass.zip?t=xoxe-1005563464051-1077300145892-1094973465936-b91b441389dd5f41adba77ce94586498",
                "permalink": "https:\/\/uclavirtfsfpt-96r8630.slack.com\/files\/U010Y90H4T0\/F011J81CKQE\/09-pseudoclass.zip",
                "permalink_public": "https:\/\/slack-files.com\/T0105GKDN1H-F011J81CKQE-39f7bd8fd8",
                "is_starred": false,
                "has_rich_preview": false
            }
        ],
        "upload": false,
        "user": "U010LEW7V2R",
        "display_as_bot": false,
        "ts": "1586486860.029900",
        "reactions": [
            {
                "name": "+1",
                "users": [
                    "U010ACLHD0R"
                ],
                "count": 1
            }
        ]
    },
    {
        "type": "message",
        "text": "",
        "files": [
            {
                "id": "F011J81E4LE",
                "created": 1586475584,
                "timestamp": 1586475584,
                "name": "10-WheresCSS.zip",
                "title": "10-WheresCSS.zip",
                "mimetype": "application\/zip",
                "filetype": "zip",
                "pretty_type": "Zip",
                "user": "U010Y90H4T0",
                "editable": false,
                "size": 1944,
                "mode": "hosted",
                "is_external": false,
                "external_type": "",
                "is_public": true,
                "public_url_shared": false,
                "display_as_bot": false,
                "username": "",
                "url_private": "https:\/\/files.slack.com\/files-pri\/T0105GKDN1H-F011J81E4LE\/10-wherescss.zip?t=xoxe-1005563464051-1077300145892-1094973465936-b91b441389dd5f41adba77ce94586498",
                "url_private_download": "https:\/\/files.slack.com\/files-pri\/T0105GKDN1H-F011J81E4LE\/download\/10-wherescss.zip?t=xoxe-1005563464051-1077300145892-1094973465936-b91b441389dd5f41adba77ce94586498",
                "permalink": "https:\/\/uclavirtfsfpt-96r8630.slack.com\/files\/U010Y90H4T0\/F011J81E4LE\/10-wherescss.zip",
                "permalink_public": "https:\/\/slack-files.com\/T0105GKDN1H-F011J81E4LE-4a91a724f8",
                "is_starred": false,
                "has_rich_preview": false
            }
        ],
        "upload": false,
        "user": "U010LEW7V2R",
        "display_as_bot": false,
        "ts": "1586488349.030300",
        "reactions": [
            {
                "name": "+1",
                "users": [
                    "U010PSR7BT6",
                    "U0107MTT526",
                    "U010T8GS82C"
                ],
                "count": 3
            }
        ]
    },
    {
        "type": "message",
        "text": "",
        "files": [
            {
                "id": "F011J81S0R4",
                "created": 1586475637,
                "timestamp": 1586475637,
                "name": "11-BootstrapDemo.zip",
                "title": "11-BootstrapDemo.zip",
                "mimetype": "application\/zip",
                "filetype": "zip",
                "pretty_type": "Zip",
                "user": "U010Y90H4T0",
                "editable": false,
                "size": 1570,
                "mode": "hosted",
                "is_external": false,
                "external_type": "",
                "is_public": true,
                "public_url_shared": false,
                "display_as_bot": false,
                "username": "",
                "url_private": "https:\/\/files.slack.com\/files-pri\/T0105GKDN1H-F011J81S0R4\/11-bootstrapdemo.zip?t=xoxe-1005563464051-1077300145892-1094973465936-b91b441389dd5f41adba77ce94586498",
                "url_private_download": "https:\/\/files.slack.com\/files-pri\/T0105GKDN1H-F011J81S0R4\/download\/11-bootstrapdemo.zip?t=xoxe-1005563464051-1077300145892-1094973465936-b91b441389dd5f41adba77ce94586498",
                "permalink": "https:\/\/uclavirtfsfpt-96r8630.slack.com\/files\/U010Y90H4T0\/F011J81S0R4\/11-bootstrapdemo.zip",
                "permalink_public": "https:\/\/slack-files.com\/T0105GKDN1H-F011J81S0R4-bccb9beae6",
                "is_starred": false,
                "has_rich_preview": false
            }
        ],
        "upload": false,
        "user": "U010LEW7V2R",
        "display_as_bot": false,
        "ts": "1586489581.030900",
        "reactions": [
            {
                "name": "party_parrot",
                "users": [
                    "U010ACLHD0R"
                ],
                "count": 1
            }
        ]
    },
    {
        "type": "message",
        "text": "",
        "files": [
            {
                "id": "F011KUMM02F",
                "created": 1586490684,
                "timestamp": 1586490684,
                "name": "Screen Shot 2020-04-09 at 8.50.30 PM.png",
                "title": "Screen Shot 2020-04-09 at 8.50.30 PM.png",
                "mimetype": "image\/png",
                "filetype": "png",
                "pretty_type": "PNG",
                "user": "U010NLX5YVD",
                "editable": false,
                "size": 164753,
                "mode": "hosted",
                "is_external": false,
                "external_type": "",
                "is_public": true,
                "public_url_shared": false,
                "display_as_bot": false,
                "username": "",
                "url_private": "https:\/\/files.slack.com\/files-pri\/T0105GKDN1H-F011KUMM02F\/screen_shot_2020-04-09_at_8.50.30_pm.png?t=xoxe-1005563464051-1077300145892-1094973465936-b91b441389dd5f41adba77ce94586498",
                "url_private_download": "https:\/\/files.slack.com\/files-pri\/T0105GKDN1H-F011KUMM02F\/download\/screen_shot_2020-04-09_at_8.50.30_pm.png?t=xoxe-1005563464051-1077300145892-1094973465936-b91b441389dd5f41adba77ce94586498",
                "thumb_64": "https:\/\/files.slack.com\/files-tmb\/T0105GKDN1H-F011KUMM02F-902de690eb\/screen_shot_2020-04-09_at_8.50.30_pm_64.png?t=xoxe-1005563464051-1077300145892-1094973465936-b91b441389dd5f41adba77ce94586498",
                "thumb_80": "https:\/\/files.slack.com\/files-tmb\/T0105GKDN1H-F011KUMM02F-902de690eb\/screen_shot_2020-04-09_at_8.50.30_pm_80.png?t=xoxe-1005563464051-1077300145892-1094973465936-b91b441389dd5f41adba77ce94586498",
                "thumb_360": "https:\/\/files.slack.com\/files-tmb\/T0105GKDN1H-F011KUMM02F-902de690eb\/screen_shot_2020-04-09_at_8.50.30_pm_360.png?t=xoxe-1005563464051-1077300145892-1094973465936-b91b441389dd5f41adba77ce94586498",
                "thumb_360_w": 360,
                "thumb_360_h": 296,
                "thumb_480": "https:\/\/files.slack.com\/files-tmb\/T0105GKDN1H-F011KUMM02F-902de690eb\/screen_shot_2020-04-09_at_8.50.30_pm_480.png?t=xoxe-1005563464051-1077300145892-1094973465936-b91b441389dd5f41adba77ce94586498",
                "thumb_480_w": 480,
                "thumb_480_h": 394,
                "thumb_160": "https:\/\/files.slack.com\/files-tmb\/T0105GKDN1H-F011KUMM02F-902de690eb\/screen_shot_2020-04-09_at_8.50.30_pm_160.png?t=xoxe-1005563464051-1077300145892-1094973465936-b91b441389dd5f41adba77ce94586498",
                "thumb_720": "https:\/\/files.slack.com\/files-tmb\/T0105GKDN1H-F011KUMM02F-902de690eb\/screen_shot_2020-04-09_at_8.50.30_pm_720.png?t=xoxe-1005563464051-1077300145892-1094973465936-b91b441389dd5f41adba77ce94586498",
                "thumb_720_w": 720,
                "thumb_720_h": 592,
                "thumb_800": "https:\/\/files.slack.com\/files-tmb\/T0105GKDN1H-F011KUMM02F-902de690eb\/screen_shot_2020-04-09_at_8.50.30_pm_800.png?t=xoxe-1005563464051-1077300145892-1094973465936-b91b441389dd5f41adba77ce94586498",
                "thumb_800_w": 800,
                "thumb_800_h": 657,
                "original_w": 870,
                "original_h": 715,
                "thumb_tiny": "AwAnADCyLKIdC36Uj2kQAz5h+mKs1FOSDGQxA3c+\/FFxWRCLOE44l5p\/9nxer\/nSReakzh5Cwxx+dTb29aLhZERsYvVv0pPsMXq351a5wM9aSi4WQUjgEc44PeloIyMUDGAL6\/kKXCZ6mjZ70BOeTQA88CkowAMCigCv9sj\/ALr\/AKUG9jUZKv8ApVI96SX\/AFZoAt\/2hD6P+VH9oQ+j\/lWZRQBp\/wBoQ+j\/AJUf2hD6P+VZlFAH\/9k=",
                "permalink": "https:\/\/uclavirtfsfpt-96r8630.slack.com\/files\/U010NLX5YVD\/F011KUMM02F\/screen_shot_2020-04-09_at_8.50.30_pm.png",
                "permalink_public": "https:\/\/slack-files.com\/T0105GKDN1H-F011KUMM02F-10a3f61028",
                "is_starred": false,
                "has_rich_preview": false
            }
        ],
        "upload": true,
        "user": "U010NLX5YVD",
        "display_as_bot": false,
        "ts": "1586490686.031300",
        "client_msg_id": "5ef74163-b239-4ca1-9d00-f90eca3d33fa",
        "reactions": [
            {
                "name": "+1",
                "users": [
                    "U010ACLHD0R"
                ],
                "count": 1
            }
        ]
    },
    {
        "type": "message",
        "text": "",
        "files": [
            {
                "id": "F011K1KPR26",
                "created": 1586490766,
                "timestamp": 1586490766,
                "name": "bootstrapactivity.jpg",
                "title": "bootstrapactivity.jpg",
                "mimetype": "image\/jpeg",
                "filetype": "jpg",
                "pretty_type": "JPEG",
                "user": "U010PSR7BT6",
                "editable": false,
                "size": 310092,
                "mode": "hosted",
                "is_external": false,
                "external_type": "",
                "is_public": true,
                "public_url_shared": false,
                "display_as_bot": false,
                "username": "",
                "url_private": "https:\/\/files.slack.com\/files-pri\/T0105GKDN1H-F011K1KPR26\/bootstrapactivity.jpg?t=xoxe-1005563464051-1077300145892-1094973465936-b91b441389dd5f41adba77ce94586498",
                "url_private_download": "https:\/\/files.slack.com\/files-pri\/T0105GKDN1H-F011K1KPR26\/download\/bootstrapactivity.jpg?t=xoxe-1005563464051-1077300145892-1094973465936-b91b441389dd5f41adba77ce94586498",
                "thumb_64": "https:\/\/files.slack.com\/files-tmb\/T0105GKDN1H-F011K1KPR26-2c5a466953\/bootstrapactivity_64.jpg?t=xoxe-1005563464051-1077300145892-1094973465936-b91b441389dd5f41adba77ce94586498",
                "thumb_80": "https:\/\/files.slack.com\/files-tmb\/T0105GKDN1H-F011K1KPR26-2c5a466953\/bootstrapactivity_80.jpg?t=xoxe-1005563464051-1077300145892-1094973465936-b91b441389dd5f41adba77ce94586498",
                "thumb_360": "https:\/\/files.slack.com\/files-tmb\/T0105GKDN1H-F011K1KPR26-2c5a466953\/bootstrapactivity_360.jpg?t=xoxe-1005563464051-1077300145892-1094973465936-b91b441389dd5f41adba77ce94586498",
                "thumb_360_w": 360,
                "thumb_360_h": 203,
                "thumb_480": "https:\/\/files.slack.com\/files-tmb\/T0105GKDN1H-F011K1KPR26-2c5a466953\/bootstrapactivity_480.jpg?t=xoxe-1005563464051-1077300145892-1094973465936-b91b441389dd5f41adba77ce94586498",
                "thumb_480_w": 480,
                "thumb_480_h": 270,
                "thumb_160": "https:\/\/files.slack.com\/files-tmb\/T0105GKDN1H-F011K1KPR26-2c5a466953\/bootstrapactivity_160.jpg?t=xoxe-1005563464051-1077300145892-1094973465936-b91b441389dd5f41adba77ce94586498",
                "thumb_720": "https:\/\/files.slack.com\/files-tmb\/T0105GKDN1H-F011K1KPR26-2c5a466953\/bootstrapactivity_720.jpg?t=xoxe-1005563464051-1077300145892-1094973465936-b91b441389dd5f41adba77ce94586498",
                "thumb_720_w": 720,
                "thumb_720_h": 405,
                "thumb_800": "https:\/\/files.slack.com\/files-tmb\/T0105GKDN1H-F011K1KPR26-2c5a466953\/bootstrapactivity_800.jpg?t=xoxe-1005563464051-1077300145892-1094973465936-b91b441389dd5f41adba77ce94586498",
                "thumb_800_w": 800,
                "thumb_800_h": 450,
                "thumb_960": "https:\/\/files.slack.com\/files-tmb\/T0105GKDN1H-F011K1KPR26-2c5a466953\/bootstrapactivity_960.jpg?t=xoxe-1005563464051-1077300145892-1094973465936-b91b441389dd5f41adba77ce94586498",
                "thumb_960_w": 960,
                "thumb_960_h": 540,
                "thumb_1024": "https:\/\/files.slack.com\/files-tmb\/T0105GKDN1H-F011K1KPR26-2c5a466953\/bootstrapactivity_1024.jpg?t=xoxe-1005563464051-1077300145892-1094973465936-b91b441389dd5f41adba77ce94586498",
                "thumb_1024_w": 1024,
                "thumb_1024_h": 576,
                "original_w": 1920,
                "original_h": 1080,
                "thumb_tiny": "AwAbADC\/lfQfnTsf7NV2ukjukt9pOeC3v2qxn60AG0f3aNo\/u0ufY0Z9jQAmB\/doP+7S5PpQc4oATAyDgZHANN+ccbCcd8jmmW7s0KMxySOTUOoTSRLH5bFck5oAuLkjkYoxWQbufA\/eH8qf9qnyf3h6UAamKCOKyhdTkD94aRrufcR5hoA\/\/9k=",
                "permalink": "https:\/\/uclavirtfsfpt-96r8630.slack.com\/files\/U010PSR7BT6\/F011K1KPR26\/bootstrapactivity.jpg",
                "permalink_public": "https:\/\/slack-files.com\/T0105GKDN1H-F011K1KPR26-baa4135a2d",
                "is_starred": false,
                "has_rich_preview": false
            }
        ],
        "upload": true,
        "user": "U010PSR7BT6",
        "display_as_bot": false,
        "ts": "1586490771.031600",
        "client_msg_id": "f81315e6-932b-4025-bb57-04804c6a4820",
        "reactions": [
            {
                "name": "star",
                "users": [
                    "U010ACLHD0R"
                ],
                "count": 1
            }
        ]
    },
    {
        "type": "message",
        "text": "",
        "files": [
            {
                "id": "F011T702UQL",
                "created": 1586490807,
                "timestamp": 1586490807,
                "name": "Screen Shot 2020-04-09 at 8.51.54 PM.png",
                "title": "Screen Shot 2020-04-09 at 8.51.54 PM.png",
                "mimetype": "image\/png",
                "filetype": "png",
                "pretty_type": "PNG",
                "user": "U010T8GS82C",
                "editable": false,
                "size": 539945,
                "mode": "hosted",
                "is_external": false,
                "external_type": "",
                "is_public": true,
                "public_url_shared": false,
                "display_as_bot": false,
                "username": "",
                "url_private": "https:\/\/files.slack.com\/files-pri\/T0105GKDN1H-F011T702UQL\/screen_shot_2020-04-09_at_8.51.54_pm.png?t=xoxe-1005563464051-1077300145892-1094973465936-b91b441389dd5f41adba77ce94586498",
                "url_private_download": "https:\/\/files.slack.com\/files-pri\/T0105GKDN1H-F011T702UQL\/download\/screen_shot_2020-04-09_at_8.51.54_pm.png?t=xoxe-1005563464051-1077300145892-1094973465936-b91b441389dd5f41adba77ce94586498",
                "thumb_64": "https:\/\/files.slack.com\/files-tmb\/T0105GKDN1H-F011T702UQL-1ca869b216\/screen_shot_2020-04-09_at_8.51.54_pm_64.png?t=xoxe-1005563464051-1077300145892-1094973465936-b91b441389dd5f41adba77ce94586498",
                "thumb_80": "https:\/\/files.slack.com\/files-tmb\/T0105GKDN1H-F011T702UQL-1ca869b216\/screen_shot_2020-04-09_at_8.51.54_pm_80.png?t=xoxe-1005563464051-1077300145892-1094973465936-b91b441389dd5f41adba77ce94586498",
                "thumb_360": "https:\/\/files.slack.com\/files-tmb\/T0105GKDN1H-F011T702UQL-1ca869b216\/screen_shot_2020-04-09_at_8.51.54_pm_360.png?t=xoxe-1005563464051-1077300145892-1094973465936-b91b441389dd5f41adba77ce94586498",
                "thumb_360_w": 360,
                "thumb_360_h": 192,
                "thumb_480": "https:\/\/files.slack.com\/files-tmb\/T0105GKDN1H-F011T702UQL-1ca869b216\/screen_shot_2020-04-09_at_8.51.54_pm_480.png?t=xoxe-1005563464051-1077300145892-1094973465936-b91b441389dd5f41adba77ce94586498",
                "thumb_480_w": 480,
                "thumb_480_h": 256,
                "thumb_160": "https:\/\/files.slack.com\/files-tmb\/T0105GKDN1H-F011T702UQL-1ca869b216\/screen_shot_2020-04-09_at_8.51.54_pm_160.png?t=xoxe-1005563464051-1077300145892-1094973465936-b91b441389dd5f41adba77ce94586498",
                "thumb_720": "https:\/\/files.slack.com\/files-tmb\/T0105GKDN1H-F011T702UQL-1ca869b216\/screen_shot_2020-04-09_at_8.51.54_pm_720.png?t=xoxe-1005563464051-1077300145892-1094973465936-b91b441389dd5f41adba77ce94586498",
                "thumb_720_w": 720,
                "thumb_720_h": 384,
                "thumb_800": "https:\/\/files.slack.com\/files-tmb\/T0105GKDN1H-F011T702UQL-1ca869b216\/screen_shot_2020-04-09_at_8.51.54_pm_800.png?t=xoxe-1005563464051-1077300145892-1094973465936-b91b441389dd5f41adba77ce94586498",
                "thumb_800_w": 800,
                "thumb_800_h": 427,
                "thumb_960": "https:\/\/files.slack.com\/files-tmb\/T0105GKDN1H-F011T702UQL-1ca869b216\/screen_shot_2020-04-09_at_8.51.54_pm_960.png?t=xoxe-1005563464051-1077300145892-1094973465936-b91b441389dd5f41adba77ce94586498",
                "thumb_960_w": 960,
                "thumb_960_h": 512,
                "thumb_1024": "https:\/\/files.slack.com\/files-tmb\/T0105GKDN1H-F011T702UQL-1ca869b216\/screen_shot_2020-04-09_at_8.51.54_pm_1024.png?t=xoxe-1005563464051-1077300145892-1094973465936-b91b441389dd5f41adba77ce94586498",
                "thumb_1024_w": 1024,
                "thumb_1024_h": 546,
                "image_exif_rotation": 1,
                "original_w": 2858,
                "original_h": 1525,
                "thumb_tiny": "AwAZADC2suLgxM3OODnGT6VPtHqfzqjLaM04KbQu7cWz82avjpQAUUUUAFFFFAEa8t0I+oqSo1609fuigBaKKKACiiigD\/\/Z",
                "permalink": "https:\/\/uclavirtfsfpt-96r8630.slack.com\/files\/U010T8GS82C\/F011T702UQL\/screen_shot_2020-04-09_at_8.51.54_pm.png",
                "permalink_public": "https:\/\/slack-files.com\/T0105GKDN1H-F011T702UQL-a55b2e717f",
                "is_starred": false,
                "has_rich_preview": false
            }
        ],
        "upload": true,
        "user": "U010T8GS82C",
        "display_as_bot": false,
        "ts": "1586490810.031900",
        "client_msg_id": "13d259df-6558-4894-b277-046272bc558f",
        "reactions": [
            {
                "name": "+1",
                "users": [
                    "U010ACLHD0R"
                ],
                "count": 1
            }
        ]
    },
    {
        "type": "message",
        "text": "",
        "files": [
            {
                "id": "F011V8BNN1X",
                "created": 1586490797,
                "timestamp": 1586490797,
                "name": "BootstrapPractice.png",
                "title": "BootstrapPractice.png",
                "mimetype": "image\/png",
                "filetype": "png",
                "pretty_type": "PNG",
                "user": "U010M13U1FS",
                "editable": false,
                "size": 232136,
                "mode": "hosted",
                "is_external": false,
                "external_type": "",
                "is_public": true,
                "public_url_shared": false,
                "display_as_bot": false,
                "username": "",
                "url_private": "https:\/\/files.slack.com\/files-pri\/T0105GKDN1H-F011V8BNN1X\/bootstrappractice.png?t=xoxe-1005563464051-1077300145892-1094973465936-b91b441389dd5f41adba77ce94586498",
                "url_private_download": "https:\/\/files.slack.com\/files-pri\/T0105GKDN1H-F011V8BNN1X\/download\/bootstrappractice.png?t=xoxe-1005563464051-1077300145892-1094973465936-b91b441389dd5f41adba77ce94586498",
                "thumb_64": "https:\/\/files.slack.com\/files-tmb\/T0105GKDN1H-F011V8BNN1X-4c51173893\/bootstrappractice_64.png?t=xoxe-1005563464051-1077300145892-1094973465936-b91b441389dd5f41adba77ce94586498",
                "thumb_80": "https:\/\/files.slack.com\/files-tmb\/T0105GKDN1H-F011V8BNN1X-4c51173893\/bootstrappractice_80.png?t=xoxe-1005563464051-1077300145892-1094973465936-b91b441389dd5f41adba77ce94586498",
                "thumb_360": "https:\/\/files.slack.com\/files-tmb\/T0105GKDN1H-F011V8BNN1X-4c51173893\/bootstrappractice_360.png?t=xoxe-1005563464051-1077300145892-1094973465936-b91b441389dd5f41adba77ce94586498",
                "thumb_360_w": 360,
                "thumb_360_h": 206,
                "thumb_480": "https:\/\/files.slack.com\/files-tmb\/T0105GKDN1H-F011V8BNN1X-4c51173893\/bootstrappractice_480.png?t=xoxe-1005563464051-1077300145892-1094973465936-b91b441389dd5f41adba77ce94586498",
                "thumb_480_w": 480,
                "thumb_480_h": 275,
                "thumb_160": "https:\/\/files.slack.com\/files-tmb\/T0105GKDN1H-F011V8BNN1X-4c51173893\/bootstrappractice_160.png?t=xoxe-1005563464051-1077300145892-1094973465936-b91b441389dd5f41adba77ce94586498",
                "thumb_720": "https:\/\/files.slack.com\/files-tmb\/T0105GKDN1H-F011V8BNN1X-4c51173893\/bootstrappractice_720.png?t=xoxe-1005563464051-1077300145892-1094973465936-b91b441389dd5f41adba77ce94586498",
                "thumb_720_w": 720,
                "thumb_720_h": 412,
                "thumb_800": "https:\/\/files.slack.com\/files-tmb\/T0105GKDN1H-F011V8BNN1X-4c51173893\/bootstrappractice_800.png?t=xoxe-1005563464051-1077300145892-1094973465936-b91b441389dd5f41adba77ce94586498",
                "thumb_800_w": 800,
                "thumb_800_h": 458,
                "thumb_960": "https:\/\/files.slack.com\/files-tmb\/T0105GKDN1H-F011V8BNN1X-4c51173893\/bootstrappractice_960.png?t=xoxe-1005563464051-1077300145892-1094973465936-b91b441389dd5f41adba77ce94586498",
                "thumb_960_w": 960,
                "thumb_960_h": 550,
                "thumb_1024": "https:\/\/files.slack.com\/files-tmb\/T0105GKDN1H-F011V8BNN1X-4c51173893\/bootstrappractice_1024.png?t=xoxe-1005563464051-1077300145892-1094973465936-b91b441389dd5f41adba77ce94586498",
                "thumb_1024_w": 1024,
                "thumb_1024_h": 587,
                "original_w": 2254,
                "original_h": 1291,
                "thumb_tiny": "AwAbADDSPA4qNjJn5MY96fIMxketQJAOC3UelNCJxnvml\/A0ZozSGGfY0tJmloAKO9FFAB3o7UUUAFFFFAH\/2Q==",
                "permalink": "https:\/\/uclavirtfsfpt-96r8630.slack.com\/files\/U010M13U1FS\/F011V8BNN1X\/bootstrappractice.png",
                "permalink_public": "https:\/\/slack-files.com\/T0105GKDN1H-F011V8BNN1X-779efb2ea5",
                "is_starred": false,
                "has_rich_preview": false
            }
        ],
        "upload": true,
        "user": "U010M13U1FS",
        "display_as_bot": false,
        "ts": "1586490812.032200",
        "client_msg_id": "c3182b0b-41f0-4636-a924-f42e94090817",
        "reactions": [
            {
                "name": "+1",
                "users": [
                    "U010ACLHD0R"
                ],
                "count": 1
            }
        ]
    },
    {
        "type": "message",
        "text": "",
        "files": [
            {
                "id": "F011K1LEVFU",
                "created": 1586490816,
                "timestamp": 1586490816,
                "name": "image.png",
                "title": "image.png",
                "mimetype": "image\/png",
                "filetype": "png",
                "pretty_type": "PNG",
                "user": "U010L2Z8M7F",
                "editable": false,
                "size": 460756,
                "mode": "hosted",
                "is_external": false,
                "external_type": "",
                "is_public": true,
                "public_url_shared": false,
                "display_as_bot": false,
                "username": "",
                "url_private": "https:\/\/files.slack.com\/files-pri\/T0105GKDN1H-F011K1LEVFU\/image.png?t=xoxe-1005563464051-1077300145892-1094973465936-b91b441389dd5f41adba77ce94586498",
                "url_private_download": "https:\/\/files.slack.com\/files-pri\/T0105GKDN1H-F011K1LEVFU\/download\/image.png?t=xoxe-1005563464051-1077300145892-1094973465936-b91b441389dd5f41adba77ce94586498",
                "thumb_64": "https:\/\/files.slack.com\/files-tmb\/T0105GKDN1H-F011K1LEVFU-dc9f0e0b9d\/image_64.png?t=xoxe-1005563464051-1077300145892-1094973465936-b91b441389dd5f41adba77ce94586498",
                "thumb_80": "https:\/\/files.slack.com\/files-tmb\/T0105GKDN1H-F011K1LEVFU-dc9f0e0b9d\/image_80.png?t=xoxe-1005563464051-1077300145892-1094973465936-b91b441389dd5f41adba77ce94586498",
                "thumb_360": "https:\/\/files.slack.com\/files-tmb\/T0105GKDN1H-F011K1LEVFU-dc9f0e0b9d\/image_360.png?t=xoxe-1005563464051-1077300145892-1094973465936-b91b441389dd5f41adba77ce94586498",
                "thumb_360_w": 360,
                "thumb_360_h": 213,
                "thumb_480": "https:\/\/files.slack.com\/files-tmb\/T0105GKDN1H-F011K1LEVFU-dc9f0e0b9d\/image_480.png?t=xoxe-1005563464051-1077300145892-1094973465936-b91b441389dd5f41adba77ce94586498",
                "thumb_480_w": 480,
                "thumb_480_h": 285,
                "thumb_160": "https:\/\/files.slack.com\/files-tmb\/T0105GKDN1H-F011K1LEVFU-dc9f0e0b9d\/image_160.png?t=xoxe-1005563464051-1077300145892-1094973465936-b91b441389dd5f41adba77ce94586498",
                "thumb_720": "https:\/\/files.slack.com\/files-tmb\/T0105GKDN1H-F011K1LEVFU-dc9f0e0b9d\/image_720.png?t=xoxe-1005563464051-1077300145892-1094973465936-b91b441389dd5f41adba77ce94586498",
                "thumb_720_w": 720,
                "thumb_720_h": 427,
                "thumb_800": "https:\/\/files.slack.com\/files-tmb\/T0105GKDN1H-F011K1LEVFU-dc9f0e0b9d\/image_800.png?t=xoxe-1005563464051-1077300145892-1094973465936-b91b441389dd5f41adba77ce94586498",
                "thumb_800_w": 800,
                "thumb_800_h": 474,
                "thumb_960": "https:\/\/files.slack.com\/files-tmb\/T0105GKDN1H-F011K1LEVFU-dc9f0e0b9d\/image_960.png?t=xoxe-1005563464051-1077300145892-1094973465936-b91b441389dd5f41adba77ce94586498",
                "thumb_960_w": 960,
                "thumb_960_h": 569,
                "thumb_1024": "https:\/\/files.slack.com\/files-tmb\/T0105GKDN1H-F011K1LEVFU-dc9f0e0b9d\/image_1024.png?t=xoxe-1005563464051-1077300145892-1094973465936-b91b441389dd5f41adba77ce94586498",
                "thumb_1024_w": 1024,
                "thumb_1024_h": 607,
                "original_w": 1467,
                "original_h": 870,
                "thumb_tiny": "AwAcADC59jg\/ufqabJa26xsxQ4AzwTVmork4tpSP7poAoB7PjKPg+x\/xqeOK1kbasbZ68k1mmYlEXH3TmrunTb5drLzjINAy7HbxxZ2ArnrzSyQRy43gtjpzUlFAgpGAZSGGQRyKAc0tAFf7LB\/zyT8qfHBHGcoiqfUCpMUYoAWiiigD\/9k=",
                "permalink": "https:\/\/uclavirtfsfpt-96r8630.slack.com\/files\/U010L2Z8M7F\/F011K1LEVFU\/image.png",
                "permalink_public": "https:\/\/slack-files.com\/T0105GKDN1H-F011K1LEVFU-e5b16c7e3f",
                "is_starred": false,
                "has_rich_preview": false
            }
        ],
        "upload": true,
        "user": "U010L2Z8M7F",
        "display_as_bot": false,
        "ts": "1586490819.032500",
        "client_msg_id": "684b9f63-f6fc-43fd-b184-de11756d4891",
        "reactions": [
            {
                "name": "+1",
                "users": [
                    "U010ACLHD0R"
                ],
                "count": 1
            }
        ]
    },
    {
        "type": "message",
        "text": "",
        "files": [
            {
                "id": "F0125MGNTG8",
                "created": 1586490820,
                "timestamp": 1586490820,
                "name": "Capture3.JPG",
                "title": "Capture3.JPG",
                "mimetype": "image\/jpeg",
                "filetype": "jpg",
                "pretty_type": "JPEG",
                "user": "U010LUDNEJU",
                "editable": false,
                "size": 154671,
                "mode": "hosted",
                "is_external": false,
                "external_type": "",
                "is_public": true,
                "public_url_shared": false,
                "display_as_bot": false,
                "username": "",
                "url_private": "https:\/\/files.slack.com\/files-pri\/T0105GKDN1H-F0125MGNTG8\/capture3.jpg?t=xoxe-1005563464051-1077300145892-1094973465936-b91b441389dd5f41adba77ce94586498",
                "url_private_download": "https:\/\/files.slack.com\/files-pri\/T0105GKDN1H-F0125MGNTG8\/download\/capture3.jpg?t=xoxe-1005563464051-1077300145892-1094973465936-b91b441389dd5f41adba77ce94586498",
                "thumb_64": "https:\/\/files.slack.com\/files-tmb\/T0105GKDN1H-F0125MGNTG8-4d75ef9c6b\/capture3_64.jpg?t=xoxe-1005563464051-1077300145892-1094973465936-b91b441389dd5f41adba77ce94586498",
                "thumb_80": "https:\/\/files.slack.com\/files-tmb\/T0105GKDN1H-F0125MGNTG8-4d75ef9c6b\/capture3_80.jpg?t=xoxe-1005563464051-1077300145892-1094973465936-b91b441389dd5f41adba77ce94586498",
                "thumb_360": "https:\/\/files.slack.com\/files-tmb\/T0105GKDN1H-F0125MGNTG8-4d75ef9c6b\/capture3_360.jpg?t=xoxe-1005563464051-1077300145892-1094973465936-b91b441389dd5f41adba77ce94586498",
                "thumb_360_w": 360,
                "thumb_360_h": 218,
                "thumb_480": "https:\/\/files.slack.com\/files-tmb\/T0105GKDN1H-F0125MGNTG8-4d75ef9c6b\/capture3_480.jpg?t=xoxe-1005563464051-1077300145892-1094973465936-b91b441389dd5f41adba77ce94586498",
                "thumb_480_w": 480,
                "thumb_480_h": 291,
                "thumb_160": "https:\/\/files.slack.com\/files-tmb\/T0105GKDN1H-F0125MGNTG8-4d75ef9c6b\/capture3_160.jpg?t=xoxe-1005563464051-1077300145892-1094973465936-b91b441389dd5f41adba77ce94586498",
                "thumb_720": "https:\/\/files.slack.com\/files-tmb\/T0105GKDN1H-F0125MGNTG8-4d75ef9c6b\/capture3_720.jpg?t=xoxe-1005563464051-1077300145892-1094973465936-b91b441389dd5f41adba77ce94586498",
                "thumb_720_w": 720,
                "thumb_720_h": 437,
                "thumb_800": "https:\/\/files.slack.com\/files-tmb\/T0105GKDN1H-F0125MGNTG8-4d75ef9c6b\/capture3_800.jpg?t=xoxe-1005563464051-1077300145892-1094973465936-b91b441389dd5f41adba77ce94586498",
                "thumb_800_w": 800,
                "thumb_800_h": 486,
                "thumb_960": "https:\/\/files.slack.com\/files-tmb\/T0105GKDN1H-F0125MGNTG8-4d75ef9c6b\/capture3_960.jpg?t=xoxe-1005563464051-1077300145892-1094973465936-b91b441389dd5f41adba77ce94586498",
                "thumb_960_w": 960,
                "thumb_960_h": 583,
                "thumb_1024": "https:\/\/files.slack.com\/files-tmb\/T0105GKDN1H-F0125MGNTG8-4d75ef9c6b\/capture3_1024.jpg?t=xoxe-1005563464051-1077300145892-1094973465936-b91b441389dd5f41adba77ce94586498",
                "thumb_1024_w": 1024,
                "thumb_1024_h": 621,
                "original_w": 2432,
                "original_h": 1476,
                "thumb_tiny": "AwAdADCQ2a\/88z\/33SrYoeTlfbOasjkn5SPr3paAIPsMH+3+dH2GD\/b\/ADqxRQBX+wwf7X50fYYP9r86sUUAPooooAKKKKACiiigD\/\/Z",
                "permalink": "https:\/\/uclavirtfsfpt-96r8630.slack.com\/files\/U010LUDNEJU\/F0125MGNTG8\/capture3.jpg",
                "permalink_public": "https:\/\/slack-files.com\/T0105GKDN1H-F0125MGNTG8-1033fd2ac7",
                "is_starred": false,
                "has_rich_preview": false
            }
        ],
        "upload": true,
        "user": "U010LUDNEJU",
        "display_as_bot": false,
        "ts": "1586490824.032800",
        "client_msg_id": "6e551455-8b01-4542-bdc5-cc80db12287d",
        "reactions": [
            {
                "name": "party_parrot",
                "users": [
                    "U010ACLHD0R"
                ],
                "count": 1
            }
        ]
    },
    {
        "type": "message",
        "text": "",
        "files": [
            {
                "id": "F011KUQMU03",
                "created": 1586490907,
                "timestamp": 1586490907,
                "name": "image.png",
                "title": "image.png",
                "mimetype": "image\/png",
                "filetype": "png",
                "pretty_type": "PNG",
                "user": "U010AJPBC3B",
                "editable": false,
                "size": 154461,
                "mode": "hosted",
                "is_external": false,
                "external_type": "",
                "is_public": true,
                "public_url_shared": false,
                "display_as_bot": false,
                "username": "",
                "url_private": "https:\/\/files.slack.com\/files-pri\/T0105GKDN1H-F011KUQMU03\/image.png?t=xoxe-1005563464051-1077300145892-1094973465936-b91b441389dd5f41adba77ce94586498",
                "url_private_download": "https:\/\/files.slack.com\/files-pri\/T0105GKDN1H-F011KUQMU03\/download\/image.png?t=xoxe-1005563464051-1077300145892-1094973465936-b91b441389dd5f41adba77ce94586498",
                "thumb_64": "https:\/\/files.slack.com\/files-tmb\/T0105GKDN1H-F011KUQMU03-8c1a047a27\/image_64.png?t=xoxe-1005563464051-1077300145892-1094973465936-b91b441389dd5f41adba77ce94586498",
                "thumb_80": "https:\/\/files.slack.com\/files-tmb\/T0105GKDN1H-F011KUQMU03-8c1a047a27\/image_80.png?t=xoxe-1005563464051-1077300145892-1094973465936-b91b441389dd5f41adba77ce94586498",
                "thumb_360": "https:\/\/files.slack.com\/files-tmb\/T0105GKDN1H-F011KUQMU03-8c1a047a27\/image_360.png?t=xoxe-1005563464051-1077300145892-1094973465936-b91b441389dd5f41adba77ce94586498",
                "thumb_360_w": 360,
                "thumb_360_h": 313,
                "thumb_480": "https:\/\/files.slack.com\/files-tmb\/T0105GKDN1H-F011KUQMU03-8c1a047a27\/image_480.png?t=xoxe-1005563464051-1077300145892-1094973465936-b91b441389dd5f41adba77ce94586498",
                "thumb_480_w": 480,
                "thumb_480_h": 418,
                "thumb_160": "https:\/\/files.slack.com\/files-tmb\/T0105GKDN1H-F011KUQMU03-8c1a047a27\/image_160.png?t=xoxe-1005563464051-1077300145892-1094973465936-b91b441389dd5f41adba77ce94586498",
                "original_w": 681,
                "original_h": 593,
                "thumb_tiny": "AwApADC75YPpQIx6KakCjA5P50u0ep\/OgViPy1\/uijy1\/uipMDOefzpaAsRbF9BSFFweB0qamkHacntQFitFdM6kbQSpweaWG5eS5MZAAAJqokcoLcMoznpU1pHIt0WZTgg8mgZfooooAKRvun6UtI33T9KAIt4zja3\/AHzUoGKSP\/Vr9BTqACiiigApG+6fpS0jfdP0oA\/\/2Q==",
                "permalink": "https:\/\/uclavirtfsfpt-96r8630.slack.com\/files\/U010AJPBC3B\/F011KUQMU03\/image.png",
                "permalink_public": "https:\/\/slack-files.com\/T0105GKDN1H-F011KUQMU03-2797608b47",
                "is_starred": false,
                "has_rich_preview": false
            }
        ],
        "upload": true,
        "user": "U010AJPBC3B",
        "display_as_bot": false,
        "ts": "1586490914.033100",
        "client_msg_id": "060b4b0a-3329-4604-8bb1-c050b054f9d0",
        "reactions": [
            {
                "name": "star",
                "users": [
                    "U010ACLHD0R"
                ],
                "count": 1
            }
        ]
    },
    {
        "type": "message",
        "text": "",
        "files": [
            {
                "id": "F011T71JLHJ",
                "created": 1586490939,
                "timestamp": 1586490939,
                "name": "image.png",
                "title": "image.png",
                "mimetype": "image\/png",
                "filetype": "png",
                "pretty_type": "PNG",
                "user": "U010AP9JH4Z",
                "editable": false,
                "size": 181866,
                "mode": "hosted",
                "is_external": false,
                "external_type": "",
                "is_public": true,
                "public_url_shared": false,
                "display_as_bot": false,
                "username": "",
                "url_private": "https:\/\/files.slack.com\/files-pri\/T0105GKDN1H-F011T71JLHJ\/image.png?t=xoxe-1005563464051-1077300145892-1094973465936-b91b441389dd5f41adba77ce94586498",
                "url_private_download": "https:\/\/files.slack.com\/files-pri\/T0105GKDN1H-F011T71JLHJ\/download\/image.png?t=xoxe-1005563464051-1077300145892-1094973465936-b91b441389dd5f41adba77ce94586498",
                "thumb_64": "https:\/\/files.slack.com\/files-tmb\/T0105GKDN1H-F011T71JLHJ-06824649d5\/image_64.png?t=xoxe-1005563464051-1077300145892-1094973465936-b91b441389dd5f41adba77ce94586498",
                "thumb_80": "https:\/\/files.slack.com\/files-tmb\/T0105GKDN1H-F011T71JLHJ-06824649d5\/image_80.png?t=xoxe-1005563464051-1077300145892-1094973465936-b91b441389dd5f41adba77ce94586498",
                "thumb_360": "https:\/\/files.slack.com\/files-tmb\/T0105GKDN1H-F011T71JLHJ-06824649d5\/image_360.png?t=xoxe-1005563464051-1077300145892-1094973465936-b91b441389dd5f41adba77ce94586498",
                "thumb_360_w": 360,
                "thumb_360_h": 163,
                "thumb_480": "https:\/\/files.slack.com\/files-tmb\/T0105GKDN1H-F011T71JLHJ-06824649d5\/image_480.png?t=xoxe-1005563464051-1077300145892-1094973465936-b91b441389dd5f41adba77ce94586498",
                "thumb_480_w": 480,
                "thumb_480_h": 217,
                "thumb_160": "https:\/\/files.slack.com\/files-tmb\/T0105GKDN1H-F011T71JLHJ-06824649d5\/image_160.png?t=xoxe-1005563464051-1077300145892-1094973465936-b91b441389dd5f41adba77ce94586498",
                "thumb_720": "https:\/\/files.slack.com\/files-tmb\/T0105GKDN1H-F011T71JLHJ-06824649d5\/image_720.png?t=xoxe-1005563464051-1077300145892-1094973465936-b91b441389dd5f41adba77ce94586498",
                "thumb_720_w": 720,
                "thumb_720_h": 325,
                "thumb_800": "https:\/\/files.slack.com\/files-tmb\/T0105GKDN1H-F011T71JLHJ-06824649d5\/image_800.png?t=xoxe-1005563464051-1077300145892-1094973465936-b91b441389dd5f41adba77ce94586498",
                "thumb_800_w": 800,
                "thumb_800_h": 361,
                "thumb_960": "https:\/\/files.slack.com\/files-tmb\/T0105GKDN1H-F011T71JLHJ-06824649d5\/image_960.png?t=xoxe-1005563464051-1077300145892-1094973465936-b91b441389dd5f41adba77ce94586498",
                "thumb_960_w": 960,
                "thumb_960_h": 433,
                "thumb_1024": "https:\/\/files.slack.com\/files-tmb\/T0105GKDN1H-F011T71JLHJ-06824649d5\/image_1024.png?t=xoxe-1005563464051-1077300145892-1094973465936-b91b441389dd5f41adba77ce94586498",
                "thumb_1024_w": 1024,
                "thumb_1024_h": 462,
                "original_w": 1896,
                "original_h": 856,
                "thumb_tiny": "AwAVADDQQcY3Z+lPAxUQOOmB9KXcfWi4ElFRbj6\/rS5PqfzpXAkoqLcfX9aVSc9fzpgO2+9G33p1FADdvvRt96dRQA3b70oXB60tFAH\/2Q==",
                "permalink": "https:\/\/uclavirtfsfpt-96r8630.slack.com\/files\/U010AP9JH4Z\/F011T71JLHJ\/image.png",
                "permalink_public": "https:\/\/slack-files.com\/T0105GKDN1H-F011T71JLHJ-813dde8b19",
                "is_starred": false,
                "has_rich_preview": false
            }
        ],
        "upload": true,
        "user": "U010AP9JH4Z",
        "display_as_bot": false,
        "ts": "1586490942.033400",
        "client_msg_id": "3c247ee7-a8e3-481a-84e9-9526ff4f10a5",
        "reactions": [
            {
                "name": "star",
                "users": [
                    "U010ACLHD0R"
                ],
                "count": 1
            }
        ]
    },
    {
        "type": "message",
        "text": "",
        "files": [
            {
                "id": "F011MRAASJH",
                "created": 1586490998,
                "timestamp": 1586490998,
                "name": "Screen Shot 2020-04-09 at 8.56.10 PM.png",
                "title": "Screen Shot 2020-04-09 at 8.56.10 PM.png",
                "mimetype": "image\/png",
                "filetype": "png",
                "pretty_type": "PNG",
                "user": "U010LRKMSKX",
                "editable": false,
                "size": 622178,
                "mode": "hosted",
                "is_external": false,
                "external_type": "",
                "is_public": true,
                "public_url_shared": false,
                "display_as_bot": false,
                "username": "",
                "url_private": "https:\/\/files.slack.com\/files-pri\/T0105GKDN1H-F011MRAASJH\/screen_shot_2020-04-09_at_8.56.10_pm.png?t=xoxe-1005563464051-1077300145892-1094973465936-b91b441389dd5f41adba77ce94586498",
                "url_private_download": "https:\/\/files.slack.com\/files-pri\/T0105GKDN1H-F011MRAASJH\/download\/screen_shot_2020-04-09_at_8.56.10_pm.png?t=xoxe-1005563464051-1077300145892-1094973465936-b91b441389dd5f41adba77ce94586498",
                "thumb_64": "https:\/\/files.slack.com\/files-tmb\/T0105GKDN1H-F011MRAASJH-66c7e7e2ef\/screen_shot_2020-04-09_at_8.56.10_pm_64.png?t=xoxe-1005563464051-1077300145892-1094973465936-b91b441389dd5f41adba77ce94586498",
                "thumb_80": "https:\/\/files.slack.com\/files-tmb\/T0105GKDN1H-F011MRAASJH-66c7e7e2ef\/screen_shot_2020-04-09_at_8.56.10_pm_80.png?t=xoxe-1005563464051-1077300145892-1094973465936-b91b441389dd5f41adba77ce94586498",
                "thumb_360": "https:\/\/files.slack.com\/files-tmb\/T0105GKDN1H-F011MRAASJH-66c7e7e2ef\/screen_shot_2020-04-09_at_8.56.10_pm_360.png?t=xoxe-1005563464051-1077300145892-1094973465936-b91b441389dd5f41adba77ce94586498",
                "thumb_360_w": 360,
                "thumb_360_h": 174,
                "thumb_480": "https:\/\/files.slack.com\/files-tmb\/T0105GKDN1H-F011MRAASJH-66c7e7e2ef\/screen_shot_2020-04-09_at_8.56.10_pm_480.png?t=xoxe-1005563464051-1077300145892-1094973465936-b91b441389dd5f41adba77ce94586498",
                "thumb_480_w": 480,
                "thumb_480_h": 232,
                "thumb_160": "https:\/\/files.slack.com\/files-tmb\/T0105GKDN1H-F011MRAASJH-66c7e7e2ef\/screen_shot_2020-04-09_at_8.56.10_pm_160.png?t=xoxe-1005563464051-1077300145892-1094973465936-b91b441389dd5f41adba77ce94586498",
                "thumb_720": "https:\/\/files.slack.com\/files-tmb\/T0105GKDN1H-F011MRAASJH-66c7e7e2ef\/screen_shot_2020-04-09_at_8.56.10_pm_720.png?t=xoxe-1005563464051-1077300145892-1094973465936-b91b441389dd5f41adba77ce94586498",
                "thumb_720_w": 720,
                "thumb_720_h": 348,
                "thumb_800": "https:\/\/files.slack.com\/files-tmb\/T0105GKDN1H-F011MRAASJH-66c7e7e2ef\/screen_shot_2020-04-09_at_8.56.10_pm_800.png?t=xoxe-1005563464051-1077300145892-1094973465936-b91b441389dd5f41adba77ce94586498",
                "thumb_800_w": 800,
                "thumb_800_h": 387,
                "thumb_960": "https:\/\/files.slack.com\/files-tmb\/T0105GKDN1H-F011MRAASJH-66c7e7e2ef\/screen_shot_2020-04-09_at_8.56.10_pm_960.png?t=xoxe-1005563464051-1077300145892-1094973465936-b91b441389dd5f41adba77ce94586498",
                "thumb_960_w": 960,
                "thumb_960_h": 465,
                "thumb_1024": "https:\/\/files.slack.com\/files-tmb\/T0105GKDN1H-F011MRAASJH-66c7e7e2ef\/screen_shot_2020-04-09_at_8.56.10_pm_1024.png?t=xoxe-1005563464051-1077300145892-1094973465936-b91b441389dd5f41adba77ce94586498",
                "thumb_1024_w": 1024,
                "thumb_1024_h": 496,
                "original_w": 2856,
                "original_h": 1382,
                "thumb_tiny": "AwAXADC\/g5+8aMH+8aeRxxSbsdRQAlFLvHpRvHpQAlFLvHpSjkUAJIwRCxOAKhjjKkfOx3ZJB6Gn3X\/Hu\/0oH3o\/89qAH7PWjYPenUUAN2D3pwGBRRQB\/9k=",
                "permalink": "https:\/\/uclavirtfsfpt-96r8630.slack.com\/files\/U010LRKMSKX\/F011MRAASJH\/screen_shot_2020-04-09_at_8.56.10_pm.png",
                "permalink_public": "https:\/\/slack-files.com\/T0105GKDN1H-F011MRAASJH-cec9cab332",
                "is_starred": false,
                "has_rich_preview": false
            }
        ],
        "upload": true,
        "user": "U010LRKMSKX",
        "display_as_bot": false,
        "ts": "1586491002.034500",
        "client_msg_id": "8d560cfa-e96b-4c46-bf13-d8fadbf4268a"
    },
    {
        "type": "message",
        "text": "",
        "files": [
            {
                "id": "F011K1PND4J",
                "created": 1586491036,
                "timestamp": 1586491036,
                "name": "classactivity.PNG",
                "title": "classactivity.PNG",
                "mimetype": "image\/png",
                "filetype": "png",
                "pretty_type": "PNG",
                "user": "U010LJKUX44",
                "editable": false,
                "size": 18525,
                "mode": "hosted",
                "is_external": false,
                "external_type": "",
                "is_public": true,
                "public_url_shared": false,
                "display_as_bot": false,
                "username": "",
                "url_private": "https:\/\/files.slack.com\/files-pri\/T0105GKDN1H-F011K1PND4J\/classactivity.png?t=xoxe-1005563464051-1077300145892-1094973465936-b91b441389dd5f41adba77ce94586498",
                "url_private_download": "https:\/\/files.slack.com\/files-pri\/T0105GKDN1H-F011K1PND4J\/download\/classactivity.png?t=xoxe-1005563464051-1077300145892-1094973465936-b91b441389dd5f41adba77ce94586498",
                "thumb_64": "https:\/\/files.slack.com\/files-tmb\/T0105GKDN1H-F011K1PND4J-c2ba02355f\/classactivity_64.png?t=xoxe-1005563464051-1077300145892-1094973465936-b91b441389dd5f41adba77ce94586498",
                "thumb_80": "https:\/\/files.slack.com\/files-tmb\/T0105GKDN1H-F011K1PND4J-c2ba02355f\/classactivity_80.png?t=xoxe-1005563464051-1077300145892-1094973465936-b91b441389dd5f41adba77ce94586498",
                "thumb_360": "https:\/\/files.slack.com\/files-tmb\/T0105GKDN1H-F011K1PND4J-c2ba02355f\/classactivity_360.png?t=xoxe-1005563464051-1077300145892-1094973465936-b91b441389dd5f41adba77ce94586498",
                "thumb_360_w": 360,
                "thumb_360_h": 130,
                "thumb_480": "https:\/\/files.slack.com\/files-tmb\/T0105GKDN1H-F011K1PND4J-c2ba02355f\/classactivity_480.png?t=xoxe-1005563464051-1077300145892-1094973465936-b91b441389dd5f41adba77ce94586498",
                "thumb_480_w": 480,
                "thumb_480_h": 173,
                "thumb_160": "https:\/\/files.slack.com\/files-tmb\/T0105GKDN1H-F011K1PND4J-c2ba02355f\/classactivity_160.png?t=xoxe-1005563464051-1077300145892-1094973465936-b91b441389dd5f41adba77ce94586498",
                "thumb_720": "https:\/\/files.slack.com\/files-tmb\/T0105GKDN1H-F011K1PND4J-c2ba02355f\/classactivity_720.png?t=xoxe-1005563464051-1077300145892-1094973465936-b91b441389dd5f41adba77ce94586498",
                "thumb_720_w": 720,
                "thumb_720_h": 260,
                "thumb_800": "https:\/\/files.slack.com\/files-tmb\/T0105GKDN1H-F011K1PND4J-c2ba02355f\/classactivity_800.png?t=xoxe-1005563464051-1077300145892-1094973465936-b91b441389dd5f41adba77ce94586498",
                "thumb_800_w": 800,
                "thumb_800_h": 288,
                "thumb_960": "https:\/\/files.slack.com\/files-tmb\/T0105GKDN1H-F011K1PND4J-c2ba02355f\/classactivity_960.png?t=xoxe-1005563464051-1077300145892-1094973465936-b91b441389dd5f41adba77ce94586498",
                "thumb_960_w": 960,
                "thumb_960_h": 346,
                "thumb_1024": "https:\/\/files.slack.com\/files-tmb\/T0105GKDN1H-F011K1PND4J-c2ba02355f\/classactivity_1024.png?t=xoxe-1005563464051-1077300145892-1094973465936-b91b441389dd5f41adba77ce94586498",
                "thumb_1024_w": 1024,
                "thumb_1024_h": 369,
                "original_w": 1304,
                "original_h": 470,
                "thumb_tiny": "AwARADDSAoxSI24H5Sv1GKdQAUUUUAFGKKKACiiigAooooAKKKKAP\/\/Z",
                "permalink": "https:\/\/uclavirtfsfpt-96r8630.slack.com\/files\/U010LJKUX44\/F011K1PND4J\/classactivity.png",
                "permalink_public": "https:\/\/slack-files.com\/T0105GKDN1H-F011K1PND4J-4e90655a3e",
                "is_starred": false,
                "has_rich_preview": false
            }
        ],
        "upload": true,
        "user": "U010LJKUX44",
        "display_as_bot": false,
        "ts": "1586491039.034800",
        "client_msg_id": "b8283887-8f49-4d54-844d-042661a18cf4"
    },
    {
        "type": "message",
        "text": "",
        "files": [
            {
                "id": "F011K1PSDFU",
                "created": 1586491044,
                "timestamp": 1586491044,
                "name": "image.png",
                "title": "image.png",
                "mimetype": "image\/png",
                "filetype": "png",
                "pretty_type": "PNG",
                "user": "U010Y90H4T0",
                "editable": false,
                "size": 446877,
                "mode": "hosted",
                "is_external": false,
                "external_type": "",
                "is_public": true,
                "public_url_shared": false,
                "display_as_bot": false,
                "username": "",
                "url_private": "https:\/\/files.slack.com\/files-pri\/T0105GKDN1H-F011K1PSDFU\/image.png?t=xoxe-1005563464051-1077300145892-1094973465936-b91b441389dd5f41adba77ce94586498",
                "url_private_download": "https:\/\/files.slack.com\/files-pri\/T0105GKDN1H-F011K1PSDFU\/download\/image.png?t=xoxe-1005563464051-1077300145892-1094973465936-b91b441389dd5f41adba77ce94586498",
                "thumb_64": "https:\/\/files.slack.com\/files-tmb\/T0105GKDN1H-F011K1PSDFU-fedfae3cb7\/image_64.png?t=xoxe-1005563464051-1077300145892-1094973465936-b91b441389dd5f41adba77ce94586498",
                "thumb_80": "https:\/\/files.slack.com\/files-tmb\/T0105GKDN1H-F011K1PSDFU-fedfae3cb7\/image_80.png?t=xoxe-1005563464051-1077300145892-1094973465936-b91b441389dd5f41adba77ce94586498",
                "thumb_360": "https:\/\/files.slack.com\/files-tmb\/T0105GKDN1H-F011K1PSDFU-fedfae3cb7\/image_360.png?t=xoxe-1005563464051-1077300145892-1094973465936-b91b441389dd5f41adba77ce94586498",
                "thumb_360_w": 336,
                "thumb_360_h": 360,
                "thumb_480": "https:\/\/files.slack.com\/files-tmb\/T0105GKDN1H-F011K1PSDFU-fedfae3cb7\/image_480.png?t=xoxe-1005563464051-1077300145892-1094973465936-b91b441389dd5f41adba77ce94586498",
                "thumb_480_w": 448,
                "thumb_480_h": 480,
                "thumb_160": "https:\/\/files.slack.com\/files-tmb\/T0105GKDN1H-F011K1PSDFU-fedfae3cb7\/image_160.png?t=xoxe-1005563464051-1077300145892-1094973465936-b91b441389dd5f41adba77ce94586498",
                "thumb_720": "https:\/\/files.slack.com\/files-tmb\/T0105GKDN1H-F011K1PSDFU-fedfae3cb7\/image_720.png?t=xoxe-1005563464051-1077300145892-1094973465936-b91b441389dd5f41adba77ce94586498",
                "thumb_720_w": 671,
                "thumb_720_h": 720,
                "thumb_800": "https:\/\/files.slack.com\/files-tmb\/T0105GKDN1H-F011K1PSDFU-fedfae3cb7\/image_800.png?t=xoxe-1005563464051-1077300145892-1094973465936-b91b441389dd5f41adba77ce94586498",
                "thumb_800_w": 800,
                "thumb_800_h": 858,
                "thumb_960": "https:\/\/files.slack.com\/files-tmb\/T0105GKDN1H-F011K1PSDFU-fedfae3cb7\/image_960.png?t=xoxe-1005563464051-1077300145892-1094973465936-b91b441389dd5f41adba77ce94586498",
                "thumb_960_w": 895,
                "thumb_960_h": 960,
                "thumb_1024": "https:\/\/files.slack.com\/files-tmb\/T0105GKDN1H-F011K1PSDFU-fedfae3cb7\/image_1024.png?t=xoxe-1005563464051-1077300145892-1094973465936-b91b441389dd5f41adba77ce94586498",
                "thumb_1024_w": 955,
                "thumb_1024_h": 1024,
                "original_w": 964,
                "original_h": 1034,
                "thumb_tiny": "AwAwACyb7FDwMtSi0t8YwT261PketL+dFgITZwHHynj3qwDim\/nR+dACnFI2M9KWo5PvfhQA4wIx3FRk0ruqH5mAqQdKpXAzI2TQ2wSLHmJ\/fFKroxwrAms3zCFxn\/61SRZVQQefakmNo0NtRSjDD6VJEcxKT6U2UEt+FMRKOlZF8xN0wzgA1IXfnbv\/ACNTKrSRlS23ockZpbjM9ZNq4PNOSYquAM\/WtZEVEVThiO+KiaHa7yBxjB+XbRYLkts263QkYyKc\/Ws4s\/IXfj6GrcZOznPtmhMGf\/\/Z",
                "permalink": "https:\/\/uclavirtfsfpt-96r8630.slack.com\/files\/U010Y90H4T0\/F011K1PSDFU\/image.png",
                "permalink_public": "https:\/\/slack-files.com\/T0105GKDN1H-F011K1PSDFU-c47b4ca490",
                "is_starred": false,
                "has_rich_preview": false
            }
        ],
        "upload": true,
        "user": "U010Y90H4T0",
        "display_as_bot": false,
        "ts": "1586491048.035100",
        "client_msg_id": "8c5bd576-feb1-4c11-ab33-0cac0171c837"
    },
    {
        "type": "message",
        "text": "",
        "files": [
            {
                "id": "F011MRARZC5",
                "created": 1586491061,
                "timestamp": 1586491061,
                "name": "Poopy page.jpg",
                "title": "Poopy page.jpg",
                "mimetype": "image\/jpeg",
                "filetype": "jpg",
                "pretty_type": "JPEG",
                "user": "U010AFPTJP3",
                "editable": false,
                "size": 158153,
                "mode": "hosted",
                "is_external": false,
                "external_type": "",
                "is_public": true,
                "public_url_shared": false,
                "display_as_bot": false,
                "username": "",
                "url_private": "https:\/\/files.slack.com\/files-pri\/T0105GKDN1H-F011MRARZC5\/poopy_page.jpg?t=xoxe-1005563464051-1077300145892-1094973465936-b91b441389dd5f41adba77ce94586498",
                "url_private_download": "https:\/\/files.slack.com\/files-pri\/T0105GKDN1H-F011MRARZC5\/download\/poopy_page.jpg?t=xoxe-1005563464051-1077300145892-1094973465936-b91b441389dd5f41adba77ce94586498",
                "thumb_64": "https:\/\/files.slack.com\/files-tmb\/T0105GKDN1H-F011MRARZC5-a26cb0d22c\/poopy_page_64.jpg?t=xoxe-1005563464051-1077300145892-1094973465936-b91b441389dd5f41adba77ce94586498",
                "thumb_80": "https:\/\/files.slack.com\/files-tmb\/T0105GKDN1H-F011MRARZC5-a26cb0d22c\/poopy_page_80.jpg?t=xoxe-1005563464051-1077300145892-1094973465936-b91b441389dd5f41adba77ce94586498",
                "thumb_360": "https:\/\/files.slack.com\/files-tmb\/T0105GKDN1H-F011MRARZC5-a26cb0d22c\/poopy_page_360.jpg?t=xoxe-1005563464051-1077300145892-1094973465936-b91b441389dd5f41adba77ce94586498",
                "thumb_360_w": 360,
                "thumb_360_h": 222,
                "thumb_480": "https:\/\/files.slack.com\/files-tmb\/T0105GKDN1H-F011MRARZC5-a26cb0d22c\/poopy_page_480.jpg?t=xoxe-1005563464051-1077300145892-1094973465936-b91b441389dd5f41adba77ce94586498",
                "thumb_480_w": 480,
                "thumb_480_h": 296,
                "thumb_160": "https:\/\/files.slack.com\/files-tmb\/T0105GKDN1H-F011MRARZC5-a26cb0d22c\/poopy_page_160.jpg?t=xoxe-1005563464051-1077300145892-1094973465936-b91b441389dd5f41adba77ce94586498",
                "thumb_720": "https:\/\/files.slack.com\/files-tmb\/T0105GKDN1H-F011MRARZC5-a26cb0d22c\/poopy_page_720.jpg?t=xoxe-1005563464051-1077300145892-1094973465936-b91b441389dd5f41adba77ce94586498",
                "thumb_720_w": 720,
                "thumb_720_h": 444,
                "thumb_800": "https:\/\/files.slack.com\/files-tmb\/T0105GKDN1H-F011MRARZC5-a26cb0d22c\/poopy_page_800.jpg?t=xoxe-1005563464051-1077300145892-1094973465936-b91b441389dd5f41adba77ce94586498",
                "thumb_800_w": 800,
                "thumb_800_h": 493,
                "thumb_960": "https:\/\/files.slack.com\/files-tmb\/T0105GKDN1H-F011MRARZC5-a26cb0d22c\/poopy_page_960.jpg?t=xoxe-1005563464051-1077300145892-1094973465936-b91b441389dd5f41adba77ce94586498",
                "thumb_960_w": 960,
                "thumb_960_h": 591,
                "thumb_1024": "https:\/\/files.slack.com\/files-tmb\/T0105GKDN1H-F011MRARZC5-a26cb0d22c\/poopy_page_1024.jpg?t=xoxe-1005563464051-1077300145892-1094973465936-b91b441389dd5f41adba77ce94586498",
                "thumb_1024_w": 1024,
                "thumb_1024_h": 631,
                "original_w": 1383,
                "original_h": 852,
                "thumb_tiny": "AwAdADC6HQttDZPpTsfWhc5+ZR+FOyPQ02JDcfWlpePQ0cehpDEopePQ0cehoAbj2oA9h+lOx\/nNGP8AOaAExRinYFGBQA3FGKdgUYFAH\/\/Z",
                "permalink": "https:\/\/uclavirtfsfpt-96r8630.slack.com\/files\/U010AFPTJP3\/F011MRARZC5\/poopy_page.jpg",
                "permalink_public": "https:\/\/slack-files.com\/T0105GKDN1H-F011MRARZC5-1778d4cad6",
                "is_starred": false,
                "has_rich_preview": false
            }
        ],
        "upload": true,
        "user": "U010AFPTJP3",
        "display_as_bot": false,
        "ts": "1586491064.035400",
        "client_msg_id": "cd702eb6-1637-4e6e-a085-249b37ac14e9"
    },
    {
        "type": "message",
        "text": "",
        "files": [
            {
                "id": "F011K1S8GM8",
                "created": 1586491195,
                "timestamp": 1586491195,
                "name": "boot testing.png",
                "title": "boot testing.png",
                "mimetype": "image\/png",
                "filetype": "png",
                "pretty_type": "PNG",
                "user": "U01086WUV5Y",
                "editable": false,
                "size": 136995,
                "mode": "hosted",
                "is_external": false,
                "external_type": "",
                "is_public": true,
                "public_url_shared": false,
                "display_as_bot": false,
                "username": "",
                "url_private": "https:\/\/files.slack.com\/files-pri\/T0105GKDN1H-F011K1S8GM8\/boot_testing.png?t=xoxe-1005563464051-1077300145892-1094973465936-b91b441389dd5f41adba77ce94586498",
                "url_private_download": "https:\/\/files.slack.com\/files-pri\/T0105GKDN1H-F011K1S8GM8\/download\/boot_testing.png?t=xoxe-1005563464051-1077300145892-1094973465936-b91b441389dd5f41adba77ce94586498",
                "thumb_64": "https:\/\/files.slack.com\/files-tmb\/T0105GKDN1H-F011K1S8GM8-cbc676416e\/boot_testing_64.png?t=xoxe-1005563464051-1077300145892-1094973465936-b91b441389dd5f41adba77ce94586498",
                "thumb_80": "https:\/\/files.slack.com\/files-tmb\/T0105GKDN1H-F011K1S8GM8-cbc676416e\/boot_testing_80.png?t=xoxe-1005563464051-1077300145892-1094973465936-b91b441389dd5f41adba77ce94586498",
                "thumb_360": "https:\/\/files.slack.com\/files-tmb\/T0105GKDN1H-F011K1S8GM8-cbc676416e\/boot_testing_360.png?t=xoxe-1005563464051-1077300145892-1094973465936-b91b441389dd5f41adba77ce94586498",
                "thumb_360_w": 360,
                "thumb_360_h": 241,
                "thumb_480": "https:\/\/files.slack.com\/files-tmb\/T0105GKDN1H-F011K1S8GM8-cbc676416e\/boot_testing_480.png?t=xoxe-1005563464051-1077300145892-1094973465936-b91b441389dd5f41adba77ce94586498",
                "thumb_480_w": 480,
                "thumb_480_h": 322,
                "thumb_160": "https:\/\/files.slack.com\/files-tmb\/T0105GKDN1H-F011K1S8GM8-cbc676416e\/boot_testing_160.png?t=xoxe-1005563464051-1077300145892-1094973465936-b91b441389dd5f41adba77ce94586498",
                "thumb_720": "https:\/\/files.slack.com\/files-tmb\/T0105GKDN1H-F011K1S8GM8-cbc676416e\/boot_testing_720.png?t=xoxe-1005563464051-1077300145892-1094973465936-b91b441389dd5f41adba77ce94586498",
                "thumb_720_w": 720,
                "thumb_720_h": 483,
                "thumb_800": "https:\/\/files.slack.com\/files-tmb\/T0105GKDN1H-F011K1S8GM8-cbc676416e\/boot_testing_800.png?t=xoxe-1005563464051-1077300145892-1094973465936-b91b441389dd5f41adba77ce94586498",
                "thumb_800_w": 800,
                "thumb_800_h": 536,
                "original_w": 871,
                "original_h": 584,
                "thumb_tiny": "AwAgADCIHAA2gnGTgZqdLRpY1cFADUgtTt3Iw+Yd+3FWoYxFEqA52jGadyeRFP7A\/wDfWj7A\/wDfWr9FFw5EUPsD\/wB9aPsD\/wB9av0UXDkRVgUqqlwCMdMCpwwUYCH6cVDGP3a8dh2FP2+3\/jopFEm\/nGD+lG\/nG01GRk9D+QpNuDwP\/HRQBJv4yFNKHz\/Cf0pgUEdQB6YFLsHZl\/75FAH\/2Q==",
                "permalink": "https:\/\/uclavirtfsfpt-96r8630.slack.com\/files\/U01086WUV5Y\/F011K1S8GM8\/boot_testing.png",
                "permalink_public": "https:\/\/slack-files.com\/T0105GKDN1H-F011K1S8GM8-520e80283a",
                "is_starred": false,
                "has_rich_preview": false
            }
        ],
        "upload": true,
        "user": "U01086WUV5Y",
        "display_as_bot": false,
        "ts": "1586491197.035700",
        "client_msg_id": "a0d1ea37-50a2-486a-b470-d4c32be9320c"
    },
    {
        "type": "message",
        "text": "",
        "files": [
            {
                "id": "F011K1TL7L2",
                "created": 1586491245,
                "timestamp": 1586491245,
                "name": "Chew.png",
                "title": "Chew.png",
                "mimetype": "image\/png",
                "filetype": "png",
                "pretty_type": "PNG",
                "user": "U010P7ZMAP3",
                "editable": false,
                "size": 994292,
                "mode": "hosted",
                "is_external": false,
                "external_type": "",
                "is_public": true,
                "public_url_shared": false,
                "display_as_bot": false,
                "username": "",
                "url_private": "https:\/\/files.slack.com\/files-pri\/T0105GKDN1H-F011K1TL7L2\/chew.png?t=xoxe-1005563464051-1077300145892-1094973465936-b91b441389dd5f41adba77ce94586498",
                "url_private_download": "https:\/\/files.slack.com\/files-pri\/T0105GKDN1H-F011K1TL7L2\/download\/chew.png?t=xoxe-1005563464051-1077300145892-1094973465936-b91b441389dd5f41adba77ce94586498",
                "thumb_64": "https:\/\/files.slack.com\/files-tmb\/T0105GKDN1H-F011K1TL7L2-8dbe3dea1c\/chew_64.png?t=xoxe-1005563464051-1077300145892-1094973465936-b91b441389dd5f41adba77ce94586498",
                "thumb_80": "https:\/\/files.slack.com\/files-tmb\/T0105GKDN1H-F011K1TL7L2-8dbe3dea1c\/chew_80.png?t=xoxe-1005563464051-1077300145892-1094973465936-b91b441389dd5f41adba77ce94586498",
                "thumb_360": "https:\/\/files.slack.com\/files-tmb\/T0105GKDN1H-F011K1TL7L2-8dbe3dea1c\/chew_360.png?t=xoxe-1005563464051-1077300145892-1094973465936-b91b441389dd5f41adba77ce94586498",
                "thumb_360_w": 360,
                "thumb_360_h": 193,
                "thumb_480": "https:\/\/files.slack.com\/files-tmb\/T0105GKDN1H-F011K1TL7L2-8dbe3dea1c\/chew_480.png?t=xoxe-1005563464051-1077300145892-1094973465936-b91b441389dd5f41adba77ce94586498",
                "thumb_480_w": 480,
                "thumb_480_h": 257,
                "thumb_160": "https:\/\/files.slack.com\/files-tmb\/T0105GKDN1H-F011K1TL7L2-8dbe3dea1c\/chew_160.png?t=xoxe-1005563464051-1077300145892-1094973465936-b91b441389dd5f41adba77ce94586498",
                "thumb_720": "https:\/\/files.slack.com\/files-tmb\/T0105GKDN1H-F011K1TL7L2-8dbe3dea1c\/chew_720.png?t=xoxe-1005563464051-1077300145892-1094973465936-b91b441389dd5f41adba77ce94586498",
                "thumb_720_w": 720,
                "thumb_720_h": 385,
                "thumb_800": "https:\/\/files.slack.com\/files-tmb\/T0105GKDN1H-F011K1TL7L2-8dbe3dea1c\/chew_800.png?t=xoxe-1005563464051-1077300145892-1094973465936-b91b441389dd5f41adba77ce94586498",
                "thumb_800_w": 800,
                "thumb_800_h": 428,
                "thumb_960": "https:\/\/files.slack.com\/files-tmb\/T0105GKDN1H-F011K1TL7L2-8dbe3dea1c\/chew_960.png?t=xoxe-1005563464051-1077300145892-1094973465936-b91b441389dd5f41adba77ce94586498",
                "thumb_960_w": 960,
                "thumb_960_h": 514,
                "thumb_1024": "https:\/\/files.slack.com\/files-tmb\/T0105GKDN1H-F011K1TL7L2-8dbe3dea1c\/chew_1024.png?t=xoxe-1005563464051-1077300145892-1094973465936-b91b441389dd5f41adba77ce94586498",
                "thumb_1024_w": 1024,
                "thumb_1024_h": 548,
                "original_w": 1920,
                "original_h": 1027,
                "thumb_tiny": "AwAZADCx9kh\/uH8zR9ki\/ufqaqNqEiTuuxWAYgfnU8NzLK3MIC9zk0MCX7JD\/dP\/AH0aPscH90\/99GlMyAc\/Tp1pyvuz8vI6ilzILDPscH90\/wDfRo+yQ\/3D+dPLY\/hqnDqDSzLGY1G44zmhO4FKQ4vGJ\/56H+daE9zjKp1z161nTf8AHzJ\/vn+dWx\/x7P8AWna4DhvZMGMEHj\/69AZ4l3RqykHaSTkVF\/HVlPvrQK5OG3ID0OOR6Vk2f\/H5F\/vVZf7z\/Wq1n\/x+Rf71JKxTP\/\/Z",
                "permalink": "https:\/\/uclavirtfsfpt-96r8630.slack.com\/files\/U010P7ZMAP3\/F011K1TL7L2\/chew.png",
                "permalink_public": "https:\/\/slack-files.com\/T0105GKDN1H-F011K1TL7L2-55ae0390b3",
                "is_starred": false,
                "has_rich_preview": false
            }
        ],
        "upload": true,
        "user": "U010P7ZMAP3",
        "display_as_bot": false,
        "ts": "1586491249.036000",
        "client_msg_id": "e9e146c5-8e2e-400f-a043-79b75f925018",
        "reactions": [
            {
                "name": "party_parrot",
                "users": [
                    "U010T8GS82C"
                ],
                "count": 1
            }
        ]
    },
    {
        "type": "message",
        "text": "",
        "files": [
            {
                "id": "F0125MZ4Y72",
                "created": 1586491556,
                "timestamp": 1586491556,
                "name": "Screen Shot 2020-04-09 at 9.05.49 PM.png",
                "title": "Screen Shot 2020-04-09 at 9.05.49 PM.png",
                "mimetype": "image\/png",
                "filetype": "png",
                "pretty_type": "PNG",
                "user": "U0109GZP6HH",
                "editable": false,
                "size": 341799,
                "mode": "hosted",
                "is_external": false,
                "external_type": "",
                "is_public": true,
                "public_url_shared": false,
                "display_as_bot": false,
                "username": "",
                "url_private": "https:\/\/files.slack.com\/files-pri\/T0105GKDN1H-F0125MZ4Y72\/screen_shot_2020-04-09_at_9.05.49_pm.png?t=xoxe-1005563464051-1077300145892-1094973465936-b91b441389dd5f41adba77ce94586498",
                "url_private_download": "https:\/\/files.slack.com\/files-pri\/T0105GKDN1H-F0125MZ4Y72\/download\/screen_shot_2020-04-09_at_9.05.49_pm.png?t=xoxe-1005563464051-1077300145892-1094973465936-b91b441389dd5f41adba77ce94586498",
                "thumb_64": "https:\/\/files.slack.com\/files-tmb\/T0105GKDN1H-F0125MZ4Y72-d6864f2c21\/screen_shot_2020-04-09_at_9.05.49_pm_64.png?t=xoxe-1005563464051-1077300145892-1094973465936-b91b441389dd5f41adba77ce94586498",
                "thumb_80": "https:\/\/files.slack.com\/files-tmb\/T0105GKDN1H-F0125MZ4Y72-d6864f2c21\/screen_shot_2020-04-09_at_9.05.49_pm_80.png?t=xoxe-1005563464051-1077300145892-1094973465936-b91b441389dd5f41adba77ce94586498",
                "thumb_360": "https:\/\/files.slack.com\/files-tmb\/T0105GKDN1H-F0125MZ4Y72-d6864f2c21\/screen_shot_2020-04-09_at_9.05.49_pm_360.png?t=xoxe-1005563464051-1077300145892-1094973465936-b91b441389dd5f41adba77ce94586498",
                "thumb_360_w": 360,
                "thumb_360_h": 359,
                "thumb_480": "https:\/\/files.slack.com\/files-tmb\/T0105GKDN1H-F0125MZ4Y72-d6864f2c21\/screen_shot_2020-04-09_at_9.05.49_pm_480.png?t=xoxe-1005563464051-1077300145892-1094973465936-b91b441389dd5f41adba77ce94586498",
                "thumb_480_w": 480,
                "thumb_480_h": 479,
                "thumb_160": "https:\/\/files.slack.com\/files-tmb\/T0105GKDN1H-F0125MZ4Y72-d6864f2c21\/screen_shot_2020-04-09_at_9.05.49_pm_160.png?t=xoxe-1005563464051-1077300145892-1094973465936-b91b441389dd5f41adba77ce94586498",
                "original_w": 582,
                "original_h": 581,
                "thumb_tiny": "AwAvADC80iqcGkMijB5wRnNUbm6lju2RW+UY4wPSnmeUMGzlG7EdD6f4U7CLfmAjIBPWlEgLbcHNVHknjOd2VPcAcUvnuRw3NFguXKKpedKRw\/6VPbOzoxc5INDVguVru3VpHk3HPFN2jyCu7liMn1FS3ZwZDnoOlVIZiCSufoaHca1J04gOeFOM80wokfzDOD2zUZlkbP3QDTWcEHPWpVxtW3JVkzJ86cdsGrdid0TEkH5u3as2Jt8gHStGxCqjhSThuc\/Sq1sJ2voRXQzK456f0qokUgUnac9q2GhRjkoCT3o8lP7gptpoSumY5jk6BDThayt8yxls8fStbyk\/uCnBQowowKlDbb3MdLW5U5ER\/HFaFmjpG3mLtJNWMUYp3Ef\/2Q==",
                "permalink": "https:\/\/uclavirtfsfpt-96r8630.slack.com\/files\/U0109GZP6HH\/F0125MZ4Y72\/screen_shot_2020-04-09_at_9.05.49_pm.png",
                "permalink_public": "https:\/\/slack-files.com\/T0105GKDN1H-F0125MZ4Y72-fca734b219",
                "is_starred": false,
                "has_rich_preview": false
            }
        ],
        "upload": true,
        "user": "U0109GZP6HH",
        "display_as_bot": false,
        "ts": "1586491559.037400",
        "client_msg_id": "4685b495-2cb2-40ca-95f7-00f606c08e7a",
        "reactions": [
            {
                "name": "heart",
                "users": [
                    "U010L2Z8M7F",
                    "U010ACLHD0R"
                ],
                "count": 2
            }
        ]
    },
    {
        "type": "message",
        "text": "",
        "files": [
            {
                "id": "F011K22RR6W",
                "created": 1586491740,
                "timestamp": 1586491740,
                "name": "bootstrap activity2.JPG",
                "title": "bootstrap activity2.JPG",
                "mimetype": "image\/jpeg",
                "filetype": "jpg",
                "pretty_type": "JPEG",
                "user": "U010LHWSG4U",
                "editable": false,
                "size": 61222,
                "mode": "hosted",
                "is_external": false,
                "external_type": "",
                "is_public": true,
                "public_url_shared": false,
                "display_as_bot": false,
                "username": "",
                "url_private": "https:\/\/files.slack.com\/files-pri\/T0105GKDN1H-F011K22RR6W\/bootstrap_activity2.jpg?t=xoxe-1005563464051-1077300145892-1094973465936-b91b441389dd5f41adba77ce94586498",
                "url_private_download": "https:\/\/files.slack.com\/files-pri\/T0105GKDN1H-F011K22RR6W\/download\/bootstrap_activity2.jpg?t=xoxe-1005563464051-1077300145892-1094973465936-b91b441389dd5f41adba77ce94586498",
                "thumb_64": "https:\/\/files.slack.com\/files-tmb\/T0105GKDN1H-F011K22RR6W-c78c08c0c1\/bootstrap_activity2_64.jpg?t=xoxe-1005563464051-1077300145892-1094973465936-b91b441389dd5f41adba77ce94586498",
                "thumb_80": "https:\/\/files.slack.com\/files-tmb\/T0105GKDN1H-F011K22RR6W-c78c08c0c1\/bootstrap_activity2_80.jpg?t=xoxe-1005563464051-1077300145892-1094973465936-b91b441389dd5f41adba77ce94586498",
                "thumb_360": "https:\/\/files.slack.com\/files-tmb\/T0105GKDN1H-F011K22RR6W-c78c08c0c1\/bootstrap_activity2_360.jpg?t=xoxe-1005563464051-1077300145892-1094973465936-b91b441389dd5f41adba77ce94586498",
                "thumb_360_w": 360,
                "thumb_360_h": 331,
                "thumb_480": "https:\/\/files.slack.com\/files-tmb\/T0105GKDN1H-F011K22RR6W-c78c08c0c1\/bootstrap_activity2_480.jpg?t=xoxe-1005563464051-1077300145892-1094973465936-b91b441389dd5f41adba77ce94586498",
                "thumb_480_w": 480,
                "thumb_480_h": 441,
                "thumb_160": "https:\/\/files.slack.com\/files-tmb\/T0105GKDN1H-F011K22RR6W-c78c08c0c1\/bootstrap_activity2_160.jpg?t=xoxe-1005563464051-1077300145892-1094973465936-b91b441389dd5f41adba77ce94586498",
                "thumb_720": "https:\/\/files.slack.com\/files-tmb\/T0105GKDN1H-F011K22RR6W-c78c08c0c1\/bootstrap_activity2_720.jpg?t=xoxe-1005563464051-1077300145892-1094973465936-b91b441389dd5f41adba77ce94586498",
                "thumb_720_w": 720,
                "thumb_720_h": 661,
                "thumb_800": "https:\/\/files.slack.com\/files-tmb\/T0105GKDN1H-F011K22RR6W-c78c08c0c1\/bootstrap_activity2_800.jpg?t=xoxe-1005563464051-1077300145892-1094973465936-b91b441389dd5f41adba77ce94586498",
                "thumb_800_w": 800,
                "thumb_800_h": 735,
                "original_w": 922,
                "original_h": 847,
                "thumb_tiny": "AwAsADCfzCP\/ANZqFr5Q3c\/SnN908dqgkQFDhQKBpXLK3G8ZXGPxqRJmyF4xmqdupXcM5wasJ99fqKBF6iiigCgaYIzuA7U4HdmpYsHNAIiaPZyvGaIjuZfXPNTsARVZTsnHoSKANBlLKQGI9xSIhQnLs31p9FO4WITaxE\/d\/WnLCifdGKkopAN8tfSm+RHuDbeR05qSigAooooA\/9k=",
                "permalink": "https:\/\/uclavirtfsfpt-96r8630.slack.com\/files\/U010LHWSG4U\/F011K22RR6W\/bootstrap_activity2.jpg",
                "permalink_public": "https:\/\/slack-files.com\/T0105GKDN1H-F011K22RR6W-bda146814c",
                "is_starred": false,
                "has_rich_preview": false
            }
        ],
        "upload": true,
        "user": "U010LHWSG4U",
        "display_as_bot": false,
        "ts": "1586491743.037900",
        "client_msg_id": "5f4d67b0-011b-46ea-8470-987a804b94f1",
        "reactions": [
            {
                "name": "rolling_on_the_floor_laughing",
                "users": [
                    "U0109GZP6HH"
                ],
                "count": 1
            }
        ]
    },
    {
        "client_msg_id": "ce9c1528-b1e1-4091-94bb-e6fcf5a877ab",
        "type": "message",
        "text": "Feel free to hit me up in slack if I missed anything.",
        "user": "U010Y90H4T0",
        "ts": "1586499337.038800",
        "team": "T0105GKDN1H",
        "user_team": "T0105GKDN1H",
        "source_team": "T0105GKDN1H",
        "user_profile": {
            "avatar_hash": "dab7da854ffb",
            "image_72": "https:\/\/avatars.slack-edge.com\/2020-03-27\/1017678411922_dab7da854ffb816e196d_72.jpg",
            "first_name": "Chris",
            "real_name": "Chris Murphy",
            "display_name": "Chris Murphy",
            "team": "T0105GKDN1H",
            "name": "christoph2005",
            "is_restricted": false,
            "is_ultra_restricted": false
        },
        "blocks": [
            {
                "type": "rich_text",
                "block_id": "ifF",
                "elements": [
                    {
                        "type": "rich_text_section",
                        "elements": [
                            {
                                "type": "text",
                                "text": "Feel free to hit me up in slack if I missed anything."
                            }
                        ]
                    }
                ]
            }
        ]
    }
]