[
    {
        "client_msg_id": "55cd68b0-d306-482f-9d7f-8ab9437f9fe9",
        "type": "message",
        "text": "<@U010Y90H4T0> will the solution for the Basic-Portfolio assignment be provided?",
        "user": "U0109GZP6HH",
        "ts": "1586880008.049500",
        "team": "T0105GKDN1H",
        "user_team": "T0105GKDN1H",
        "source_team": "T0105GKDN1H",
        "user_profile": {
            "avatar_hash": "dcfd7b601289",
            "image_72": "https:\/\/avatars.slack-edge.com\/2020-03-27\/1034775747879_dcfd7b601289e2bf7f73_72.jpg",
            "first_name": "",
            "real_name": "Jessica Vaiana-Cavanagh",
            "display_name": "Jessica Vaiana-Cavanagh",
            "team": "T0105GKDN1H",
            "name": "jessica.vaicav",
            "is_restricted": false,
            "is_ultra_restricted": false
        },
        "blocks": [
            {
                "type": "rich_text",
                "block_id": "6df",
                "elements": [
                    {
                        "type": "rich_text_section",
                        "elements": [
                            {
                                "type": "user",
                                "user_id": "U010Y90H4T0"
                            },
                            {
                                "type": "text",
                                "text": " will the solution for the Basic-Portfolio assignment be provided?"
                            }
                        ]
                    }
                ]
            }
        ],
        "thread_ts": "1586880008.049500",
        "reply_count": 1,
        "reply_users_count": 1,
        "latest_reply": "1586880106.049600",
        "reply_users": [
            "U010Y90H4T0"
        ],
        "replies": [
            {
                "user": "U010Y90H4T0",
                "ts": "1586880106.049600"
            }
        ],
        "subscribed": false
    },
    {
        "type": "message",
        "subtype": "thread_broadcast",
        "text": "<https:\/\/uclavirtfsfpt-96r8630.slack.com\/archives\/C010GGYPXS8\/p1586879778041600>",
        "user": "U010Y90H4T0",
        "ts": "1586880106.049600",
        "thread_ts": "1586880008.049500",
        "root": {
            "client_msg_id": "55cd68b0-d306-482f-9d7f-8ab9437f9fe9",
            "type": "message",
            "text": "<@U010Y90H4T0> will the solution for the Basic-Portfolio assignment be provided?",
            "user": "U0109GZP6HH",
            "ts": "1586880008.049500",
            "team": "T0105GKDN1H",
            "blocks": [
                {
                    "type": "rich_text",
                    "block_id": "6df",
                    "elements": [
                        {
                            "type": "rich_text_section",
                            "elements": [
                                {
                                    "type": "user",
                                    "user_id": "U010Y90H4T0"
                                },
                                {
                                    "type": "text",
                                    "text": " will the solution for the Basic-Portfolio assignment be provided?"
                                }
                            ]
                        }
                    ]
                }
            ],
            "thread_ts": "1586880008.049500",
            "reply_count": 1,
            "reply_users_count": 1,
            "latest_reply": "1586880106.049600",
            "reply_users": [
                "U010Y90H4T0"
            ],
            "subscribed": false
        },
        "blocks": [
            {
                "type": "rich_text",
                "block_id": "Ssay",
                "elements": [
                    {
                        "type": "rich_text_section",
                        "elements": [
                            {
                                "type": "link",
                                "url": "https:\/\/uclavirtfsfpt-96r8630.slack.com\/archives\/C010GGYPXS8\/p1586879778041600"
                            }
                        ]
                    }
                ]
            }
        ],
        "client_msg_id": "37a58698-4f1e-47b5-9380-09c738e9cbec"
    },
    {
        "client_msg_id": "039b2fc5-55df-4f2a-b750-df1b9188da6c",
        "type": "message",
        "text": "sweet! thanks",
        "user": "U0109GZP6HH",
        "ts": "1586880119.050100",
        "team": "T0105GKDN1H",
        "user_team": "T0105GKDN1H",
        "source_team": "T0105GKDN1H",
        "user_profile": {
            "avatar_hash": "dcfd7b601289",
            "image_72": "https:\/\/avatars.slack-edge.com\/2020-03-27\/1034775747879_dcfd7b601289e2bf7f73_72.jpg",
            "first_name": "",
            "real_name": "Jessica Vaiana-Cavanagh",
            "display_name": "Jessica Vaiana-Cavanagh",
            "team": "T0105GKDN1H",
            "name": "jessica.vaicav",
            "is_restricted": false,
            "is_ultra_restricted": false
        },
        "blocks": [
            {
                "type": "rich_text",
                "block_id": "l9A+=",
                "elements": [
                    {
                        "type": "rich_text_section",
                        "elements": [
                            {
                                "type": "text",
                                "text": "sweet! thanks"
                            }
                        ]
                    }
                ]
            }
        ],
        "reactions": [
            {
                "name": "grinning",
                "users": [
                    "U010Y90H4T0"
                ],
                "count": 1
            }
        ]
    }
]