[
    {
        "type": "message",
        "subtype": "channel_join",
        "ts": "1584998124.000200",
        "user": "U010L7X7YJG",
        "text": "<@U010L7X7YJG> has joined the channel"
    },
    {
        "type": "message",
        "subtype": "channel_join",
        "ts": "1584998127.000400",
        "user": "U0107MTT526",
        "text": "<@U0107MTT526> has joined the channel",
        "inviter": "U010L7X7YJG"
    },
    {
        "type": "message",
        "subtype": "channel_join",
        "ts": "1584998127.000600",
        "user": "U010ACLHD0R",
        "text": "<@U010ACLHD0R> has joined the channel",
        "inviter": "U010L7X7YJG"
    },
    {
        "type": "message",
        "subtype": "channel_join",
        "ts": "1584998127.000800",
        "user": "U010AFPTJP3",
        "text": "<@U010AFPTJP3> has joined the channel",
        "inviter": "U010L7X7YJG"
    },
    {
        "type": "message",
        "subtype": "channel_join",
        "ts": "1584998127.001000",
        "user": "U010AJPBC3B",
        "text": "<@U010AJPBC3B> has joined the channel",
        "inviter": "U010L7X7YJG"
    },
    {
        "type": "message",
        "subtype": "channel_join",
        "ts": "1584998127.001200",
        "user": "U010H0ZEZJL",
        "text": "<@U010H0ZEZJL> has joined the channel",
        "inviter": "U010L7X7YJG"
    },
    {
        "type": "message",
        "subtype": "channel_join",
        "ts": "1584998127.001400",
        "user": "U010K745JMU",
        "text": "<@U010K745JMU> has joined the channel",
        "inviter": "U010L7X7YJG"
    },
    {
        "type": "message",
        "subtype": "channel_join",
        "ts": "1584998127.001600",
        "user": "U010KG4F57W",
        "text": "<@U010KG4F57W> has joined the channel",
        "inviter": "U010L7X7YJG"
    },
    {
        "type": "message",
        "subtype": "channel_join",
        "ts": "1584998128.001800",
        "user": "U010L2Z8M7F",
        "text": "<@U010L2Z8M7F> has joined the channel",
        "inviter": "U010L7X7YJG"
    },
    {
        "type": "message",
        "subtype": "channel_join",
        "ts": "1584998128.002200",
        "user": "U010LEW7V2R",
        "text": "<@U010LEW7V2R> has joined the channel",
        "inviter": "U010L7X7YJG"
    },
    {
        "type": "message",
        "subtype": "channel_join",
        "ts": "1584998128.002400",
        "user": "U010NBVRB62",
        "text": "<@U010NBVRB62> has joined the channel",
        "inviter": "U010L7X7YJG"
    },
    {
        "type": "message",
        "subtype": "bot_add",
        "text": "added an integration to this channel: <https:\/\/uclavirtfsfpt-96r8630.slack.com\/services\/B010L802PQU|Trilobot>",
        "user": "U010L7X7YJG",
        "bot_id": "B010L802PQU",
        "bot_link": "<https:\/\/uclavirtfsfpt-96r8630.slack.com\/services\/B010L802PQU|Trilobot>",
        "ts": "1584998155.002500"
    },
    {
        "type": "message",
        "subtype": "channel_join",
        "ts": "1585001117.002700",
        "user": "U010AP9JH4Z",
        "text": "<@U010AP9JH4Z> has joined the channel"
    },
    {
        "type": "message",
        "subtype": "channel_join",
        "ts": "1585001133.002900",
        "user": "U010LRKMSKX",
        "text": "<@U010LRKMSKX> has joined the channel"
    },
    {
        "type": "message",
        "subtype": "channel_join",
        "ts": "1585001192.003100",
        "user": "U010APCDU9F",
        "text": "<@U010APCDU9F> has joined the channel"
    },
    {
        "type": "message",
        "subtype": "channel_join",
        "ts": "1585003992.003300",
        "user": "U010NLX5YVD",
        "text": "<@U010NLX5YVD> has joined the channel"
    },
    {
        "type": "message",
        "subtype": "channel_join",
        "ts": "1585004413.003500",
        "user": "U010853J6DQ",
        "text": "<@U010853J6DQ> has joined the channel"
    },
    {
        "type": "message",
        "subtype": "channel_join",
        "ts": "1585004657.003700",
        "user": "U010LUDNEJU",
        "text": "<@U010LUDNEJU> has joined the channel"
    },
    {
        "type": "message",
        "subtype": "channel_join",
        "ts": "1585006792.003900",
        "user": "U01086WUV5Y",
        "text": "<@U01086WUV5Y> has joined the channel"
    }
]