[
    {
        "client_msg_id": "fe1bce82-e049-4435-8d46-1021ce4b874f",
        "type": "message",
        "text": "GitLab:\nIf we *pull* the *origin master* class repository to our computer,\nmake *edits* to those files on our computer,\n*push* it to a *personal* repository,\nthen *pull* again from the *origin master,*\nwill the edits we made from the first pull be overwritten by the second pull?",
        "user": "U010LJKUX44",
        "ts": "1586579401.008100",
        "team": "T0105GKDN1H",
        "user_team": "T0105GKDN1H",
        "source_team": "T0105GKDN1H",
        "user_profile": {
            "avatar_hash": "76dca6aade71",
            "image_72": "https:\/\/avatars.slack-edge.com\/2020-03-23\/1022739361382_76dca6aade71042586a7_72.png",
            "first_name": "",
            "real_name": "Hazel Kasusky",
            "display_name": "Hazel Kasusky",
            "team": "T0105GKDN1H",
            "name": "kasusky.music",
            "is_restricted": false,
            "is_ultra_restricted": false
        },
        "blocks": [
            {
                "type": "rich_text",
                "block_id": "ZAepq",
                "elements": [
                    {
                        "type": "rich_text_section",
                        "elements": [
                            {
                                "type": "text",
                                "text": "GitLab:\nIf we "
                            },
                            {
                                "type": "text",
                                "text": "pull ",
                                "style": {
                                    "bold": true
                                }
                            },
                            {
                                "type": "text",
                                "text": "the "
                            },
                            {
                                "type": "text",
                                "text": "origin master",
                                "style": {
                                    "bold": true
                                }
                            },
                            {
                                "type": "text",
                                "text": " class repository to our computer,\nmake "
                            },
                            {
                                "type": "text",
                                "text": "edits ",
                                "style": {
                                    "bold": true
                                }
                            },
                            {
                                "type": "text",
                                "text": "to those files on our computer,\n"
                            },
                            {
                                "type": "text",
                                "text": "push ",
                                "style": {
                                    "bold": true
                                }
                            },
                            {
                                "type": "text",
                                "text": "it to a "
                            },
                            {
                                "type": "text",
                                "text": "personal ",
                                "style": {
                                    "bold": true
                                }
                            },
                            {
                                "type": "text",
                                "text": "repository,\nthen "
                            },
                            {
                                "type": "text",
                                "text": "pull ",
                                "style": {
                                    "bold": true
                                }
                            },
                            {
                                "type": "text",
                                "text": "again from the "
                            },
                            {
                                "type": "text",
                                "text": "origin master,",
                                "style": {
                                    "bold": true
                                }
                            },
                            {
                                "type": "text",
                                "text": "\nwill the edits we made from the first pull be overwritten by the second pull?"
                            }
                        ]
                    }
                ]
            }
        ]
    },
    {
        "client_msg_id": "7241e6a9-c5ba-46bf-b811-b8da3c15178b",
        "type": "message",
        "text": "nvm spoke to soon I'll try it out~",
        "user": "U010LJKUX44",
        "ts": "1586579429.008500",
        "team": "T0105GKDN1H",
        "user_team": "T0105GKDN1H",
        "source_team": "T0105GKDN1H",
        "user_profile": {
            "avatar_hash": "76dca6aade71",
            "image_72": "https:\/\/avatars.slack-edge.com\/2020-03-23\/1022739361382_76dca6aade71042586a7_72.png",
            "first_name": "",
            "real_name": "Hazel Kasusky",
            "display_name": "Hazel Kasusky",
            "team": "T0105GKDN1H",
            "name": "kasusky.music",
            "is_restricted": false,
            "is_ultra_restricted": false
        },
        "blocks": [
            {
                "type": "rich_text",
                "block_id": "91sL7",
                "elements": [
                    {
                        "type": "rich_text_section",
                        "elements": [
                            {
                                "type": "text",
                                "text": "nvm spoke to soon I'll try it out~"
                            }
                        ]
                    }
                ]
            }
        ],
        "thread_ts": "1586579429.008500",
        "reply_count": 2,
        "reply_users_count": 2,
        "latest_reply": "1586590300.008900",
        "reply_users": [
            "U010Y90H4T0",
            "U010LJKUX44"
        ],
        "replies": [
            {
                "user": "U010Y90H4T0",
                "ts": "1586581299.008700"
            },
            {
                "user": "U010LJKUX44",
                "ts": "1586590300.008900"
            }
        ],
        "subscribed": false,
        "reactions": [
            {
                "name": "+1",
                "users": [
                    "U010Y90H4T0"
                ],
                "count": 1
            }
        ]
    },
    {
        "client_msg_id": "99517f99-6e83-4ede-9c16-3d07a4ce0b81",
        "type": "message",
        "text": "let us know how it goes",
        "user": "U010Y90H4T0",
        "ts": "1586581299.008700",
        "team": "T0105GKDN1H",
        "user_team": "T0105GKDN1H",
        "source_team": "T0105GKDN1H",
        "user_profile": {
            "avatar_hash": "dab7da854ffb",
            "image_72": "https:\/\/avatars.slack-edge.com\/2020-03-27\/1017678411922_dab7da854ffb816e196d_72.jpg",
            "first_name": "Chris",
            "real_name": "Chris Murphy",
            "display_name": "Chris Murphy",
            "team": "T0105GKDN1H",
            "name": "christoph2005",
            "is_restricted": false,
            "is_ultra_restricted": false
        },
        "blocks": [
            {
                "type": "rich_text",
                "block_id": "UQh=",
                "elements": [
                    {
                        "type": "rich_text_section",
                        "elements": [
                            {
                                "type": "text",
                                "text": "let us know how it goes"
                            }
                        ]
                    }
                ]
            }
        ],
        "thread_ts": "1586579429.008500",
        "parent_user_id": "U010LJKUX44"
    }
]