[
    {
        "client_msg_id": "e8336148-bd39-4c79-bc4e-dffde1b2d1b8",
        "type": "message",
        "text": "I'm getting the 404 not found when I click the git lab link",
        "user": "U010HBPMX5G",
        "ts": "1585882914.001800",
        "team": "T0105GKDN1H",
        "user_team": "T0105GKDN1H",
        "source_team": "T0105GKDN1H",
        "user_profile": {
            "avatar_hash": "5cb5349df106",
            "image_72": "https:\/\/avatars.slack-edge.com\/2020-03-28\/1032931059492_5cb5349df1060e2e509d_72.png",
            "first_name": "Jeremy",
            "real_name": "Jeremy Pena",
            "display_name": "Jeremy Pena",
            "team": "T0105GKDN1H",
            "name": "jpena.boots",
            "is_restricted": false,
            "is_ultra_restricted": false
        },
        "blocks": [
            {
                "type": "rich_text",
                "block_id": "12C",
                "elements": [
                    {
                        "type": "rich_text_section",
                        "elements": [
                            {
                                "type": "text",
                                "text": "I'm getting the 404 not found when I click the git lab link"
                            }
                        ]
                    }
                ]
            }
        ]
    },
    {
        "client_msg_id": "1bb31a21-b50f-4f58-a705-c7f4e994c079",
        "type": "message",
        "text": "which git lab link exactly?",
        "user": "U010LHWSG4U",
        "ts": "1585882958.002100",
        "team": "T0105GKDN1H",
        "user_team": "T0105GKDN1H",
        "source_team": "T0105GKDN1H",
        "user_profile": {
            "avatar_hash": "94c7660ade93",
            "image_72": "https:\/\/avatars.slack-edge.com\/2020-03-25\/1015453574355_94c7660ade93297788be_72.jpg",
            "first_name": "",
            "real_name": "Sandra Romero",
            "display_name": "Sandra Romero",
            "team": "T0105GKDN1H",
            "name": "sandymarieromero",
            "is_restricted": false,
            "is_ultra_restricted": false
        },
        "blocks": [
            {
                "type": "rich_text",
                "block_id": "OFz",
                "elements": [
                    {
                        "type": "rich_text_section",
                        "elements": [
                            {
                                "type": "text",
                                "text": "which git lab link exactly?"
                            }
                        ]
                    }
                ]
            }
        ]
    },
    {
        "client_msg_id": "298ed14f-e90e-4aee-a181-e54b6269688c",
        "type": "message",
        "text": "for our class <https:\/\/uclax.bootcampcontent.com\/UCLA-Coding-Boot-Camp\/ucla-virt-fsf-pt-03-2020-u-lol\/blob\/master\/01-Week\/Lecture%20Slides\/live_online-webdev-01-2-Gitn-pro-with-html-css.pdf>",
        "user": "U010HBPMX5G",
        "ts": "1585883039.002700",
        "team": "T0105GKDN1H",
        "user_team": "T0105GKDN1H",
        "source_team": "T0105GKDN1H",
        "user_profile": {
            "avatar_hash": "5cb5349df106",
            "image_72": "https:\/\/avatars.slack-edge.com\/2020-03-28\/1032931059492_5cb5349df1060e2e509d_72.png",
            "first_name": "Jeremy",
            "real_name": "Jeremy Pena",
            "display_name": "Jeremy Pena",
            "team": "T0105GKDN1H",
            "name": "jpena.boots",
            "is_restricted": false,
            "is_ultra_restricted": false
        },
        "attachments": [
            {
                "service_name": "GitLab",
                "title": "Sign in",
                "title_link": "https:\/\/uclax.bootcampcontent.com\/UCLA-Coding-Boot-Camp\/ucla-virt-fsf-pt-03-2020-u-lol\/blob\/master\/01-Week\/Lecture%20Slides\/live_online-webdev-01-2-Gitn-pro-with-html-css.pdf",
                "text": "GitLab Community Edition",
                "fallback": "GitLab: Sign in",
                "thumb_url": "https:\/\/uclax.bootcampcontent.com\/assets\/gitlab_logo-7ae504fe4f68fdebb3c2034e36621930cd36ea87924c11ff65dbcb8ed50dca58.png",
                "from_url": "https:\/\/uclax.bootcampcontent.com\/UCLA-Coding-Boot-Camp\/ucla-virt-fsf-pt-03-2020-u-lol\/blob\/master\/01-Week\/Lecture%20Slides\/live_online-webdev-01-2-Gitn-pro-with-html-css.pdf",
                "thumb_width": 128,
                "thumb_height": 128,
                "service_icon": "https:\/\/uclax.bootcampcontent.com\/assets\/touch-icon-iphone-5a9cee0e8a51212e70b90c87c12f382c428870c0ff67d1eb034d884b78d2dae7.png",
                "id": 1,
                "original_url": "https:\/\/uclax.bootcampcontent.com\/UCLA-Coding-Boot-Camp\/ucla-virt-fsf-pt-03-2020-u-lol\/blob\/master\/01-Week\/Lecture%20Slides\/live_online-webdev-01-2-Gitn-pro-with-html-css.pdf"
            }
        ],
        "blocks": [
            {
                "type": "rich_text",
                "block_id": "ZhHdB",
                "elements": [
                    {
                        "type": "rich_text_section",
                        "elements": [
                            {
                                "type": "text",
                                "text": "for our class "
                            },
                            {
                                "type": "link",
                                "url": "https:\/\/uclax.bootcampcontent.com\/UCLA-Coding-Boot-Camp\/ucla-virt-fsf-pt-03-2020-u-lol\/blob\/master\/01-Week\/Lecture%20Slides\/live_online-webdev-01-2-Gitn-pro-with-html-css.pdf"
                            }
                        ]
                    }
                ]
            }
        ]
    },
    {
        "client_msg_id": "612322ec-1296-44b8-97c9-5e5a2ddb70f4",
        "type": "message",
        "text": "I think that means you might not have been added as part of the class, maybe? I would contact support on <http:\/\/bootcampspot.com|bootcampspot.com>",
        "user": "U010LHWSG4U",
        "ts": "1585883681.004100",
        "team": "T0105GKDN1H",
        "user_team": "T0105GKDN1H",
        "source_team": "T0105GKDN1H",
        "user_profile": {
            "avatar_hash": "94c7660ade93",
            "image_72": "https:\/\/avatars.slack-edge.com\/2020-03-25\/1015453574355_94c7660ade93297788be_72.jpg",
            "first_name": "",
            "real_name": "Sandra Romero",
            "display_name": "Sandra Romero",
            "team": "T0105GKDN1H",
            "name": "sandymarieromero",
            "is_restricted": false,
            "is_ultra_restricted": false
        },
        "blocks": [
            {
                "type": "rich_text",
                "block_id": "1zJc",
                "elements": [
                    {
                        "type": "rich_text_section",
                        "elements": [
                            {
                                "type": "text",
                                "text": "I think that means you might not have been added as part of the class, maybe? I would contact support on "
                            },
                            {
                                "type": "link",
                                "url": "http:\/\/bootcampspot.com",
                                "text": "bootcampspot.com"
                            }
                        ]
                    }
                ]
            }
        ],
        "reactions": [
            {
                "name": "+1",
                "users": [
                    "U010Y90H4T0"
                ],
                "count": 1
            }
        ]
    },
    {
        "client_msg_id": "F3E27A80-A0D5-4BC8-9408-3A19373F6A25",
        "type": "message",
        "text": "Ok I did just that. TY",
        "user": "U010HBPMX5G",
        "ts": "1585884091.004600",
        "team": "T0105GKDN1H",
        "user_team": "T0105GKDN1H",
        "source_team": "T0105GKDN1H",
        "user_profile": {
            "avatar_hash": "5cb5349df106",
            "image_72": "https:\/\/avatars.slack-edge.com\/2020-03-28\/1032931059492_5cb5349df1060e2e509d_72.png",
            "first_name": "Jeremy",
            "real_name": "Jeremy Pena",
            "display_name": "Jeremy Pena",
            "team": "T0105GKDN1H",
            "name": "jpena.boots",
            "is_restricted": false,
            "is_ultra_restricted": false
        },
        "blocks": [
            {
                "type": "rich_text",
                "block_id": "OAt2",
                "elements": [
                    {
                        "type": "rich_text_section",
                        "elements": [
                            {
                                "type": "text",
                                "text": "Ok I did just that. TY"
                            }
                        ]
                    }
                ]
            }
        ]
    },
    {
        "client_msg_id": "999c4152-10e8-44e3-a128-953e3e6ae85b",
        "type": "message",
        "text": "Join",
        "user": "U010H28N18S",
        "ts": "1585894296.004800",
        "team": "T0105GKDN1H",
        "user_team": "T0105GKDN1H",
        "source_team": "T0105GKDN1H",
        "user_profile": {
            "avatar_hash": "84fd88e6f1cb",
            "image_72": "https:\/\/avatars.slack-edge.com\/2020-03-26\/1029561083269_84fd88e6f1cb30ca3348_72.jpg",
            "first_name": "Christine",
            "real_name": "Christine Munoz",
            "display_name": "Christine",
            "team": "T0105GKDN1H",
            "name": "christinezzy5",
            "is_restricted": false,
            "is_ultra_restricted": false
        },
        "blocks": [
            {
                "type": "rich_text",
                "block_id": "NsD",
                "elements": [
                    {
                        "type": "rich_text_section",
                        "elements": [
                            {
                                "type": "text",
                                "text": "Join"
                            }
                        ]
                    }
                ]
            }
        ]
    }
]