[
    {
        "client_msg_id": "974704e5-cd26-43a9-87c4-cfeead463fd1",
        "type": "message",
        "text": "I have more questions now. @.@ I'll have to first gain clarification on origin master, origin\/master, upstream, and remote pulls and pushes.",
        "user": "U010LJKUX44",
        "ts": "1586590300.008900",
        "team": "T0105GKDN1H",
        "user_team": "T0105GKDN1H",
        "source_team": "T0105GKDN1H",
        "user_profile": {
            "avatar_hash": "76dca6aade71",
            "image_72": "https:\/\/avatars.slack-edge.com\/2020-03-23\/1022739361382_76dca6aade71042586a7_72.png",
            "first_name": "",
            "real_name": "Hazel Kasusky",
            "display_name": "Hazel Kasusky",
            "team": "T0105GKDN1H",
            "name": "kasusky.music",
            "is_restricted": false,
            "is_ultra_restricted": false
        },
        "blocks": [
            {
                "type": "rich_text",
                "block_id": "yvt",
                "elements": [
                    {
                        "type": "rich_text_section",
                        "elements": [
                            {
                                "type": "text",
                                "text": "I have more questions now. @.@ I'll have to first gain clarification on origin master, origin\/master, upstream, and remote pulls and pushes."
                            }
                        ]
                    }
                ]
            }
        ],
        "thread_ts": "1586579429.008500",
        "parent_user_id": "U010LJKUX44"
    }
]