[
{
    "id": "C010477U2N6",
    "name": "02-ask-the-class",
    "created": 1584817164,
    "creator": "U010K745JMU",
    "is_archived": false,
    "is_general": false,
    "members": [
        "U0107MTT526",
        "U010853J6DQ",
        "U01086WUV5Y",
        "U010884RC58",
        "U0109GZP6HH",
        "U0109HQ4UQ3",
        "U010ACLHD0R",
        "U010AFPTJP3",
        "U010AJPBC3B",
        "U010AP9JH4Z",
        "U010APCDU9F",
        "U010B06SPMX",
        "U010B4FCHCZ",
        "U010B5G5KHP",
        "U010H0ZEZJL",
        "U010H28N18S",
        "U010H71MH8A",
        "U010HBPMX5G",
        "U010K745JMU",
        "U010KG4F57W",
        "U010L2Z8M7F",
        "U010L7X7YJG",
        "U010LEW4XPX",
        "U010LEW7V2R",
        "U010LHWSG4U",
        "U010LJ07DTN",
        "U010LJKUX44",
        "U010LRKMSKX",
        "U010LUDNEJU",
        "U010M13U1FS",
        "U010M2FV6HK",
        "U010M34SKMK",
        "U010NLDPJ2J",
        "U010NLX5YVD",
        "U010NQC5BN3",
        "U010NQCT52B",
        "U010P7ZMAP3",
        "U010PSR7BT6",
        "U010T8GS82C",
        "U010TL9Q7JP",
        "U010Y90H4T0",
        "U010Z0MUSN4",
        "U011TKMDU1X"
    ],
    "topic": {
        "value": "",
        "creator": "",
        "last_set": 0
    },
    "purpose": {
        "value": "",
        "creator": "",
        "last_set": 0
    }
},
{
    "id": "C010478KSNN",
    "name": "07-tech-support",
    "created": 1584817218,
    "creator": "U010K745JMU",
    "is_archived": false,
    "is_general": false,
    "members": [
        "U0107MTT526",
        "U010853J6DQ",
        "U01086WUV5Y",
        "U010884RC58",
        "U0109GZP6HH",
        "U0109HQ4UQ3",
        "U010ACLHD0R",
        "U010AFPTJP3",
        "U010AJPBC3B",
        "U010AP9JH4Z",
        "U010APCDU9F",
        "U010B06SPMX",
        "U010B4FCHCZ",
        "U010B5G5KHP",
        "U010H0ZEZJL",
        "U010H28N18S",
        "U010H71MH8A",
        "U010HBPMX5G",
        "U010K745JMU",
        "U010KG4F57W",
        "U010L2Z8M7F",
        "U010L7X7YJG",
        "U010LEW4XPX",
        "U010LEW7V2R",
        "U010LHWSG4U",
        "U010LJ07DTN",
        "U010LJKUX44",
        "U010LRKMSKX",
        "U010LUDNEJU",
        "U010M13U1FS",
        "U010M2FV6HK",
        "U010M34SKMK",
        "U010NLDPJ2J",
        "U010NLX5YVD",
        "U010NQC5BN3",
        "U010NQCT52B",
        "U010P7ZMAP3",
        "U010PSR7BT6",
        "U010T8GS82C",
        "U010TL9Q7JP",
        "U010Y90H4T0",
        "U010Z0MUSN4",
        "U011TKMDU1X"
    ],
    "topic": {
        "value": "",
        "creator": "",
        "last_set": 0
    },
    "purpose": {
        "value": "",
        "creator": "",
        "last_set": 0
    }
},
{
    "id": "C0105GKDTU3",
    "name": "random",
    "created": 1584817141,
    "creator": "U010K745JMU",
    "is_archived": false,
    "is_general": false,
    "members": [
        "U0107MTT526",
        "U010853J6DQ",
        "U01086WUV5Y",
        "U010884RC58",
        "U0109GZP6HH",
        "U0109HQ4UQ3",
        "U010ACLHD0R",
        "U010AFPTJP3",
        "U010AJPBC3B",
        "U010AP9JH4Z",
        "U010APCDU9F",
        "U010B06SPMX",
        "U010B4FCHCZ",
        "U010B5G5KHP",
        "U010H0ZEZJL",
        "U010H28N18S",
        "U010H71MH8A",
        "U010HBPMX5G",
        "U010K745JMU",
        "U010KG4F57W",
        "U010L2Z8M7F",
        "U010L7X7YJG",
        "U010LEW4XPX",
        "U010LEW7V2R",
        "U010LHWSG4U",
        "U010LJ07DTN",
        "U010LJKUX44",
        "U010LRKMSKX",
        "U010LUDNEJU",
        "U010M13U1FS",
        "U010M2FV6HK",
        "U010M34SKMK",
        "U010NLDPJ2J",
        "U010NLX5YVD",
        "U010NQC5BN3",
        "U010NQCT52B",
        "U010P7ZMAP3",
        "U010PSR7BT6",
        "U010T8GS82C",
        "U010TL9Q7JP",
        "U010Y90H4T0",
        "U010Z0MUSN4",
        "U011TKMDU1X"
    ],
    "topic": {
        "value": "Non-work banter and water cooler conversation",
        "creator": "U010K745JMU",
        "last_set": 1584817141
    },
    "purpose": {
        "value": "A place for non-work-related flimflam, faffing, hodge-podge or jibber-jabber you'd prefer to keep out of more focused work-related channels.",
        "creator": "U010K745JMU",
        "last_set": 1584817141
    }
},
{
    "id": "C0107TMEY02",
    "name": "learning-assistants",
    "created": 1584998124,
    "creator": "U010L7X7YJG",
    "is_archived": false,
    "is_general": false,
    "members": [
        "U0107MTT526",
        "U010853J6DQ",
        "U01086WUV5Y",
        "U010884RC58",
        "U0109GZP6HH",
        "U0109HQ4UQ3",
        "U010ACLHD0R",
        "U010AFPTJP3",
        "U010AJPBC3B",
        "U010AP9JH4Z",
        "U010APCDU9F",
        "U010B06SPMX",
        "U010B4FCHCZ",
        "U010B5G5KHP",
        "U010H0ZEZJL",
        "U010H28N18S",
        "U010H71MH8A",
        "U010HBPMX5G",
        "U010K745JMU",
        "U010KG4F57W",
        "U010L2Z8M7F",
        "U010L7X7YJG",
        "U010LEW4XPX",
        "U010LEW7V2R",
        "U010LHWSG4U",
        "U010LJ07DTN",
        "U010LJKUX44",
        "U010LRKMSKX",
        "U010LUDNEJU",
        "U010M13U1FS",
        "U010M2FV6HK",
        "U010M34SKMK",
        "U010NLDPJ2J",
        "U010NLX5YVD",
        "U010NQC5BN3",
        "U010NQCT52B",
        "U010P7ZMAP3",
        "U010PSR7BT6",
        "U010T8GS82C",
        "U010TL9Q7JP",
        "U010Y90H4T0",
        "U010Z0MUSN4",
        "U011TKMDU1X"
    ],
    "pins": [
        {
            "id": "1585672867.001200",
            "type": "C",
            "created": 1585672876,
            "user": "U010H0ZEZJL",
            "owner": "USLACKBOT"
        }
    ],
    "topic": {
        "value": "",
        "creator": "",
        "last_set": 0
    },
    "purpose": {
        "value": "Type:    \/ask (question for learning assistant)",
        "creator": "U010H0ZEZJL",
        "last_set": 1585672903
    }
},
{
    "id": "C010GGYPXS8",
    "name": "general",
    "created": 1584817141,
    "creator": "U010K745JMU",
    "is_archived": false,
    "is_general": true,
    "members": [
        "U0107MTT526",
        "U010853J6DQ",
        "U01086WUV5Y",
        "U010884RC58",
        "U0109GZP6HH",
        "U0109HQ4UQ3",
        "U010ACLHD0R",
        "U010AFPTJP3",
        "U010AJPBC3B",
        "U010AP9JH4Z",
        "U010APCDU9F",
        "U010B06SPMX",
        "U010B4FCHCZ",
        "U010B5G5KHP",
        "U010H0ZEZJL",
        "U010H28N18S",
        "U010H71MH8A",
        "U010HBPMX5G",
        "U010K745JMU",
        "U010KG4F57W",
        "U010L2Z8M7F",
        "U010L7X7YJG",
        "U010LEW4XPX",
        "U010LEW7V2R",
        "U010LHWSG4U",
        "U010LJ07DTN",
        "U010LJKUX44",
        "U010LRKMSKX",
        "U010LUDNEJU",
        "U010M13U1FS",
        "U010M2FV6HK",
        "U010M34SKMK",
        "U010NLDPJ2J",
        "U010NLX5YVD",
        "U010NQC5BN3",
        "U010NQCT52B",
        "U010P7ZMAP3",
        "U010PSR7BT6",
        "U010T8GS82C",
        "U010TL9Q7JP",
        "U010Y90H4T0",
        "U010Z0MUSN4",
        "U011TKMDU1X"
    ],
    "pins": [
        {
            "id": "1585179723.001000",
            "type": "C",
            "created": 1585179729,
            "user": "U010H0ZEZJL",
            "owner": "U010H0ZEZJL"
        },
        {
            "id": "1586879778.041600",
            "type": "C",
            "created": 1586880075,
            "user": "U010Y90H4T0",
            "owner": "U010Y90H4T0"
        }
    ],
    "topic": {
        "value": "Company-wide announcements and work-based matters",
        "creator": "U010K745JMU",
        "last_set": 1584817141
    },
    "purpose": {
        "value": "This channel is for workspace-wide communication and announcements. All members are in this channel.",
        "creator": "U010K745JMU",
        "last_set": 1584817141
    }
},
{
    "id": "C010H0WJ35W",
    "name": "03-resources",
    "created": 1584817173,
    "creator": "U010K745JMU",
    "is_archived": false,
    "is_general": false,
    "members": [
        "U0107MTT526",
        "U010853J6DQ",
        "U01086WUV5Y",
        "U010884RC58",
        "U0109GZP6HH",
        "U0109HQ4UQ3",
        "U010ACLHD0R",
        "U010AFPTJP3",
        "U010AJPBC3B",
        "U010AP9JH4Z",
        "U010APCDU9F",
        "U010B06SPMX",
        "U010B4FCHCZ",
        "U010B5G5KHP",
        "U010H0ZEZJL",
        "U010H28N18S",
        "U010H71MH8A",
        "U010HBPMX5G",
        "U010K745JMU",
        "U010KG4F57W",
        "U010L2Z8M7F",
        "U010L7X7YJG",
        "U010LEW4XPX",
        "U010LEW7V2R",
        "U010LHWSG4U",
        "U010LJ07DTN",
        "U010LJKUX44",
        "U010LRKMSKX",
        "U010LUDNEJU",
        "U010M13U1FS",
        "U010M2FV6HK",
        "U010M34SKMK",
        "U010NLDPJ2J",
        "U010NLX5YVD",
        "U010NQC5BN3",
        "U010NQCT52B",
        "U010P7ZMAP3",
        "U010PSR7BT6",
        "U010T8GS82C",
        "U010TL9Q7JP",
        "U010Y90H4T0",
        "U010Z0MUSN4",
        "U011TKMDU1X"
    ],
    "topic": {
        "value": "",
        "creator": "",
        "last_set": 0
    },
    "purpose": {
        "value": "",
        "creator": "",
        "last_set": 0
    }
},
{
    "id": "C010H0WV324",
    "name": "05-zoom-rooms",
    "created": 1584817203,
    "creator": "U010K745JMU",
    "is_archived": false,
    "is_general": false,
    "members": [
        "U0107MTT526",
        "U010853J6DQ",
        "U01086WUV5Y",
        "U010884RC58",
        "U0109GZP6HH",
        "U0109HQ4UQ3",
        "U010ACLHD0R",
        "U010AFPTJP3",
        "U010AJPBC3B",
        "U010AP9JH4Z",
        "U010APCDU9F",
        "U010B06SPMX",
        "U010B4FCHCZ",
        "U010B5G5KHP",
        "U010H0ZEZJL",
        "U010H28N18S",
        "U010H71MH8A",
        "U010HBPMX5G",
        "U010K745JMU",
        "U010KG4F57W",
        "U010L2Z8M7F",
        "U010L7X7YJG",
        "U010LEW4XPX",
        "U010LEW7V2R",
        "U010LHWSG4U",
        "U010LJ07DTN",
        "U010LJKUX44",
        "U010LRKMSKX",
        "U010LUDNEJU",
        "U010M13U1FS",
        "U010M2FV6HK",
        "U010M34SKMK",
        "U010NLDPJ2J",
        "U010NLX5YVD",
        "U010NQC5BN3",
        "U010NQCT52B",
        "U010P7ZMAP3",
        "U010PSR7BT6",
        "U010T8GS82C",
        "U010TL9Q7JP",
        "U010Y90H4T0",
        "U010Z0MUSN4",
        "U011TKMDU1X"
    ],
    "pins": [
        {
            "id": "1584993383.001300",
            "type": "C",
            "created": 1584993390,
            "user": "U010H0ZEZJL",
            "owner": "U010H0ZEZJL"
        }
    ],
    "topic": {
        "value": "",
        "creator": "",
        "last_set": 0
    },
    "purpose": {
        "value": "",
        "creator": "",
        "last_set": 0
    }
},
{
    "id": "C010JPK37U7",
    "name": "01-class-activities",
    "created": 1584817141,
    "creator": "U010K745JMU",
    "is_archived": false,
    "is_general": false,
    "members": [
        "U0107MTT526",
        "U010853J6DQ",
        "U01086WUV5Y",
        "U010884RC58",
        "U0109GZP6HH",
        "U0109HQ4UQ3",
        "U010ACLHD0R",
        "U010AFPTJP3",
        "U010AJPBC3B",
        "U010AP9JH4Z",
        "U010APCDU9F",
        "U010B06SPMX",
        "U010B4FCHCZ",
        "U010B5G5KHP",
        "U010H0ZEZJL",
        "U010H28N18S",
        "U010H71MH8A",
        "U010HBPMX5G",
        "U010K745JMU",
        "U010KG4F57W",
        "U010L2Z8M7F",
        "U010L7X7YJG",
        "U010LEW4XPX",
        "U010LEW7V2R",
        "U010LHWSG4U",
        "U010LJ07DTN",
        "U010LJKUX44",
        "U010LRKMSKX",
        "U010LUDNEJU",
        "U010M13U1FS",
        "U010M2FV6HK",
        "U010M34SKMK",
        "U010NLDPJ2J",
        "U010NLX5YVD",
        "U010NQC5BN3",
        "U010NQCT52B",
        "U010P7ZMAP3",
        "U010PSR7BT6",
        "U010T8GS82C",
        "U010TL9Q7JP",
        "U010Y90H4T0",
        "U010Z0MUSN4",
        "U011TKMDU1X"
    ],
    "topic": {
        "value": "",
        "creator": "",
        "last_set": 0
    },
    "purpose": {
        "value": "",
        "creator": "",
        "last_set": 0
    }
},
{
    "id": "C010JPKJ7FZ",
    "name": "04-shout-outs",
    "created": 1584817185,
    "creator": "U010K745JMU",
    "is_archived": false,
    "is_general": false,
    "members": [
        "U0107MTT526",
        "U010853J6DQ",
        "U01086WUV5Y",
        "U010884RC58",
        "U0109GZP6HH",
        "U0109HQ4UQ3",
        "U010ACLHD0R",
        "U010AFPTJP3",
        "U010AJPBC3B",
        "U010AP9JH4Z",
        "U010APCDU9F",
        "U010B06SPMX",
        "U010B4FCHCZ",
        "U010B5G5KHP",
        "U010H0ZEZJL",
        "U010H28N18S",
        "U010H71MH8A",
        "U010HBPMX5G",
        "U010K745JMU",
        "U010KG4F57W",
        "U010L2Z8M7F",
        "U010L7X7YJG",
        "U010LEW4XPX",
        "U010LEW7V2R",
        "U010LHWSG4U",
        "U010LJ07DTN",
        "U010LJKUX44",
        "U010LRKMSKX",
        "U010LUDNEJU",
        "U010M13U1FS",
        "U010M2FV6HK",
        "U010M34SKMK",
        "U010NLDPJ2J",
        "U010NLX5YVD",
        "U010NQC5BN3",
        "U010NQCT52B",
        "U010P7ZMAP3",
        "U010PSR7BT6",
        "U010T8GS82C",
        "U010TL9Q7JP",
        "U010Y90H4T0",
        "U010Z0MUSN4",
        "U011TKMDU1X"
    ],
    "topic": {
        "value": "",
        "creator": "",
        "last_set": 0
    },
    "purpose": {
        "value": "",
        "creator": "",
        "last_set": 0
    }
},
{
    "id": "C010P6R3XG9",
    "name": "z-class-week-00",
    "created": 1585410832,
    "creator": "U010Y90H4T0",
    "is_archived": false,
    "is_general": false,
    "members": [
        "U0107MTT526",
        "U010853J6DQ",
        "U01086WUV5Y",
        "U010884RC58",
        "U0109GZP6HH",
        "U0109HQ4UQ3",
        "U010ACLHD0R",
        "U010AFPTJP3",
        "U010AJPBC3B",
        "U010AP9JH4Z",
        "U010APCDU9F",
        "U010B06SPMX",
        "U010B4FCHCZ",
        "U010B5G5KHP",
        "U010H0ZEZJL",
        "U010H28N18S",
        "U010H71MH8A",
        "U010HBPMX5G",
        "U010K745JMU",
        "U010KG4F57W",
        "U010L2Z8M7F",
        "U010L7X7YJG",
        "U010LEW4XPX",
        "U010LEW7V2R",
        "U010LHWSG4U",
        "U010LJ07DTN",
        "U010LJKUX44",
        "U010LRKMSKX",
        "U010LUDNEJU",
        "U010M13U1FS",
        "U010M2FV6HK",
        "U010M34SKMK",
        "U010NLDPJ2J",
        "U010NLX5YVD",
        "U010NQC5BN3",
        "U010NQCT52B",
        "U010P7ZMAP3",
        "U010PSR7BT6",
        "U010T8GS82C",
        "U010TL9Q7JP",
        "U010Y90H4T0",
        "U010Z0MUSN4",
        "U011TKMDU1X"
    ],
    "topic": {
        "value": "",
        "creator": "",
        "last_set": 0
    },
    "purpose": {
        "value": "Channel for First Class Session and office hours.",
        "creator": "U010Y90H4T0",
        "last_set": 1585410833
    }
},
{
    "id": "C01156C4XJA",
    "name": "z-class-week-01",
    "created": 1585629097,
    "creator": "U010Y90H4T0",
    "is_archived": false,
    "is_general": false,
    "members": [
        "U0107MTT526",
        "U010853J6DQ",
        "U01086WUV5Y",
        "U010884RC58",
        "U0109GZP6HH",
        "U0109HQ4UQ3",
        "U010ACLHD0R",
        "U010AFPTJP3",
        "U010AJPBC3B",
        "U010AP9JH4Z",
        "U010APCDU9F",
        "U010B06SPMX",
        "U010B4FCHCZ",
        "U010B5G5KHP",
        "U010H0ZEZJL",
        "U010H28N18S",
        "U010H71MH8A",
        "U010HBPMX5G",
        "U010K745JMU",
        "U010KG4F57W",
        "U010L2Z8M7F",
        "U010L7X7YJG",
        "U010LEW4XPX",
        "U010LEW7V2R",
        "U010LHWSG4U",
        "U010LJ07DTN",
        "U010LJKUX44",
        "U010LRKMSKX",
        "U010LUDNEJU",
        "U010M13U1FS",
        "U010M2FV6HK",
        "U010M34SKMK",
        "U010NLDPJ2J",
        "U010NLX5YVD",
        "U010NQC5BN3",
        "U010NQCT52B",
        "U010P7ZMAP3",
        "U010PSR7BT6",
        "U010T8GS82C",
        "U010TL9Q7JP",
        "U010Y90H4T0",
        "U010Z0MUSN4",
        "U011TKMDU1X"
    ],
    "pins": [
        {
            "id": "1585863954.062100",
            "type": "C",
            "created": 1586052600,
            "user": "U010Y90H4T0",
            "owner": "U010Y90H4T0"
        },
        {
            "id": "1586156184.142700",
            "type": "C",
            "created": 1586212913,
            "user": "U010Y90H4T0",
            "owner": "U010KG4F57W"
        }
    ],
    "topic": {
        "value": "",
        "creator": "",
        "last_set": 0
    },
    "purpose": {
        "value": "Intro to Web Development, HTML\/CSS, and Git",
        "creator": "U010Y90H4T0",
        "last_set": 1585629100
    }
},
{
    "id": "C011LJT6N3E",
    "name": "z-class-week-02",
    "created": 1586280817,
    "creator": "U010Y90H4T0",
    "is_archived": false,
    "is_general": false,
    "members": [
        "U0107MTT526",
        "U010853J6DQ",
        "U01086WUV5Y",
        "U010884RC58",
        "U0109GZP6HH",
        "U0109HQ4UQ3",
        "U010ACLHD0R",
        "U010AFPTJP3",
        "U010AJPBC3B",
        "U010AP9JH4Z",
        "U010APCDU9F",
        "U010B06SPMX",
        "U010B4FCHCZ",
        "U010B5G5KHP",
        "U010H0ZEZJL",
        "U010H28N18S",
        "U010H71MH8A",
        "U010HBPMX5G",
        "U010K745JMU",
        "U010KG4F57W",
        "U010L2Z8M7F",
        "U010L7X7YJG",
        "U010LEW4XPX",
        "U010LEW7V2R",
        "U010LHWSG4U",
        "U010LJ07DTN",
        "U010LJKUX44",
        "U010LRKMSKX",
        "U010LUDNEJU",
        "U010M13U1FS",
        "U010M2FV6HK",
        "U010M34SKMK",
        "U010NLDPJ2J",
        "U010NLX5YVD",
        "U010NQC5BN3",
        "U010NQCT52B",
        "U010P7ZMAP3",
        "U010PSR7BT6",
        "U010T8GS82C",
        "U010TL9Q7JP",
        "U010Y90H4T0",
        "U010Z0MUSN4",
        "U011TKMDU1X"
    ],
    "pins": [
        {
            "id": "1586479157.026600",
            "type": "C",
            "created": 1586479167,
            "user": "U010Y90H4T0",
            "owner": "U010Y90H4T0"
        }
    ],
    "topic": {
        "value": "",
        "creator": "",
        "last_set": 0
    },
    "purpose": {
        "value": "",
        "creator": "",
        "last_set": 0
    }
},
{
    "id": "C01266W8CG1",
    "name": "z-class-week-03",
    "created": 1586879816,
    "creator": "U010Y90H4T0",
    "is_archived": false,
    "is_general": false,
    "members": [
        "U0107MTT526",
        "U010853J6DQ",
        "U01086WUV5Y",
        "U010884RC58",
        "U0109GZP6HH",
        "U0109HQ4UQ3",
        "U010ACLHD0R",
        "U010AFPTJP3",
        "U010AJPBC3B",
        "U010AP9JH4Z",
        "U010APCDU9F",
        "U010B06SPMX",
        "U010B4FCHCZ",
        "U010B5G5KHP",
        "U010H0ZEZJL",
        "U010H28N18S",
        "U010H71MH8A",
        "U010HBPMX5G",
        "U010K745JMU",
        "U010KG4F57W",
        "U010L2Z8M7F",
        "U010L7X7YJG",
        "U010LEW4XPX",
        "U010LEW7V2R",
        "U010LHWSG4U",
        "U010LJ07DTN",
        "U010LJKUX44",
        "U010LRKMSKX",
        "U010LUDNEJU",
        "U010M13U1FS",
        "U010M2FV6HK",
        "U010M34SKMK",
        "U010NLDPJ2J",
        "U010NLX5YVD",
        "U010NQC5BN3",
        "U010NQCT52B",
        "U010P7ZMAP3",
        "U010PSR7BT6",
        "U010T8GS82C",
        "U010TL9Q7JP",
        "U010Y90H4T0",
        "U010Z0MUSN4",
        "U011TKMDU1X"
    ],
    "topic": {
        "value": "",
        "creator": "",
        "last_set": 0
    },
    "purpose": {
        "value": "Slack channel for class week 3",
        "creator": "U010Y90H4T0",
        "last_set": 1586879817
    }
}
]