[
{
    "user_id": "U010PSR7BT6",
    "user_name": "joevshapiro",
    "date": "1587004102",
    "change_type": "enabled",
    "reason": "server",
    "service_id": 1020230030197,
    "service_type": "Google Drive",
    "scope": "files:write:user"
},
{
    "user_id": "U010M13U1FS",
    "user_name": "joseph",
    "date": "1586311294",
    "change_type": "resource_grant_created",
    "service_id": 1011009019089,
    "service_type": "App",
    "scope": null,
    "channel": "private",
    "app_type": "GitHub",
    "app_id": "A8GBNUWU8"
},
{
    "user_id": "U010P7ZMAP3",
    "user_name": "aramisdiaz",
    "date": "1586308842",
    "change_type": "added",
    "app_type": "Google Drive",
    "app_id": "A6NL8MJ6Q",
    "scope": "identify,bot,channels:read,files:read,team:read,users:read,users:read.email,chat:write:bot,links:read"
},
{
    "user_id": "U010NBVRB62",
    "user_name": "roberthock83",
    "date": "1586073589",
    "change_type": "removed",
    "reason": "user_deactivated",
    "app_type": "Google Drive",
    "app_id": "A6NL8MJ6Q",
    "scope": "identify,bot,channels:read,files:read,team:read,users:read,users:read.email,chat:write:bot,links:read"
},
{
    "user_id": "U010NBVRB62",
    "user_name": "roberthock83",
    "date": "1586073589",
    "change_type": "disabled",
    "reason": "admin",
    "service_id": 1020230030197,
    "service_type": "Google Drive",
    "scope": "files:write:user"
},
{
    "user_id": "U010H0ZEZJL",
    "user_name": "jsusmarski",
    "date": "1585939594",
    "change_type": "removed",
    "reason": "user_deactivated",
    "app_type": "Google Drive",
    "app_id": "A6NL8MJ6Q",
    "scope": "identify,bot,channels:read,files:read,team:read,users:read,users:read.email,chat:write:bot,links:read"
},
{
    "user_id": "U010NQCT52B",
    "user_name": "dyjordan",
    "date": "1585421612",
    "change_type": "added",
    "app_type": "Google Drive",
    "app_id": "A6NL8MJ6Q",
    "scope": "identify,bot,channels:read,files:read,team:read,users:read,users:read.email,chat:write:bot,links:read"
},
{
    "user_id": "U010M0LB2V6",
    "user_name": "allen.dale310",
    "date": "1585412312",
    "change_type": "added",
    "app_type": "Google Drive",
    "app_id": "A6NL8MJ6Q",
    "scope": "identify,bot,channels:read,files:read,team:read,users:read,users:read.email,chat:write:bot,links:read"
},
{
    "user_id": "U0109GZP6HH",
    "user_name": "jessica.vaicav",
    "date": "1585351423",
    "change_type": "added",
    "app_type": "Google Drive",
    "app_id": "A6NL8MJ6Q",
    "scope": "identify,bot,channels:read,files:read,team:read,users:read,users:read.email,chat:write:bot,links:read"
},
{
    "user_id": "U010NLDPJ2J",
    "user_name": "marlonm1555",
    "date": "1585008719",
    "change_type": "resource_grant_created",
    "service_id": 1011009019089,
    "service_type": "App",
    "scope": null,
    "app_type": "GitHub",
    "app_id": "A8GBNUWU8"
},
{
    "user_id": "U010NLDPJ2J",
    "user_name": "marlonm1555",
    "date": "1585008719",
    "change_type": "wildcard_resource_grant_created",
    "service_id": 1011009019089,
    "service_type": "App",
    "scope": null,
    "app_type": "GitHub",
    "app_id": "A8GBNUWU8"
},
{
    "user_id": "U010NLDPJ2J",
    "user_name": "marlonm1555",
    "date": "1585008719",
    "change_type": "resource_grant_created",
    "service_id": 1011009019089,
    "service_type": "App",
    "scope": null,
    "channel": "private",
    "app_type": "GitHub",
    "app_id": "A8GBNUWU8"
},
{
    "user_id": "U010NLDPJ2J",
    "user_name": "marlonm1555",
    "date": "1585008719",
    "change_type": "expanded",
    "service_id": 1011009019089,
    "service_type": "App",
    "scope": null,
    "app_type": "GitHub",
    "app_id": "A8GBNUWU8"
},
{
    "user_id": "U010NLDPJ2J",
    "user_name": "marlonm1555",
    "date": "1585008719",
    "change_type": "expanded",
    "service_id": 1011009019089,
    "service_type": "App",
    "scope": null,
    "app_type": "GitHub",
    "app_id": "A8GBNUWU8"
},
{
    "user_id": "U010NLDPJ2J",
    "user_name": "marlonm1555",
    "date": "1585008719",
    "change_type": "added",
    "app_type": "GitHub",
    "app_id": "A8GBNUWU8"
},
{
    "user_id": "U010NLDPJ2J",
    "user_name": "marlonm1555",
    "date": "1585008656",
    "change_type": "updated",
    "service_id": 1020877935813,
    "service_type": "Giphy",
    "scope": "commands"
},
{
    "user_id": "U010NLDPJ2J",
    "user_name": "marlonm1555",
    "date": "1585008649",
    "change_type": "updated",
    "service_id": 1020877935813,
    "service_type": "Giphy",
    "scope": "commands"
},
{
    "user_id": "U010AJPBC3B",
    "user_name": "kristaclarke82",
    "date": "1585005582",
    "change_type": "added",
    "app_type": "Google Drive",
    "app_id": "A6NL8MJ6Q",
    "scope": "identify,bot,channels:read,files:read,team:read,users:read,users:read.email,chat:write:bot,links:read"
},
{
    "user_id": "U010AP9JH4Z",
    "user_name": "rcorojr",
    "date": "1585001361",
    "change_type": "updated",
    "service_id": 1020877935813,
    "service_type": "Giphy",
    "scope": "commands"
},
{
    "user_id": "U010AP9JH4Z",
    "user_name": "rcorojr",
    "date": "1585001354",
    "change_type": "added",
    "service_id": 1020877935813,
    "service_type": "Giphy",
    "scope": "commands"
},
{
    "user_id": "U010KG4F57W",
    "user_name": "eddienakkim",
    "date": "1584999891",
    "change_type": "added",
    "app_type": "Google Drive",
    "app_id": "A6NL8MJ6Q",
    "scope": "identify,bot,channels:read,files:read,team:read,users:read,users:read.email,chat:write:bot,links:read"
},
{
    "user_id": "U010KG4F57W",
    "user_name": "eddienakkim",
    "date": "1584999598",
    "change_type": "added",
    "app_type": "Zoom",
    "app_id": "A5GE9BMQC",
    "scope": "identify,bot,commands,team:read,users:read,users:read.email,chat:write:bot,links:read,links:write"
},
{
    "user_id": "U010L7X7YJG",
    "user_name": "cshedd",
    "date": "1584998155",
    "change_type": "added",
    "app_type": "Trilobot",
    "app_id": "AK6PEUSMA",
    "scope": "identify,bot,commands,incoming-webhook,channels:history,groups:history,channels:read,groups:read,team:read,users:read,users.profile:read,chat:write:user,chat:write:bot,groups:write"
},
{
    "user_id": "U010LEW7V2R",
    "user_name": "code",
    "date": "1584997358",
    "change_type": "added",
    "app_type": "Google Drive",
    "app_id": "A6NL8MJ6Q",
    "scope": "identify,bot,channels:read,files:read,team:read,users:read,users:read.email,chat:write:bot,links:read"
},
{
    "user_id": "U0107MTT526",
    "user_name": "ryoo94",
    "date": "1584996257",
    "change_type": "added",
    "app_type": "Google Calendar",
    "app_id": "ADZ494LHY",
    "scope": "identify,bot,commands,users.profile:write"
},
{
    "user_id": "U010NBVRB62",
    "user_name": "roberthock83",
    "date": "1584987691",
    "change_type": "added",
    "app_type": "Google Drive",
    "app_id": "A6NL8MJ6Q",
    "scope": "identify,bot,channels:read,files:read,team:read,users:read,users:read.email,chat:write:bot,links:read"
},
{
    "user_id": "U010NBVRB62",
    "user_name": "roberthock83",
    "date": "1584987648",
    "change_type": "added",
    "service_id": 1020230030197,
    "service_type": "Google Drive",
    "scope": "files:write:user"
}
]