[
    {
        "bot_id": "B010LRTTHPX",
        "type": "message",
        "text": "",
        "user": "U010AP9JH4Z",
        "ts": "1585420436.001200",
        "team": "T0105GKDN1H",
        "bot_profile": {
            "id": "B010LRTTHPX",
            "deleted": false,
            "name": "giphy",
            "updated": 1585001354,
            "app_id": "A0F827J2C",
            "icons": {
                "image_36": "https:\/\/a.slack-edge.com\/80588\/img\/plugins\/giphy\/service_36.png",
                "image_48": "https:\/\/a.slack-edge.com\/80588\/img\/plugins\/giphy\/service_48.png",
                "image_72": "https:\/\/a.slack-edge.com\/80588\/img\/plugins\/giphy\/service_72.png"
            },
            "team_id": "T0105GKDN1H"
        },
        "attachments": [
            {
                "fallback": "giphy: https:\/\/giphy.com\/gifs\/burrito-weird-d8WjGORtSEWqc",
                "image_url": "https:\/\/media3.giphy.com\/media\/d8WjGORtSEWqc\/giphy-downsized.gif?cid=6104955e02ecf336b816fb5ac2b28b43f7c0fd41d4a7bec2&rid=giphy-downsized.gif",
                "image_width": 350,
                "image_height": 255,
                "image_bytes": 1557259,
                "is_animated": true,
                "title": "RANDOM",
                "footer": "Posted using \/giphy",
                "id": 1,
                "title_link": "https:\/\/giphy.com\/gifs\/burrito-weird-d8WjGORtSEWqc"
            }
        ],
        "reactions": [
            {
                "name": "heart",
                "users": [
                    "U010APCDU9F"
                ],
                "count": 1
            },
            {
                "name": "joy",
                "users": [
                    "U010KG4F57W",
                    "U010LJ07DTN"
                ],
                "count": 2
            }
        ]
    },
    {
        "client_msg_id": "caabbaee-0399-4b95-a860-20a981e00a0c",
        "type": "message",
        "text": "Did you guys know that there are more planes in the sea than submarines in the sky?",
        "user": "U010APCDU9F",
        "ts": "1585420447.001500",
        "team": "T0105GKDN1H",
        "user_team": "T0105GKDN1H",
        "source_team": "T0105GKDN1H",
        "user_profile": {
            "avatar_hash": "d44fbe708fa1",
            "image_72": "https:\/\/avatars.slack-edge.com\/2020-03-23\/1020879238357_d44fbe708fa1409cd3b9_72.jpg",
            "first_name": "",
            "real_name": "Eric Z",
            "display_name": "Eric Z",
            "team": "T0105GKDN1H",
            "name": "swissbizz88",
            "is_restricted": false,
            "is_ultra_restricted": false
        },
        "blocks": [
            {
                "type": "rich_text",
                "block_id": "wc9Ce",
                "elements": [
                    {
                        "type": "rich_text_section",
                        "elements": [
                            {
                                "type": "text",
                                "text": "Did you guys know that there are more planes in the sea than submarines in the sky?"
                            }
                        ]
                    }
                ]
            }
        ]
    },
    {
        "client_msg_id": "dd07f11d-a6ed-4380-8470-b91b9373fe13",
        "type": "message",
        "text": "Discord channel is up here's link: <https:\/\/discord.gg\/hPEDJd>",
        "user": "U010APCDU9F",
        "ts": "1585420467.001900",
        "team": "T0105GKDN1H",
        "user_team": "T0105GKDN1H",
        "source_team": "T0105GKDN1H",
        "user_profile": {
            "avatar_hash": "d44fbe708fa1",
            "image_72": "https:\/\/avatars.slack-edge.com\/2020-03-23\/1020879238357_d44fbe708fa1409cd3b9_72.jpg",
            "first_name": "",
            "real_name": "Eric Z",
            "display_name": "Eric Z",
            "team": "T0105GKDN1H",
            "name": "swissbizz88",
            "is_restricted": false,
            "is_ultra_restricted": false
        },
        "attachments": [
            {
                "service_name": "Discord",
                "title": "Join the UCLA Coding 2020 Discord Server!",
                "title_link": "https:\/\/discord.gg\/hPEDJd",
                "text": "Check out the UCLA Coding 2020 community on Discord - hang out with 1 other members and enjoy free voice and text chat.",
                "fallback": "Discord: Join the UCLA Coding 2020 Discord Server!",
                "image_url": "https:\/\/cdn.discordapp.com\/icons\/693525957168070666\/d157b571b8b669baba58b91e3825ed5d.jpg?size=256",
                "image_width": 250,
                "image_height": 250,
                "from_url": "https:\/\/discord.gg\/hPEDJd",
                "image_bytes": 9022,
                "id": 1,
                "original_url": "https:\/\/discord.gg\/hPEDJd"
            }
        ],
        "blocks": [
            {
                "type": "rich_text",
                "block_id": "O7Zm",
                "elements": [
                    {
                        "type": "rich_text_section",
                        "elements": [
                            {
                                "type": "text",
                                "text": "Discord channel is up here's link: "
                            },
                            {
                                "type": "link",
                                "url": "https:\/\/discord.gg\/hPEDJd"
                            }
                        ]
                    }
                ]
            }
        ]
    },
    {
        "client_msg_id": "8edbeb77-3be2-4e2c-9fd8-5161b511ec46",
        "type": "message",
        "text": "if anyone has animal crossing. send me your dodo code!",
        "user": "U010NLX5YVD",
        "ts": "1585420491.002300",
        "team": "T0105GKDN1H",
        "user_team": "T0105GKDN1H",
        "source_team": "T0105GKDN1H",
        "user_profile": {
            "avatar_hash": "g1146ac96ea0",
            "image_72": "https:\/\/secure.gravatar.com\/avatar\/1146ac96ea01d01b2cda88e5d9c36cc3.jpg?s=72&d=https%3A%2F%2Fa.slack-edge.com%2Fdf10d%2Fimg%2Favatars%2Fava_0013-72.png",
            "first_name": "",
            "real_name": "Michael Hoffman",
            "display_name": "",
            "team": "T0105GKDN1H",
            "name": "maaronhoffman",
            "is_restricted": false,
            "is_ultra_restricted": false
        },
        "blocks": [
            {
                "type": "rich_text",
                "block_id": "t6ILL",
                "elements": [
                    {
                        "type": "rich_text_section",
                        "elements": [
                            {
                                "type": "text",
                                "text": "if anyone has animal crossing. send me your dodo code!"
                            }
                        ]
                    }
                ]
            }
        ],
        "reactions": [
            {
                "name": "+1",
                "users": [
                    "U010P7ZMAP3",
                    "U010APCDU9F",
                    "U0107MTT526",
                    "U010LJKUX44",
                    "U010NLDPJ2J"
                ],
                "count": 5
            }
        ]
    },
    {
        "client_msg_id": "f4bd4eb6-71f7-4035-ae5d-339274eebe69",
        "type": "message",
        "text": "ill post mine after class!",
        "user": "U010NLX5YVD",
        "ts": "1585420669.003500",
        "team": "T0105GKDN1H",
        "user_team": "T0105GKDN1H",
        "source_team": "T0105GKDN1H",
        "user_profile": {
            "avatar_hash": "g1146ac96ea0",
            "image_72": "https:\/\/secure.gravatar.com\/avatar\/1146ac96ea01d01b2cda88e5d9c36cc3.jpg?s=72&d=https%3A%2F%2Fa.slack-edge.com%2Fdf10d%2Fimg%2Favatars%2Fava_0013-72.png",
            "first_name": "",
            "real_name": "Michael Hoffman",
            "display_name": "",
            "team": "T0105GKDN1H",
            "name": "maaronhoffman",
            "is_restricted": false,
            "is_ultra_restricted": false
        },
        "blocks": [
            {
                "type": "rich_text",
                "block_id": "ygp=d",
                "elements": [
                    {
                        "type": "rich_text_section",
                        "elements": [
                            {
                                "type": "text",
                                "text": "ill post mine after class!"
                            }
                        ]
                    }
                ]
            }
        ]
    },
    {
        "client_msg_id": "65ecdd93-e3ad-4175-b2f4-cb3085153f70",
        "type": "message",
        "text": "If anyone has Steam, Play Station 4, or Battlenet hit me up and I'm down to game!",
        "user": "U010APCDU9F",
        "ts": "1585420775.004400",
        "team": "T0105GKDN1H",
        "user_team": "T0105GKDN1H",
        "source_team": "T0105GKDN1H",
        "user_profile": {
            "avatar_hash": "d44fbe708fa1",
            "image_72": "https:\/\/avatars.slack-edge.com\/2020-03-23\/1020879238357_d44fbe708fa1409cd3b9_72.jpg",
            "first_name": "",
            "real_name": "Eric Z",
            "display_name": "Eric Z",
            "team": "T0105GKDN1H",
            "name": "swissbizz88",
            "is_restricted": false,
            "is_ultra_restricted": false
        },
        "blocks": [
            {
                "type": "rich_text",
                "block_id": "NcW",
                "elements": [
                    {
                        "type": "rich_text_section",
                        "elements": [
                            {
                                "type": "text",
                                "text": "If anyone has Steam, Play Station 4, or Battlenet hit me up and I'm down to game!"
                            }
                        ]
                    }
                ]
            }
        ]
    },
    {
        "client_msg_id": "ce6f188d-32f6-4f31-8ef3-98bb85e9d79c",
        "type": "message",
        "text": "XD I enrolled in this class in hopes it would stop me from any type of gaming",
        "user": "U010PSR7BT6",
        "ts": "1585420907.005200",
        "team": "T0105GKDN1H",
        "user_team": "T0105GKDN1H",
        "source_team": "T0105GKDN1H",
        "user_profile": {
            "avatar_hash": "e3038105be99",
            "image_72": "https:\/\/avatars.slack-edge.com\/2020-03-27\/1031035067156_e3038105be99732f1919_72.jpg",
            "first_name": "",
            "real_name": "Joseph Shapiro",
            "display_name": "Joseph Shapiro",
            "team": "T0105GKDN1H",
            "name": "joevshapiro",
            "is_restricted": false,
            "is_ultra_restricted": false
        },
        "blocks": [
            {
                "type": "rich_text",
                "block_id": "qfxh",
                "elements": [
                    {
                        "type": "rich_text_section",
                        "elements": [
                            {
                                "type": "text",
                                "text": "XD I enrolled in this class in hopes it would stop me from any type of gaming"
                            }
                        ]
                    }
                ]
            }
        ],
        "reactions": [
            {
                "name": "smile",
                "users": [
                    "U010APCDU9F"
                ],
                "count": 1
            },
            {
                "name": "+1",
                "users": [
                    "U010KG4F57W",
                    "U010AJPBC3B",
                    "U0107MTT526"
                ],
                "count": 3
            }
        ]
    },
    {
        "client_msg_id": "61264db5-a041-47fc-975b-7aaaec3d6c26",
        "type": "message",
        "text": "but gonna want a ps4 for ff7 remake...",
        "user": "U010PSR7BT6",
        "ts": "1585420926.005800",
        "team": "T0105GKDN1H",
        "user_team": "T0105GKDN1H",
        "source_team": "T0105GKDN1H",
        "user_profile": {
            "avatar_hash": "e3038105be99",
            "image_72": "https:\/\/avatars.slack-edge.com\/2020-03-27\/1031035067156_e3038105be99732f1919_72.jpg",
            "first_name": "",
            "real_name": "Joseph Shapiro",
            "display_name": "Joseph Shapiro",
            "team": "T0105GKDN1H",
            "name": "joevshapiro",
            "is_restricted": false,
            "is_ultra_restricted": false
        },
        "blocks": [
            {
                "type": "rich_text",
                "block_id": "Xcko",
                "elements": [
                    {
                        "type": "rich_text_section",
                        "elements": [
                            {
                                "type": "text",
                                "text": "but gonna want a ps4 for ff7 remake..."
                            }
                        ]
                    }
                ]
            }
        ]
    },
    {
        "client_msg_id": "e4e455fb-04fb-4e33-8511-3e844b115c7f",
        "type": "message",
        "text": "You can never escape...",
        "user": "U010APCDU9F",
        "ts": "1585420931.006100",
        "team": "T0105GKDN1H",
        "user_team": "T0105GKDN1H",
        "source_team": "T0105GKDN1H",
        "user_profile": {
            "avatar_hash": "d44fbe708fa1",
            "image_72": "https:\/\/avatars.slack-edge.com\/2020-03-23\/1020879238357_d44fbe708fa1409cd3b9_72.jpg",
            "first_name": "",
            "real_name": "Eric Z",
            "display_name": "Eric Z",
            "team": "T0105GKDN1H",
            "name": "swissbizz88",
            "is_restricted": false,
            "is_ultra_restricted": false
        },
        "blocks": [
            {
                "type": "rich_text",
                "block_id": "BLI1j",
                "elements": [
                    {
                        "type": "rich_text_section",
                        "elements": [
                            {
                                "type": "text",
                                "text": "You can never escape..."
                            }
                        ]
                    }
                ]
            }
        ],
        "reactions": [
            {
                "name": "joy",
                "users": [
                    "U010L2Z8M7F"
                ],
                "count": 1
            }
        ]
    },
    {
        "client_msg_id": "6ca7d42b-f7ce-4bb5-8fc9-82f58848f465",
        "type": "message",
        "text": "Same!",
        "user": "U010APCDU9F",
        "ts": "1585420934.006300",
        "team": "T0105GKDN1H",
        "user_team": "T0105GKDN1H",
        "source_team": "T0105GKDN1H",
        "user_profile": {
            "avatar_hash": "d44fbe708fa1",
            "image_72": "https:\/\/avatars.slack-edge.com\/2020-03-23\/1020879238357_d44fbe708fa1409cd3b9_72.jpg",
            "first_name": "",
            "real_name": "Eric Z",
            "display_name": "Eric Z",
            "team": "T0105GKDN1H",
            "name": "swissbizz88",
            "is_restricted": false,
            "is_ultra_restricted": false
        },
        "blocks": [
            {
                "type": "rich_text",
                "block_id": "QxJ8M",
                "elements": [
                    {
                        "type": "rich_text_section",
                        "elements": [
                            {
                                "type": "text",
                                "text": "Same!"
                            }
                        ]
                    }
                ]
            }
        ]
    },
    {
        "client_msg_id": "9352adea-2c82-435f-97a7-0fb3a52e4b15",
        "type": "message",
        "text": "I have steam but feeling kind of 'eh' about most of the games right now",
        "user": "U010AJPBC3B",
        "ts": "1585420973.006800",
        "team": "T0105GKDN1H",
        "user_team": "T0105GKDN1H",
        "source_team": "T0105GKDN1H",
        "user_profile": {
            "avatar_hash": "a7accc11904a",
            "image_72": "https:\/\/avatars.slack-edge.com\/2020-03-31\/1039823854836_a7accc11904a7e79e199_72.png",
            "first_name": "Krista",
            "real_name": "Krista Clarke",
            "display_name": "Krista C",
            "team": "T0105GKDN1H",
            "name": "kristaclarke82",
            "is_restricted": false,
            "is_ultra_restricted": false
        },
        "blocks": [
            {
                "type": "rich_text",
                "block_id": "NJg",
                "elements": [
                    {
                        "type": "rich_text_section",
                        "elements": [
                            {
                                "type": "text",
                                "text": "I have steam but feeling kind of 'eh' about most of the games right now"
                            }
                        ]
                    }
                ]
            }
        ]
    },
    {
        "client_msg_id": "3868afca-5aaa-4962-b137-f509f94d63b6",
        "type": "message",
        "text": "They got some solid ones heh",
        "user": "U010APCDU9F",
        "ts": "1585421034.007000",
        "team": "T0105GKDN1H",
        "user_team": "T0105GKDN1H",
        "source_team": "T0105GKDN1H",
        "user_profile": {
            "avatar_hash": "d44fbe708fa1",
            "image_72": "https:\/\/avatars.slack-edge.com\/2020-03-23\/1020879238357_d44fbe708fa1409cd3b9_72.jpg",
            "first_name": "",
            "real_name": "Eric Z",
            "display_name": "Eric Z",
            "team": "T0105GKDN1H",
            "name": "swissbizz88",
            "is_restricted": false,
            "is_ultra_restricted": false
        },
        "blocks": [
            {
                "type": "rich_text",
                "block_id": "U0v",
                "elements": [
                    {
                        "type": "rich_text_section",
                        "elements": [
                            {
                                "type": "text",
                                "text": "They got some solid ones heh"
                            }
                        ]
                    }
                ]
            }
        ]
    },
    {
        "client_msg_id": "7a4323ae-be91-4fda-96a8-d2e9352bddd3",
        "type": "message",
        "text": "I'm living vicariously watching others game on twitch sparingly",
        "user": "U010PSR7BT6",
        "ts": "1585421067.007600",
        "team": "T0105GKDN1H",
        "user_team": "T0105GKDN1H",
        "source_team": "T0105GKDN1H",
        "user_profile": {
            "avatar_hash": "e3038105be99",
            "image_72": "https:\/\/avatars.slack-edge.com\/2020-03-27\/1031035067156_e3038105be99732f1919_72.jpg",
            "first_name": "",
            "real_name": "Joseph Shapiro",
            "display_name": "Joseph Shapiro",
            "team": "T0105GKDN1H",
            "name": "joevshapiro",
            "is_restricted": false,
            "is_ultra_restricted": false
        },
        "blocks": [
            {
                "type": "rich_text",
                "block_id": "Xnq",
                "elements": [
                    {
                        "type": "rich_text_section",
                        "elements": [
                            {
                                "type": "text",
                                "text": "I'm living vicariously watching others game on twitch sparingly"
                            }
                        ]
                    }
                ]
            }
        ],
        "reactions": [
            {
                "name": "joy",
                "users": [
                    "U010L2Z8M7F",
                    "U010APCDU9F"
                ],
                "count": 2
            }
        ]
    },
    {
        "client_msg_id": "c8f1863f-a007-4c2b-b876-b5a9b02ce755",
        "type": "message",
        "text": "for the animal crossing peeps i think friend codes might be easier haha. my switch code is: sw-8237-2642-8315",
        "user": "U010NLX5YVD",
        "ts": "1585422097.009200",
        "team": "T0105GKDN1H",
        "user_team": "T0105GKDN1H",
        "source_team": "T0105GKDN1H",
        "user_profile": {
            "avatar_hash": "g1146ac96ea0",
            "image_72": "https:\/\/secure.gravatar.com\/avatar\/1146ac96ea01d01b2cda88e5d9c36cc3.jpg?s=72&d=https%3A%2F%2Fa.slack-edge.com%2Fdf10d%2Fimg%2Favatars%2Fava_0013-72.png",
            "first_name": "",
            "real_name": "Michael Hoffman",
            "display_name": "",
            "team": "T0105GKDN1H",
            "name": "maaronhoffman",
            "is_restricted": false,
            "is_ultra_restricted": false
        },
        "blocks": [
            {
                "type": "rich_text",
                "block_id": "HrO6",
                "elements": [
                    {
                        "type": "rich_text_section",
                        "elements": [
                            {
                                "type": "text",
                                "text": "for the animal crossing peeps i think friend codes might be easier haha. my switch code is: sw-8237-2642-8315"
                            }
                        ]
                    }
                ]
            }
        ],
        "thread_ts": "1585422097.009200",
        "reply_count": 1,
        "reply_users_count": 1,
        "latest_reply": "1585518822.015000",
        "reply_users": [
            "U010NLDPJ2J"
        ],
        "replies": [
            {
                "user": "U010NLDPJ2J",
                "ts": "1585518822.015000"
            }
        ],
        "subscribed": false
    },
    {
        "client_msg_id": "85db3c19-e638-474e-bac3-04e51564770e",
        "type": "message",
        "text": "Ooo fun fact about me! I love cooking! :male-cook::skin-tone-2:",
        "user": "U010P7ZMAP3",
        "ts": "1585422789.009900",
        "team": "T0105GKDN1H",
        "user_team": "T0105GKDN1H",
        "source_team": "T0105GKDN1H",
        "user_profile": {
            "avatar_hash": "a43f5c67062e",
            "image_72": "https:\/\/avatars.slack-edge.com\/2020-04-07\/1051812002789_a43f5c67062e0bf2f18b_72.jpg",
            "first_name": "",
            "real_name": "Aramis Diaz",
            "display_name": "Aramis Diaz",
            "team": "T0105GKDN1H",
            "name": "aramisdiaz",
            "is_restricted": false,
            "is_ultra_restricted": false
        },
        "blocks": [
            {
                "type": "rich_text",
                "block_id": "WQt",
                "elements": [
                    {
                        "type": "rich_text_section",
                        "elements": [
                            {
                                "type": "text",
                                "text": "Ooo fun fact about me! I love cooking! "
                            },
                            {
                                "type": "emoji",
                                "name": "male-cook",
                                "skin_tone": 2
                            }
                        ]
                    }
                ]
            }
        ]
    },
    {
        "client_msg_id": "90314fa2-b403-458b-8c6e-b3fbcbc3a68c",
        "type": "message",
        "text": "sweet! me too",
        "user": "U0109GZP6HH",
        "ts": "1585422809.010400",
        "team": "T0105GKDN1H",
        "user_team": "T0105GKDN1H",
        "source_team": "T0105GKDN1H",
        "user_profile": {
            "avatar_hash": "dcfd7b601289",
            "image_72": "https:\/\/avatars.slack-edge.com\/2020-03-27\/1034775747879_dcfd7b601289e2bf7f73_72.jpg",
            "first_name": "",
            "real_name": "Jessica Vaiana-Cavanagh",
            "display_name": "Jessica Vaiana-Cavanagh",
            "team": "T0105GKDN1H",
            "name": "jessica.vaicav",
            "is_restricted": false,
            "is_ultra_restricted": false
        },
        "blocks": [
            {
                "type": "rich_text",
                "block_id": "eZe+3",
                "elements": [
                    {
                        "type": "rich_text_section",
                        "elements": [
                            {
                                "type": "text",
                                "text": "sweet! me too"
                            }
                        ]
                    }
                ]
            }
        ],
        "reactions": [
            {
                "name": "+1::skin-tone-2",
                "users": [
                    "U010P7ZMAP3"
                ],
                "count": 1
            }
        ]
    },
    {
        "client_msg_id": "7f2563da-186c-4bdb-806f-06b6c32b4ce0",
        "type": "message",
        "text": "I'll share pics of food when I cook if y'all want",
        "user": "U010P7ZMAP3",
        "ts": "1585422815.010700",
        "team": "T0105GKDN1H",
        "user_team": "T0105GKDN1H",
        "source_team": "T0105GKDN1H",
        "user_profile": {
            "avatar_hash": "a43f5c67062e",
            "image_72": "https:\/\/avatars.slack-edge.com\/2020-04-07\/1051812002789_a43f5c67062e0bf2f18b_72.jpg",
            "first_name": "",
            "real_name": "Aramis Diaz",
            "display_name": "Aramis Diaz",
            "team": "T0105GKDN1H",
            "name": "aramisdiaz",
            "is_restricted": false,
            "is_ultra_restricted": false
        },
        "blocks": [
            {
                "type": "rich_text",
                "block_id": "OfY",
                "elements": [
                    {
                        "type": "rich_text_section",
                        "elements": [
                            {
                                "type": "text",
                                "text": "I'll share pics of food when I cook if y'all want"
                            }
                        ]
                    }
                ]
            }
        ],
        "reactions": [
            {
                "name": "open_mouth",
                "users": [
                    "U010L2Z8M7F"
                ],
                "count": 1
            }
        ]
    },
    {
        "client_msg_id": "d4c63a0a-ce3b-4941-a0f0-5c7ed1ed90a2",
        "type": "message",
        "text": "i love food pics! if anyone is into baking, hit me up! haha",
        "user": "U010LRKMSKX",
        "ts": "1585422944.011300",
        "team": "T0105GKDN1H",
        "user_team": "T0105GKDN1H",
        "source_team": "T0105GKDN1H",
        "user_profile": {
            "avatar_hash": "ae27f99c40c3",
            "image_72": "https:\/\/avatars.slack-edge.com\/2020-03-23\/1022872147895_ae27f99c40c3c34dd86b_72.jpg",
            "first_name": "",
            "real_name": "Yssabel Pangilinan",
            "display_name": "Yssabel Pangilinan",
            "team": "T0105GKDN1H",
            "name": "yssabelpangilinan",
            "is_restricted": false,
            "is_ultra_restricted": false
        },
        "blocks": [
            {
                "type": "rich_text",
                "block_id": "vId9",
                "elements": [
                    {
                        "type": "rich_text_section",
                        "elements": [
                            {
                                "type": "text",
                                "text": "i love food pics! if anyone is into baking, hit me up! haha"
                            }
                        ]
                    }
                ]
            }
        ],
        "reactions": [
            {
                "name": "+1::skin-tone-2",
                "users": [
                    "U010P7ZMAP3"
                ],
                "count": 1
            }
        ]
    },
    {
        "client_msg_id": "a93c8003-94a8-4a79-90b2-e7c969cd24dd",
        "type": "message",
        "text": "I hear a bake off coming <@U010LRKMSKX>",
        "user": "U010M0LB2V6",
        "ts": "1585422997.011700",
        "team": "T0105GKDN1H",
        "user_team": "T0105GKDN1H",
        "source_team": "T0105GKDN1H",
        "user_profile": {
            "avatar_hash": "995068df2993",
            "image_72": "https:\/\/avatars.slack-edge.com\/2020-03-28\/1035266841158_995068df29932789a9e3_72.png",
            "first_name": "Allen",
            "real_name": "Allen Sales",
            "display_name": "Allen Sales",
            "team": "T0105GKDN1H",
            "name": "allen.dale310",
            "is_restricted": false,
            "is_ultra_restricted": false
        },
        "blocks": [
            {
                "type": "rich_text",
                "block_id": "xQWS",
                "elements": [
                    {
                        "type": "rich_text_section",
                        "elements": [
                            {
                                "type": "text",
                                "text": "I hear a bake off coming "
                            },
                            {
                                "type": "user",
                                "user_id": "U010LRKMSKX"
                            }
                        ]
                    }
                ]
            }
        ],
        "reactions": [
            {
                "name": "joy",
                "users": [
                    "U010LRKMSKX"
                ],
                "count": 1
            }
        ]
    },
    {
        "client_msg_id": "a4e69039-9f09-4248-900e-cedf1186b379",
        "type": "message",
        "text": "<https:\/\/www.youtube.com\/watch?v=I3xpRZITi2w&amp;list=RDI3xpRZITi2w&amp;start_radio=1>",
        "user": "U010APCDU9F",
        "ts": "1585423101.012000",
        "team": "T0105GKDN1H",
        "user_team": "T0105GKDN1H",
        "source_team": "T0105GKDN1H",
        "user_profile": {
            "avatar_hash": "d44fbe708fa1",
            "image_72": "https:\/\/avatars.slack-edge.com\/2020-03-23\/1020879238357_d44fbe708fa1409cd3b9_72.jpg",
            "first_name": "",
            "real_name": "Eric Z",
            "display_name": "Eric Z",
            "team": "T0105GKDN1H",
            "name": "swissbizz88",
            "is_restricted": false,
            "is_ultra_restricted": false
        },
        "attachments": [
            {
                "service_name": "YouTube",
                "service_url": "https:\/\/www.youtube.com\/",
                "title": "\"Quarantine\" a song by Mat Best and Tim Montana",
                "title_link": "https:\/\/www.youtube.com\/watch?v=I3xpRZITi2w&amp;list=RDI3xpRZITi2w&amp;start_radio=1",
                "author_name": "MBest11x",
                "author_link": "https:\/\/www.youtube.com\/user\/MBest11x",
                "thumb_url": "https:\/\/i.ytimg.com\/vi\/I3xpRZITi2w\/hqdefault.jpg",
                "thumb_width": 480,
                "thumb_height": 360,
                "fallback": "YouTube Video: \"Quarantine\" a song by Mat Best and Tim Montana",
                "video_html": "<iframe width=\"400\" height=\"225\" src=\"https:\/\/www.youtube.com\/embed\/videoseries?list=RDI3xpRZITi2w\" frameborder=\"0\" allow=\"accelerometer; autoplay; encrypted-media; gyroscope; picture-in-picture\" allowfullscreen><\/iframe>",
                "video_html_width": 400,
                "video_html_height": 225,
                "from_url": "https:\/\/www.youtube.com\/watch?v=I3xpRZITi2w&amp;list=RDI3xpRZITi2w&amp;start_radio=1",
                "service_icon": "https:\/\/a.slack-edge.com\/80588\/img\/unfurl_icons\/youtube.png",
                "id": 1,
                "original_url": "https:\/\/www.youtube.com\/watch?v=I3xpRZITi2w&amp;list=RDI3xpRZITi2w&amp;start_radio=1"
            }
        ],
        "blocks": [
            {
                "type": "rich_text",
                "block_id": "FH=1",
                "elements": [
                    {
                        "type": "rich_text_section",
                        "elements": [
                            {
                                "type": "link",
                                "url": "https:\/\/www.youtube.com\/watch?v=I3xpRZITi2w&list=RDI3xpRZITi2w&start_radio=1"
                            }
                        ]
                    }
                ]
            }
        ]
    },
    {
        "client_msg_id": "3b8e4296-8afe-488f-8e08-9aee63b60ef3",
        "type": "message",
        "text": "<@U010B4FCHCZ> is that a palm tree in your video???",
        "user": "U010APCDU9F",
        "ts": "1585424542.012600",
        "team": "T0105GKDN1H",
        "user_team": "T0105GKDN1H",
        "source_team": "T0105GKDN1H",
        "user_profile": {
            "avatar_hash": "d44fbe708fa1",
            "image_72": "https:\/\/avatars.slack-edge.com\/2020-03-23\/1020879238357_d44fbe708fa1409cd3b9_72.jpg",
            "first_name": "",
            "real_name": "Eric Z",
            "display_name": "Eric Z",
            "team": "T0105GKDN1H",
            "name": "swissbizz88",
            "is_restricted": false,
            "is_ultra_restricted": false
        },
        "blocks": [
            {
                "type": "rich_text",
                "block_id": "SG0",
                "elements": [
                    {
                        "type": "rich_text_section",
                        "elements": [
                            {
                                "type": "user",
                                "user_id": "U010B4FCHCZ"
                            },
                            {
                                "type": "text",
                                "text": " is that a palm tree in your video???"
                            }
                        ]
                    }
                ]
            }
        ]
    },
    {
        "type": "message",
        "text": "",
        "files": [
            {
                "id": "F010YTZUV52",
                "created": 1585429318,
                "timestamp": 1585429318,
                "name": "image.png",
                "title": "image.png",
                "mimetype": "image\/png",
                "filetype": "png",
                "pretty_type": "PNG",
                "user": "U010P7ZMAP3",
                "editable": false,
                "size": 469207,
                "mode": "hosted",
                "is_external": false,
                "external_type": "",
                "is_public": true,
                "public_url_shared": false,
                "display_as_bot": false,
                "username": "",
                "url_private": "https:\/\/files.slack.com\/files-pri\/T0105GKDN1H-F010YTZUV52\/image.png?t=xoxe-1005563464051-1077300145892-1094973465936-b91b441389dd5f41adba77ce94586498",
                "url_private_download": "https:\/\/files.slack.com\/files-pri\/T0105GKDN1H-F010YTZUV52\/download\/image.png?t=xoxe-1005563464051-1077300145892-1094973465936-b91b441389dd5f41adba77ce94586498",
                "thumb_64": "https:\/\/files.slack.com\/files-tmb\/T0105GKDN1H-F010YTZUV52-70aea322f0\/image_64.png?t=xoxe-1005563464051-1077300145892-1094973465936-b91b441389dd5f41adba77ce94586498",
                "thumb_80": "https:\/\/files.slack.com\/files-tmb\/T0105GKDN1H-F010YTZUV52-70aea322f0\/image_80.png?t=xoxe-1005563464051-1077300145892-1094973465936-b91b441389dd5f41adba77ce94586498",
                "thumb_360": "https:\/\/files.slack.com\/files-tmb\/T0105GKDN1H-F010YTZUV52-70aea322f0\/image_360.png?t=xoxe-1005563464051-1077300145892-1094973465936-b91b441389dd5f41adba77ce94586498",
                "thumb_360_w": 284,
                "thumb_360_h": 360,
                "thumb_480": "https:\/\/files.slack.com\/files-tmb\/T0105GKDN1H-F010YTZUV52-70aea322f0\/image_480.png?t=xoxe-1005563464051-1077300145892-1094973465936-b91b441389dd5f41adba77ce94586498",
                "thumb_480_w": 379,
                "thumb_480_h": 480,
                "thumb_160": "https:\/\/files.slack.com\/files-tmb\/T0105GKDN1H-F010YTZUV52-70aea322f0\/image_160.png?t=xoxe-1005563464051-1077300145892-1094973465936-b91b441389dd5f41adba77ce94586498",
                "image_exif_rotation": 1,
                "original_w": 460,
                "original_h": 583,
                "thumb_tiny": "AwAwACW7uC5Pm5H0oLEf8te+Pu0iTLyS2f8AgOKf5yev6UAN3jIzJ29OtKu5z8suQPal81P8ijzk9f0oAXY2T85\/KjY3980eanrSecnrQBRHH8VLuI75puV9RTXdU57e1SMk3N7ik3H+\/UJuRnGDTwUboecZpgSeZxjjijzPpTMLSYWi4gKL6A\/hUUqjAAAFSFvamkFjwKAK44z9Klh4Y8jkUGE9R+VIiFSeO1AybFGPem7j6Uu4+lAH\/9k=",
                "permalink": "https:\/\/uclavirtfsfpt-96r8630.slack.com\/files\/U010P7ZMAP3\/F010YTZUV52\/image.png",
                "permalink_public": "https:\/\/slack-files.com\/T0105GKDN1H-F010YTZUV52-bb76ffb10b",
                "is_starred": false,
                "has_rich_preview": false
            }
        ],
        "upload": true,
        "user": "U010P7ZMAP3",
        "display_as_bot": false,
        "ts": "1585429321.013000",
        "client_msg_id": "bb660aa1-6e9d-4f42-99df-aa96e0bca159",
        "reactions": [
            {
                "name": "joy",
                "users": [
                    "U010L2Z8M7F",
                    "U0107MTT526"
                ],
                "count": 2
            },
            {
                "name": "smile",
                "users": [
                    "U010APCDU9F"
                ],
                "count": 1
            }
        ]
    },
    {
        "type": "message",
        "text": "For those brave souls doing pre-work.",
        "files": [
            {
                "id": "F010ZEV7421",
                "created": 1585445392,
                "timestamp": 1585445392,
                "name": "image.png",
                "title": "image.png",
                "mimetype": "image\/png",
                "filetype": "png",
                "pretty_type": "PNG",
                "user": "U010L2Z8M7F",
                "editable": false,
                "size": 888301,
                "mode": "hosted",
                "is_external": false,
                "external_type": "",
                "is_public": true,
                "public_url_shared": false,
                "display_as_bot": false,
                "username": "",
                "url_private": "https:\/\/files.slack.com\/files-pri\/T0105GKDN1H-F010ZEV7421\/image.png?t=xoxe-1005563464051-1077300145892-1094973465936-b91b441389dd5f41adba77ce94586498",
                "url_private_download": "https:\/\/files.slack.com\/files-pri\/T0105GKDN1H-F010ZEV7421\/download\/image.png?t=xoxe-1005563464051-1077300145892-1094973465936-b91b441389dd5f41adba77ce94586498",
                "thumb_64": "https:\/\/files.slack.com\/files-tmb\/T0105GKDN1H-F010ZEV7421-dd7d0713aa\/image_64.png?t=xoxe-1005563464051-1077300145892-1094973465936-b91b441389dd5f41adba77ce94586498",
                "thumb_80": "https:\/\/files.slack.com\/files-tmb\/T0105GKDN1H-F010ZEV7421-dd7d0713aa\/image_80.png?t=xoxe-1005563464051-1077300145892-1094973465936-b91b441389dd5f41adba77ce94586498",
                "thumb_360": "https:\/\/files.slack.com\/files-tmb\/T0105GKDN1H-F010ZEV7421-dd7d0713aa\/image_360.png?t=xoxe-1005563464051-1077300145892-1094973465936-b91b441389dd5f41adba77ce94586498",
                "thumb_360_w": 350,
                "thumb_360_h": 360,
                "thumb_480": "https:\/\/files.slack.com\/files-tmb\/T0105GKDN1H-F010ZEV7421-dd7d0713aa\/image_480.png?t=xoxe-1005563464051-1077300145892-1094973465936-b91b441389dd5f41adba77ce94586498",
                "thumb_480_w": 467,
                "thumb_480_h": 480,
                "thumb_160": "https:\/\/files.slack.com\/files-tmb\/T0105GKDN1H-F010ZEV7421-dd7d0713aa\/image_160.png?t=xoxe-1005563464051-1077300145892-1094973465936-b91b441389dd5f41adba77ce94586498",
                "image_exif_rotation": 1,
                "original_w": 700,
                "original_h": 720,
                "thumb_tiny": "AwAwAC7QYEvxJj24pNpGf3p59cUPt38xkn+9im\/Ic5gOfdRQA\/DZGZf0FGx8f6w\/kKb8mQfKOev3elOMmP4H\/KgACNkZkJHpgU+o\/N\/2H\/Knq24ZwR9aAKU1yFncGJSV4yTUyhCo\/djmqN04F4+M571JHdKkYVgSfapbYyyNjA\/u1wOOtRGZAuFRCecgNTPNc8sMKegFR43L8mFPTpUrmYE5kAQsYVxj1qa1uPOyu0KAOMGs4Suh2t24NXrBCAWyNp6U03fUCldgG7k9QagZiDgGp7lFkuHkSaLBPd6YIsNnz4h\/wKqAazugwwP41Msgx1PPpTZVaRQDcRED1apYhGmP3sX\/AH1Tu0BHJhnJzV+xQpBz35qnsV5iRLGQTnAaryTIowzIAB\/eqeoj\/9k=",
                "permalink": "https:\/\/uclavirtfsfpt-96r8630.slack.com\/files\/U010L2Z8M7F\/F010ZEV7421\/image.png",
                "permalink_public": "https:\/\/slack-files.com\/T0105GKDN1H-F010ZEV7421-88f6f8d0db",
                "is_starred": false,
                "has_rich_preview": false
            }
        ],
        "upload": true,
        "blocks": [
            {
                "type": "rich_text",
                "block_id": "9ftpu",
                "elements": [
                    {
                        "type": "rich_text_section",
                        "elements": [
                            {
                                "type": "text",
                                "text": "For those brave souls doing pre-work."
                            }
                        ]
                    }
                ]
            }
        ],
        "user": "U010L2Z8M7F",
        "display_as_bot": false,
        "ts": "1585445395.013600",
        "client_msg_id": "fab0b24c-f4ea-45b1-b813-fb208eb89e07",
        "reactions": [
            {
                "name": "joy",
                "users": [
                    "U010APCDU9F"
                ],
                "count": 1
            },
            {
                "name": "rolling_on_the_floor_laughing",
                "users": [
                    "U010AJPBC3B"
                ],
                "count": 1
            },
            {
                "name": "+1",
                "users": [
                    "U010Y90H4T0"
                ],
                "count": 1
            }
        ]
    }
]