[
    {
        "client_msg_id": "e819f655-298e-4f90-8366-9ae737824f13",
        "type": "message",
        "text": "hey Michael, here's the dog we were talking about <https:\/\/threedog.com\/dog-tales\/getting-to-know-you-bernese-mountain-dog\/>",
        "user": "U010AJPBC3B",
        "ts": "1585888489.017700",
        "team": "T0105GKDN1H",
        "user_team": "T0105GKDN1H",
        "source_team": "T0105GKDN1H",
        "user_profile": {
            "avatar_hash": "a7accc11904a",
            "image_72": "https:\/\/avatars.slack-edge.com\/2020-03-31\/1039823854836_a7accc11904a7e79e199_72.png",
            "first_name": "Krista",
            "real_name": "Krista Clarke",
            "display_name": "Krista C",
            "team": "T0105GKDN1H",
            "name": "kristaclarke82",
            "is_restricted": false,
            "is_ultra_restricted": false
        },
        "attachments": [
            {
                "service_name": "Three Dog Bakery",
                "title": "Getting To Know You - Bernese Mountain Dog - Three Dog Bakery",
                "title_link": "https:\/\/threedog.com\/dog-tales\/getting-to-know-you-bernese-mountain-dog\/",
                "text": "According to the American Kennel Club, the Bernese Mountain Dog is “big, powerful, and built for hard work”, it is “also strikingly beautiful and blessed with a sweet, affectionate nature.",
                "fallback": "Three Dog Bakery: Getting To Know You - Bernese Mountain Dog - Three Dog Bakery",
                "image_url": "https:\/\/threedog.com\/app\/uploads\/2019\/08\/Bernese-Mtn-Dog.png",
                "image_width": 250,
                "image_height": 250,
                "ts": 1566244800,
                "from_url": "https:\/\/threedog.com\/dog-tales\/getting-to-know-you-bernese-mountain-dog\/",
                "image_bytes": 1375382,
                "id": 1,
                "original_url": "https:\/\/threedog.com\/dog-tales\/getting-to-know-you-bernese-mountain-dog\/"
            }
        ],
        "blocks": [
            {
                "type": "rich_text",
                "block_id": "D9MXD",
                "elements": [
                    {
                        "type": "rich_text_section",
                        "elements": [
                            {
                                "type": "text",
                                "text": "hey Michael, here's the dog we were talking about "
                            },
                            {
                                "type": "link",
                                "url": "https:\/\/threedog.com\/dog-tales\/getting-to-know-you-bernese-mountain-dog\/"
                            }
                        ]
                    }
                ]
            }
        ]
    },
    {
        "client_msg_id": "bec3903d-8c29-44d0-8732-eb4a67a18b6c",
        "type": "message",
        "text": "Doing a study session tomorrow",
        "user": "U010APCDU9F",
        "ts": "1585888744.018100",
        "team": "T0105GKDN1H",
        "user_team": "T0105GKDN1H",
        "source_team": "T0105GKDN1H",
        "user_profile": {
            "avatar_hash": "d44fbe708fa1",
            "image_72": "https:\/\/avatars.slack-edge.com\/2020-03-23\/1020879238357_d44fbe708fa1409cd3b9_72.jpg",
            "first_name": "",
            "real_name": "Eric Z",
            "display_name": "Eric Z",
            "team": "T0105GKDN1H",
            "name": "swissbizz88",
            "is_restricted": false,
            "is_ultra_restricted": false
        },
        "blocks": [
            {
                "type": "rich_text",
                "block_id": "Eyd",
                "elements": [
                    {
                        "type": "rich_text_section",
                        "elements": [
                            {
                                "type": "text",
                                "text": "Doing a study session tomorrow"
                            }
                        ]
                    }
                ]
            }
        ]
    },
    {
        "client_msg_id": "699921ed-3a1c-4817-b37d-ca07d14cd071",
        "type": "message",
        "text": "here's the link to the discord if you are interested",
        "user": "U010APCDU9F",
        "ts": "1585888752.018400",
        "team": "T0105GKDN1H",
        "user_team": "T0105GKDN1H",
        "source_team": "T0105GKDN1H",
        "user_profile": {
            "avatar_hash": "d44fbe708fa1",
            "image_72": "https:\/\/avatars.slack-edge.com\/2020-03-23\/1020879238357_d44fbe708fa1409cd3b9_72.jpg",
            "first_name": "",
            "real_name": "Eric Z",
            "display_name": "Eric Z",
            "team": "T0105GKDN1H",
            "name": "swissbizz88",
            "is_restricted": false,
            "is_ultra_restricted": false
        },
        "blocks": [
            {
                "type": "rich_text",
                "block_id": "kU6",
                "elements": [
                    {
                        "type": "rich_text_section",
                        "elements": [
                            {
                                "type": "text",
                                "text": "here's the link to the discord if you are interested"
                            }
                        ]
                    }
                ]
            }
        ],
        "reactions": [
            {
                "name": "+1",
                "users": [
                    "U010AJPBC3B"
                ],
                "count": 1
            }
        ]
    },
    {
        "client_msg_id": "f9d51365-1b6c-438c-8a79-eab442909c42",
        "type": "message",
        "text": "<https:\/\/discord.gg\/mfzjSc>",
        "user": "U010APCDU9F",
        "ts": "1585888754.018600",
        "team": "T0105GKDN1H",
        "user_team": "T0105GKDN1H",
        "source_team": "T0105GKDN1H",
        "user_profile": {
            "avatar_hash": "d44fbe708fa1",
            "image_72": "https:\/\/avatars.slack-edge.com\/2020-03-23\/1020879238357_d44fbe708fa1409cd3b9_72.jpg",
            "first_name": "",
            "real_name": "Eric Z",
            "display_name": "Eric Z",
            "team": "T0105GKDN1H",
            "name": "swissbizz88",
            "is_restricted": false,
            "is_ultra_restricted": false
        },
        "attachments": [
            {
                "service_name": "Discord",
                "title": "Join the UCLA Coding 2020 Discord Server!",
                "title_link": "https:\/\/discord.gg\/mfzjSc",
                "text": "Check out the UCLA Coding 2020 community on Discord - hang out with 16 other members and enjoy free voice and text chat.",
                "fallback": "Discord: Join the UCLA Coding 2020 Discord Server!",
                "image_url": "https:\/\/cdn.discordapp.com\/icons\/693525957168070666\/d157b571b8b669baba58b91e3825ed5d.jpg?size=256",
                "image_width": 250,
                "image_height": 250,
                "from_url": "https:\/\/discord.gg\/mfzjSc",
                "image_bytes": 9022,
                "service_icon": "https:\/\/discordapp.com\/assets\/07dca80a102d4149e9736d4b162cff6f.ico",
                "id": 1,
                "original_url": "https:\/\/discord.gg\/mfzjSc"
            }
        ],
        "blocks": [
            {
                "type": "rich_text",
                "block_id": "Hs5h",
                "elements": [
                    {
                        "type": "rich_text_section",
                        "elements": [
                            {
                                "type": "link",
                                "url": "https:\/\/discord.gg\/mfzjSc"
                            }
                        ]
                    }
                ]
            }
        ],
        "reactions": [
            {
                "name": "+1",
                "users": [
                    "U010KG4F57W",
                    "U010Y90H4T0"
                ],
                "count": 2
            }
        ]
    },
    {
        "client_msg_id": "ef9e17f6-3035-4483-980d-94437934eef5",
        "type": "message",
        "text": "like 4 pm PST",
        "user": "U010APCDU9F",
        "ts": "1585888763.019000",
        "team": "T0105GKDN1H",
        "user_team": "T0105GKDN1H",
        "source_team": "T0105GKDN1H",
        "user_profile": {
            "avatar_hash": "d44fbe708fa1",
            "image_72": "https:\/\/avatars.slack-edge.com\/2020-03-23\/1020879238357_d44fbe708fa1409cd3b9_72.jpg",
            "first_name": "",
            "real_name": "Eric Z",
            "display_name": "Eric Z",
            "team": "T0105GKDN1H",
            "name": "swissbizz88",
            "is_restricted": false,
            "is_ultra_restricted": false
        },
        "blocks": [
            {
                "type": "rich_text",
                "block_id": "+91",
                "elements": [
                    {
                        "type": "rich_text_section",
                        "elements": [
                            {
                                "type": "text",
                                "text": "like 4 pm PST"
                            }
                        ]
                    }
                ]
            }
        ]
    },
    {
        "client_msg_id": "2fa71811-da5c-420e-b1f7-4500940eb759",
        "type": "message",
        "text": "See y'all there!",
        "user": "U010APCDU9F",
        "ts": "1585888767.019300",
        "team": "T0105GKDN1H",
        "user_team": "T0105GKDN1H",
        "source_team": "T0105GKDN1H",
        "user_profile": {
            "avatar_hash": "d44fbe708fa1",
            "image_72": "https:\/\/avatars.slack-edge.com\/2020-03-23\/1020879238357_d44fbe708fa1409cd3b9_72.jpg",
            "first_name": "",
            "real_name": "Eric Z",
            "display_name": "Eric Z",
            "team": "T0105GKDN1H",
            "name": "swissbizz88",
            "is_restricted": false,
            "is_ultra_restricted": false
        },
        "blocks": [
            {
                "type": "rich_text",
                "block_id": "nPtj",
                "elements": [
                    {
                        "type": "rich_text_section",
                        "elements": [
                            {
                                "type": "text",
                                "text": "See y'all there!"
                            }
                        ]
                    }
                ]
            }
        ]
    }
]