[
    {
        "type": "message",
        "text": "Dinner tonight! Chicken Parmigiana! :)",
        "files": [
            {
                "id": "F010UL8M23V",
                "created": 1585707711,
                "timestamp": 1585707711,
                "name": "IMG-20200331-WA0001.jpg",
                "title": "IMG-20200331-WA0001.jpg",
                "mimetype": "image\/jpeg",
                "filetype": "jpg",
                "pretty_type": "JPEG",
                "user": "U010P7ZMAP3",
                "editable": false,
                "size": 89256,
                "mode": "hosted",
                "is_external": false,
                "external_type": "",
                "is_public": true,
                "public_url_shared": false,
                "display_as_bot": false,
                "username": "",
                "url_private": "https:\/\/files.slack.com\/files-pri\/T0105GKDN1H-F010UL8M23V\/img-20200331-wa0001.jpg?t=xoxe-1005563464051-1077300145892-1094973465936-b91b441389dd5f41adba77ce94586498",
                "url_private_download": "https:\/\/files.slack.com\/files-pri\/T0105GKDN1H-F010UL8M23V\/download\/img-20200331-wa0001.jpg?t=xoxe-1005563464051-1077300145892-1094973465936-b91b441389dd5f41adba77ce94586498",
                "thumb_64": "https:\/\/files.slack.com\/files-tmb\/T0105GKDN1H-F010UL8M23V-216f66ce6b\/img-20200331-wa0001_64.jpg?t=xoxe-1005563464051-1077300145892-1094973465936-b91b441389dd5f41adba77ce94586498",
                "thumb_80": "https:\/\/files.slack.com\/files-tmb\/T0105GKDN1H-F010UL8M23V-216f66ce6b\/img-20200331-wa0001_80.jpg?t=xoxe-1005563464051-1077300145892-1094973465936-b91b441389dd5f41adba77ce94586498",
                "thumb_360": "https:\/\/files.slack.com\/files-tmb\/T0105GKDN1H-F010UL8M23V-216f66ce6b\/img-20200331-wa0001_360.jpg?t=xoxe-1005563464051-1077300145892-1094973465936-b91b441389dd5f41adba77ce94586498",
                "thumb_360_w": 360,
                "thumb_360_h": 270,
                "thumb_480": "https:\/\/files.slack.com\/files-tmb\/T0105GKDN1H-F010UL8M23V-216f66ce6b\/img-20200331-wa0001_480.jpg?t=xoxe-1005563464051-1077300145892-1094973465936-b91b441389dd5f41adba77ce94586498",
                "thumb_480_w": 480,
                "thumb_480_h": 360,
                "thumb_160": "https:\/\/files.slack.com\/files-tmb\/T0105GKDN1H-F010UL8M23V-216f66ce6b\/img-20200331-wa0001_160.jpg?t=xoxe-1005563464051-1077300145892-1094973465936-b91b441389dd5f41adba77ce94586498",
                "thumb_720": "https:\/\/files.slack.com\/files-tmb\/T0105GKDN1H-F010UL8M23V-216f66ce6b\/img-20200331-wa0001_720.jpg?t=xoxe-1005563464051-1077300145892-1094973465936-b91b441389dd5f41adba77ce94586498",
                "thumb_720_w": 720,
                "thumb_720_h": 540,
                "thumb_800": "https:\/\/files.slack.com\/files-tmb\/T0105GKDN1H-F010UL8M23V-216f66ce6b\/img-20200331-wa0001_800.jpg?t=xoxe-1005563464051-1077300145892-1094973465936-b91b441389dd5f41adba77ce94586498",
                "thumb_800_w": 800,
                "thumb_800_h": 600,
                "image_exif_rotation": 1,
                "original_w": 936,
                "original_h": 702,
                "thumb_tiny": "AwAkADBQRtH+NORA\/PaooyzBV7n3q2AFUDPA9ayNAHHsKaZlU4P\/AOumyuQCAwGeOlU5S4PzHO7p7UhPQvFVkG6MgmoieP8A9dVYZmV0VTjnk1fuU+XeO3Wm0CZWgcLICenSpbkESRseEU5NVvWrEE4ACSdOxNAyMkl8rk56GmFNysAd2PfvU81q2MxsSMfdpsNrIR8x2r6YosAW1odyucKB6U+\/mwBEp+Y8n2qaaZbaId26KPWs0ZZi7nLHmqJSH55NJ2o7mj+GkUT20ziRY85U9j2q67FY2YdQM1nW\/wDx8JWhN\/qX\/wB00xMyQ7TSF5Dk08dBUcP9KkHQUmNH\/9k=",
                "permalink": "https:\/\/uclavirtfsfpt-96r8630.slack.com\/files\/U010P7ZMAP3\/F010UL8M23V\/img-20200331-wa0001.jpg",
                "permalink_public": "https:\/\/slack-files.com\/T0105GKDN1H-F010UL8M23V-d21e11f9b2",
                "is_starred": false,
                "has_rich_preview": false
            }
        ],
        "upload": true,
        "blocks": [
            {
                "type": "rich_text",
                "block_id": "werR3",
                "elements": [
                    {
                        "type": "rich_text_section",
                        "elements": [
                            {
                                "type": "text",
                                "text": "Dinner tonight! Chicken Parmigiana! :)"
                            }
                        ]
                    }
                ]
            }
        ],
        "user": "U010P7ZMAP3",
        "display_as_bot": false,
        "ts": "1585707732.016300",
        "client_msg_id": "15517495-e69d-4897-810b-82321e22f1e7",
        "reactions": [
            {
                "name": "yum",
                "users": [
                    "U010LJ07DTN"
                ],
                "count": 1
            },
            {
                "name": "open_mouth",
                "users": [
                    "U010L2Z8M7F"
                ],
                "count": 1
            }
        ]
    },
    {
        "client_msg_id": "4b8db0dd-92d7-417c-82d3-10cd0f936fb6",
        "type": "message",
        "text": "very nice!",
        "user": "U010AJPBC3B",
        "ts": "1585707776.016800",
        "team": "T0105GKDN1H",
        "user_team": "T0105GKDN1H",
        "source_team": "T0105GKDN1H",
        "user_profile": {
            "avatar_hash": "a7accc11904a",
            "image_72": "https:\/\/avatars.slack-edge.com\/2020-03-31\/1039823854836_a7accc11904a7e79e199_72.png",
            "first_name": "Krista",
            "real_name": "Krista Clarke",
            "display_name": "Krista C",
            "team": "T0105GKDN1H",
            "name": "kristaclarke82",
            "is_restricted": false,
            "is_ultra_restricted": false
        },
        "blocks": [
            {
                "type": "rich_text",
                "block_id": "HpITF",
                "elements": [
                    {
                        "type": "rich_text_section",
                        "elements": [
                            {
                                "type": "text",
                                "text": "very nice!"
                            }
                        ]
                    }
                ]
            }
        ],
        "reactions": [
            {
                "name": "star",
                "users": [
                    "U010P7ZMAP3"
                ],
                "count": 1
            }
        ]
    },
    {
        "client_msg_id": "8f90fd37-1371-4d13-8920-18364cd41c5f",
        "type": "message",
        "text": "<@U010NLDPJ2J> i added ya!",
        "user": "U010NLX5YVD",
        "ts": "1585708158.017300",
        "team": "T0105GKDN1H",
        "user_team": "T0105GKDN1H",
        "source_team": "T0105GKDN1H",
        "user_profile": {
            "avatar_hash": "g1146ac96ea0",
            "image_72": "https:\/\/secure.gravatar.com\/avatar\/1146ac96ea01d01b2cda88e5d9c36cc3.jpg?s=72&d=https%3A%2F%2Fa.slack-edge.com%2Fdf10d%2Fimg%2Favatars%2Fava_0013-72.png",
            "first_name": "",
            "real_name": "Michael Hoffman",
            "display_name": "",
            "team": "T0105GKDN1H",
            "name": "maaronhoffman",
            "is_restricted": false,
            "is_ultra_restricted": false
        },
        "blocks": [
            {
                "type": "rich_text",
                "block_id": "qAB",
                "elements": [
                    {
                        "type": "rich_text_section",
                        "elements": [
                            {
                                "type": "user",
                                "user_id": "U010NLDPJ2J"
                            },
                            {
                                "type": "text",
                                "text": " i added ya!"
                            }
                        ]
                    }
                ]
            }
        ]
    }
]