[
    {
        "type": "message",
        "text": "Happy Saturday everyone!\n--From the dogs that are waiting for us to finish class\n\nxD",
        "files": [
            {
                "id": "F0119DXM1MF",
                "created": 1586018833,
                "timestamp": 1586018833,
                "name": "Dogs.jpeg",
                "title": "Dogs.jpeg",
                "mimetype": "image\/jpeg",
                "filetype": "jpg",
                "pretty_type": "JPEG",
                "user": "U010L2Z8M7F",
                "editable": false,
                "size": 672169,
                "mode": "hosted",
                "is_external": false,
                "external_type": "",
                "is_public": true,
                "public_url_shared": false,
                "display_as_bot": false,
                "username": "",
                "url_private": "https:\/\/files.slack.com\/files-pri\/T0105GKDN1H-F0119DXM1MF\/dogs.jpeg?t=xoxe-1005563464051-1077300145892-1094973465936-b91b441389dd5f41adba77ce94586498",
                "url_private_download": "https:\/\/files.slack.com\/files-pri\/T0105GKDN1H-F0119DXM1MF\/download\/dogs.jpeg?t=xoxe-1005563464051-1077300145892-1094973465936-b91b441389dd5f41adba77ce94586498",
                "thumb_64": "https:\/\/files.slack.com\/files-tmb\/T0105GKDN1H-F0119DXM1MF-4f7e29b570\/dogs_64.jpg?t=xoxe-1005563464051-1077300145892-1094973465936-b91b441389dd5f41adba77ce94586498",
                "thumb_80": "https:\/\/files.slack.com\/files-tmb\/T0105GKDN1H-F0119DXM1MF-4f7e29b570\/dogs_80.jpg?t=xoxe-1005563464051-1077300145892-1094973465936-b91b441389dd5f41adba77ce94586498",
                "thumb_360": "https:\/\/files.slack.com\/files-tmb\/T0105GKDN1H-F0119DXM1MF-4f7e29b570\/dogs_360.jpg?t=xoxe-1005563464051-1077300145892-1094973465936-b91b441389dd5f41adba77ce94586498",
                "thumb_360_w": 360,
                "thumb_360_h": 270,
                "thumb_480": "https:\/\/files.slack.com\/files-tmb\/T0105GKDN1H-F0119DXM1MF-4f7e29b570\/dogs_480.jpg?t=xoxe-1005563464051-1077300145892-1094973465936-b91b441389dd5f41adba77ce94586498",
                "thumb_480_w": 480,
                "thumb_480_h": 360,
                "thumb_160": "https:\/\/files.slack.com\/files-tmb\/T0105GKDN1H-F0119DXM1MF-4f7e29b570\/dogs_160.jpg?t=xoxe-1005563464051-1077300145892-1094973465936-b91b441389dd5f41adba77ce94586498",
                "thumb_720": "https:\/\/files.slack.com\/files-tmb\/T0105GKDN1H-F0119DXM1MF-4f7e29b570\/dogs_720.jpg?t=xoxe-1005563464051-1077300145892-1094973465936-b91b441389dd5f41adba77ce94586498",
                "thumb_720_w": 720,
                "thumb_720_h": 540,
                "thumb_800": "https:\/\/files.slack.com\/files-tmb\/T0105GKDN1H-F0119DXM1MF-4f7e29b570\/dogs_800.jpg?t=xoxe-1005563464051-1077300145892-1094973465936-b91b441389dd5f41adba77ce94586498",
                "thumb_800_w": 800,
                "thumb_800_h": 600,
                "thumb_960": "https:\/\/files.slack.com\/files-tmb\/T0105GKDN1H-F0119DXM1MF-4f7e29b570\/dogs_960.jpg?t=xoxe-1005563464051-1077300145892-1094973465936-b91b441389dd5f41adba77ce94586498",
                "thumb_960_w": 960,
                "thumb_960_h": 720,
                "thumb_1024": "https:\/\/files.slack.com\/files-tmb\/T0105GKDN1H-F0119DXM1MF-4f7e29b570\/dogs_1024.jpg?t=xoxe-1005563464051-1077300145892-1094973465936-b91b441389dd5f41adba77ce94586498",
                "thumb_1024_w": 1024,
                "thumb_1024_h": 768,
                "image_exif_rotation": 1,
                "original_w": 2016,
                "original_h": 1512,
                "thumb_tiny": "AwAkADBsB2SuJCAc8g8VfQ1lyyySEMxz+HSh3cqADjHXnrSsBqTSmNMqpZuwAzTXnG5MH5WB\/Cq1vITG4wc+\/emKfMGwDn36ZpFWC5uD5y7MEJz9TUtvJviGDyOuaz+WOM1NACkoPmKFP60xDCCoHcA1Knlsp3g57VPLZnBMLZz2aqro0bYYbW\/Q0xC+eVI2jFTMcR7046cjtVYnjDr+IqT7RuTYRx6ClYdxmQeWUZ7ml3AfdJHtik\/dn1H400Jhshs\/zpiNUuRKcf55pJYkmj3MMEdCKRv9Yf8APepB\/qTSGVfs6APy3A45oNtGWwc9M1MfuyfQUf8ALT\/gIpgZ0sYRiAT1pvQkelSz\/fP1qM\/eP1oEf\/\/Z",
                "permalink": "https:\/\/uclavirtfsfpt-96r8630.slack.com\/files\/U010L2Z8M7F\/F0119DXM1MF\/dogs.jpeg",
                "permalink_public": "https:\/\/slack-files.com\/T0105GKDN1H-F0119DXM1MF-dbd222852a",
                "is_starred": false,
                "has_rich_preview": false
            }
        ],
        "upload": true,
        "blocks": [
            {
                "type": "rich_text",
                "block_id": "s2t8",
                "elements": [
                    {
                        "type": "rich_text_section",
                        "elements": [
                            {
                                "type": "text",
                                "text": "Happy Saturday everyone!\n--From the dogs that are waiting for us to finish class\n\nxD"
                            }
                        ]
                    }
                ]
            }
        ],
        "user": "U010L2Z8M7F",
        "display_as_bot": false,
        "ts": "1586018838.019700",
        "client_msg_id": "96dc9f28-3293-4009-b0c0-a3acac57fcd8",
        "reactions": [
            {
                "name": "dog",
                "users": [
                    "U010LEW7V2R",
                    "U010KG4F57W",
                    "U010LJ07DTN",
                    "U010Y90H4T0"
                ],
                "count": 4
            },
            {
                "name": "grinning",
                "users": [
                    "U010AJPBC3B",
                    "U010LJ07DTN"
                ],
                "count": 2
            },
            {
                "name": "heart",
                "users": [
                    "U010APCDU9F",
                    "U010P7ZMAP3"
                ],
                "count": 2
            }
        ]
    },
    {
        "type": "message",
        "text": "",
        "files": [
            {
                "id": "F01140Q877U",
                "created": 1586027065,
                "timestamp": 1586027065,
                "name": "7738e70.png",
                "title": "7738e70.png",
                "mimetype": "image\/png",
                "filetype": "png",
                "pretty_type": "PNG",
                "user": "U010P7ZMAP3",
                "editable": false,
                "size": 383876,
                "mode": "hosted",
                "is_external": false,
                "external_type": "",
                "is_public": true,
                "public_url_shared": false,
                "display_as_bot": false,
                "username": "",
                "url_private": "https:\/\/files.slack.com\/files-pri\/T0105GKDN1H-F01140Q877U\/7738e70.png?t=xoxe-1005563464051-1077300145892-1094973465936-b91b441389dd5f41adba77ce94586498",
                "url_private_download": "https:\/\/files.slack.com\/files-pri\/T0105GKDN1H-F01140Q877U\/download\/7738e70.png?t=xoxe-1005563464051-1077300145892-1094973465936-b91b441389dd5f41adba77ce94586498",
                "thumb_64": "https:\/\/files.slack.com\/files-tmb\/T0105GKDN1H-F01140Q877U-9c3f19319a\/7738e70_64.png?t=xoxe-1005563464051-1077300145892-1094973465936-b91b441389dd5f41adba77ce94586498",
                "thumb_80": "https:\/\/files.slack.com\/files-tmb\/T0105GKDN1H-F01140Q877U-9c3f19319a\/7738e70_80.png?t=xoxe-1005563464051-1077300145892-1094973465936-b91b441389dd5f41adba77ce94586498",
                "thumb_360": "https:\/\/files.slack.com\/files-tmb\/T0105GKDN1H-F01140Q877U-9c3f19319a\/7738e70_360.png?t=xoxe-1005563464051-1077300145892-1094973465936-b91b441389dd5f41adba77ce94586498",
                "thumb_360_w": 353,
                "thumb_360_h": 360,
                "thumb_480": "https:\/\/files.slack.com\/files-tmb\/T0105GKDN1H-F01140Q877U-9c3f19319a\/7738e70_480.png?t=xoxe-1005563464051-1077300145892-1094973465936-b91b441389dd5f41adba77ce94586498",
                "thumb_480_w": 471,
                "thumb_480_h": 480,
                "thumb_160": "https:\/\/files.slack.com\/files-tmb\/T0105GKDN1H-F01140Q877U-9c3f19319a\/7738e70_160.png?t=xoxe-1005563464051-1077300145892-1094973465936-b91b441389dd5f41adba77ce94586498",
                "thumb_720": "https:\/\/files.slack.com\/files-tmb\/T0105GKDN1H-F01140Q877U-9c3f19319a\/7738e70_720.png?t=xoxe-1005563464051-1077300145892-1094973465936-b91b441389dd5f41adba77ce94586498",
                "thumb_720_w": 707,
                "thumb_720_h": 720,
                "thumb_800": "https:\/\/files.slack.com\/files-tmb\/T0105GKDN1H-F01140Q877U-9c3f19319a\/7738e70_800.png?t=xoxe-1005563464051-1077300145892-1094973465936-b91b441389dd5f41adba77ce94586498",
                "thumb_800_w": 800,
                "thumb_800_h": 815,
                "thumb_960": "https:\/\/files.slack.com\/files-tmb\/T0105GKDN1H-F01140Q877U-9c3f19319a\/7738e70_960.png?t=xoxe-1005563464051-1077300145892-1094973465936-b91b441389dd5f41adba77ce94586498",
                "thumb_960_w": 943,
                "thumb_960_h": 960,
                "thumb_1024": "https:\/\/files.slack.com\/files-tmb\/T0105GKDN1H-F01140Q877U-9c3f19319a\/7738e70_1024.png?t=xoxe-1005563464051-1077300145892-1094973465936-b91b441389dd5f41adba77ce94586498",
                "thumb_1024_w": 1005,
                "thumb_1024_h": 1024,
                "image_exif_rotation": 1,
                "original_w": 1080,
                "original_h": 1100,
                "thumb_tiny": "AwAwAC90ttctfb1J25BDZ6D0q8VOTy3\/AH1SHO4nB\/76oGfQ\/wDfVAChP9pvzp9RHPHB\/wC+qXDejf8AfVAElFRgMDna3\/fVSUANKJnJAyaNqei0Oqt94ZxTCsWOVGB7UAPCr2Ap1MVkUYUYH0pd6+\/5UAOopu9fU\/lTgcjNACZPpRk+hqiNQB52t9Nwp328EcKf++hQBcyfQ0ZPoapC+HoT\/wACWj+00\/55t+YoAvUVQ\/tNP+eTfmKcdRUf8sz+DCgD\/9k=",
                "permalink": "https:\/\/uclavirtfsfpt-96r8630.slack.com\/files\/U010P7ZMAP3\/F01140Q877U\/7738e70.png",
                "permalink_public": "https:\/\/slack-files.com\/T0105GKDN1H-F01140Q877U-29823d8cd0",
                "is_starred": false,
                "has_rich_preview": false
            }
        ],
        "upload": true,
        "user": "U010P7ZMAP3",
        "display_as_bot": false,
        "ts": "1586027070.020700",
        "client_msg_id": "72e94386-c26b-4913-a299-1efe758a5b33",
        "reactions": [
            {
                "name": "astonished",
                "users": [
                    "U010AJPBC3B"
                ],
                "count": 1
            },
            {
                "name": "joy",
                "users": [
                    "U010L2Z8M7F"
                ],
                "count": 1
            }
        ]
    },
    {
        "client_msg_id": "da7aa8cd-5396-45c7-94ad-d95a21ca0921",
        "type": "message",
        "text": "where my other animal crossing pplz at. or nintendo switch people in general",
        "user": "U010NLX5YVD",
        "ts": "1586033991.021500",
        "team": "T0105GKDN1H",
        "user_team": "T0105GKDN1H",
        "source_team": "T0105GKDN1H",
        "user_profile": {
            "avatar_hash": "g1146ac96ea0",
            "image_72": "https:\/\/secure.gravatar.com\/avatar\/1146ac96ea01d01b2cda88e5d9c36cc3.jpg?s=72&d=https%3A%2F%2Fa.slack-edge.com%2Fdf10d%2Fimg%2Favatars%2Fava_0013-72.png",
            "first_name": "",
            "real_name": "Michael Hoffman",
            "display_name": "",
            "team": "T0105GKDN1H",
            "name": "maaronhoffman",
            "is_restricted": false,
            "is_ultra_restricted": false
        },
        "blocks": [
            {
                "type": "rich_text",
                "block_id": "p6a",
                "elements": [
                    {
                        "type": "rich_text_section",
                        "elements": [
                            {
                                "type": "text",
                                "text": "where my other animal crossing pplz at. or nintendo switch people in general"
                            }
                        ]
                    }
                ]
            }
        ]
    },
    {
        "client_msg_id": "b83043ab-f6f5-4cb5-a5f1-b8e2b371ff9d",
        "type": "message",
        "text": "Do we need to be a Nintendo member to share IDs?",
        "user": "U010LJKUX44",
        "ts": "1586036200.022200",
        "team": "T0105GKDN1H",
        "user_team": "T0105GKDN1H",
        "source_team": "T0105GKDN1H",
        "user_profile": {
            "avatar_hash": "76dca6aade71",
            "image_72": "https:\/\/avatars.slack-edge.com\/2020-03-23\/1022739361382_76dca6aade71042586a7_72.png",
            "first_name": "",
            "real_name": "Hazel Kasusky",
            "display_name": "Hazel Kasusky",
            "team": "T0105GKDN1H",
            "name": "kasusky.music",
            "is_restricted": false,
            "is_ultra_restricted": false
        },
        "blocks": [
            {
                "type": "rich_text",
                "block_id": "rkNo",
                "elements": [
                    {
                        "type": "rich_text_section",
                        "elements": [
                            {
                                "type": "text",
                                "text": "Do we need to be a Nintendo member to share IDs?"
                            }
                        ]
                    }
                ]
            }
        ]
    },
    {
        "client_msg_id": "611ad68e-0dac-4868-a6be-c198013cae2a",
        "type": "message",
        "text": "i think if you have a friend code in your account settings you can share it regardless",
        "user": "U010NLX5YVD",
        "ts": "1586042621.022900",
        "team": "T0105GKDN1H",
        "user_team": "T0105GKDN1H",
        "source_team": "T0105GKDN1H",
        "user_profile": {
            "avatar_hash": "g1146ac96ea0",
            "image_72": "https:\/\/secure.gravatar.com\/avatar\/1146ac96ea01d01b2cda88e5d9c36cc3.jpg?s=72&d=https%3A%2F%2Fa.slack-edge.com%2Fdf10d%2Fimg%2Favatars%2Fava_0013-72.png",
            "first_name": "",
            "real_name": "Michael Hoffman",
            "display_name": "",
            "team": "T0105GKDN1H",
            "name": "maaronhoffman",
            "is_restricted": false,
            "is_ultra_restricted": false
        },
        "blocks": [
            {
                "type": "rich_text",
                "block_id": "e9V8s",
                "elements": [
                    {
                        "type": "rich_text_section",
                        "elements": [
                            {
                                "type": "text",
                                "text": "i think if you have a friend code in your account settings you can share it regardless"
                            }
                        ]
                    }
                ]
            }
        ]
    }
]