[
    {
        "type": "message",
        "text": "",
        "files": [
            {
                "id": "F01280V71D2",
                "created": 1587136709,
                "timestamp": 1587136709,
                "name": "image.png",
                "title": "image.png",
                "mimetype": "image\/png",
                "filetype": "png",
                "pretty_type": "PNG",
                "user": "U010L2Z8M7F",
                "editable": false,
                "size": 561080,
                "mode": "hosted",
                "is_external": false,
                "external_type": "",
                "is_public": true,
                "public_url_shared": false,
                "display_as_bot": false,
                "username": "",
                "url_private": "https:\/\/files.slack.com\/files-pri\/T0105GKDN1H-F01280V71D2\/image.png?t=xoxe-1005563464051-1077300145892-1094973465936-b91b441389dd5f41adba77ce94586498",
                "url_private_download": "https:\/\/files.slack.com\/files-pri\/T0105GKDN1H-F01280V71D2\/download\/image.png?t=xoxe-1005563464051-1077300145892-1094973465936-b91b441389dd5f41adba77ce94586498",
                "thumb_64": "https:\/\/files.slack.com\/files-tmb\/T0105GKDN1H-F01280V71D2-d54615e12d\/image_64.png?t=xoxe-1005563464051-1077300145892-1094973465936-b91b441389dd5f41adba77ce94586498",
                "thumb_80": "https:\/\/files.slack.com\/files-tmb\/T0105GKDN1H-F01280V71D2-d54615e12d\/image_80.png?t=xoxe-1005563464051-1077300145892-1094973465936-b91b441389dd5f41adba77ce94586498",
                "thumb_360": "https:\/\/files.slack.com\/files-tmb\/T0105GKDN1H-F01280V71D2-d54615e12d\/image_360.png?t=xoxe-1005563464051-1077300145892-1094973465936-b91b441389dd5f41adba77ce94586498",
                "thumb_360_w": 360,
                "thumb_360_h": 360,
                "thumb_480": "https:\/\/files.slack.com\/files-tmb\/T0105GKDN1H-F01280V71D2-d54615e12d\/image_480.png?t=xoxe-1005563464051-1077300145892-1094973465936-b91b441389dd5f41adba77ce94586498",
                "thumb_480_w": 480,
                "thumb_480_h": 480,
                "thumb_160": "https:\/\/files.slack.com\/files-tmb\/T0105GKDN1H-F01280V71D2-d54615e12d\/image_160.png?t=xoxe-1005563464051-1077300145892-1094973465936-b91b441389dd5f41adba77ce94586498",
                "original_w": 640,
                "original_h": 640,
                "thumb_tiny": "AwAwADC8+7eceZj2xik+bH\/LTj6c09pApwQ35UeaP7r\/APfJoAYocnBaQe5xT\/LOP9Y\/6U8HIzRQAzY3\/PRv0pQpGcsTn1p1FAGZPcbZGAYk5PemJJIwLA8emaguT+\/k\/wB41JbOSuMAgVLbNElYmEmf4z+dMe5I4VifxqOTlzjH4VCx5p3ZKSuW1kkK7skj0zzUsUmZFw56+tQQMWjxgccZpI+bhCMY3jp9aSbCSJJrdZJHPIOT0qHyWjHyt+Yq9JvLMqxuDnk4qLypBn5WI9MU9yLtDRGMdKja2V\/myR9Kl2y\/882\/Knku6gLG6+uVp3QtSqImTADfmKsRookXjuKTy5APuscHjinxLJ5i5Ruo6ijRA22f\/9k=",
                "permalink": "https:\/\/uclavirtfsfpt-96r8630.slack.com\/files\/U010L2Z8M7F\/F01280V71D2\/image.png",
                "permalink_public": "https:\/\/slack-files.com\/T0105GKDN1H-F01280V71D2-74d84224b5",
                "is_starred": false,
                "has_rich_preview": false
            }
        ],
        "upload": true,
        "user": "U010L2Z8M7F",
        "display_as_bot": false,
        "ts": "1587136712.059000",
        "client_msg_id": "d85a1002-7da6-46e8-bebd-b485ed5446d3",
        "reactions": [
            {
                "name": "rolling_on_the_floor_laughing",
                "users": [
                    "U010AJPBC3B",
                    "U010LEW4XPX",
                    "U010LEW7V2R",
                    "U010T8GS82C"
                ],
                "count": 4
            },
            {
                "name": "joy",
                "users": [
                    "U010AFPTJP3",
                    "U010LHWSG4U"
                ],
                "count": 2
            }
        ]
    },
    {
        "client_msg_id": "7043a874-749d-4c27-8129-3d51786bddd3",
        "type": "message",
        "text": "hahahahah I can just imagine you wearing that casually picking out tomatoes lol. Yeah, I've been wanting to learn how to work and create art using resin. I heard that although the order isn't strong, that it can be harmful breathing in the chemicals. Don't know how true that is though.",
        "user": "U010LHWSG4U",
        "ts": "1587142798.059700",
        "team": "T0105GKDN1H",
        "user_team": "T0105GKDN1H",
        "source_team": "T0105GKDN1H",
        "user_profile": {
            "avatar_hash": "94c7660ade93",
            "image_72": "https:\/\/avatars.slack-edge.com\/2020-03-25\/1015453574355_94c7660ade93297788be_72.jpg",
            "first_name": "",
            "real_name": "Sandra Romero",
            "display_name": "Sandra Romero",
            "team": "T0105GKDN1H",
            "name": "sandymarieromero",
            "is_restricted": false,
            "is_ultra_restricted": false
        },
        "blocks": [
            {
                "type": "rich_text",
                "block_id": "Qdi\/",
                "elements": [
                    {
                        "type": "rich_text_section",
                        "elements": [
                            {
                                "type": "text",
                                "text": "hahahahah I can just imagine you wearing that casually picking out tomatoes lol. Yeah, I've been wanting to learn how to work and create art using resin. I heard that although the order isn't strong, that it can be harmful breathing in the chemicals. Don't know how true that is though."
                            }
                        ]
                    }
                ]
            }
        ],
        "thread_ts": "1586624494.046300",
        "parent_user_id": "U010AJPBC3B"
    },
    {
        "client_msg_id": "c31da1ec-e611-4640-b1d6-38db40b18da9",
        "type": "message",
        "text": "definitely something to research. resin is pretty neat, I've seen some amazing things done with it, from jewelry to coffee tables!",
        "user": "U010AJPBC3B",
        "ts": "1587142974.059900",
        "team": "T0105GKDN1H",
        "user_team": "T0105GKDN1H",
        "source_team": "T0105GKDN1H",
        "user_profile": {
            "avatar_hash": "a7accc11904a",
            "image_72": "https:\/\/avatars.slack-edge.com\/2020-03-31\/1039823854836_a7accc11904a7e79e199_72.png",
            "first_name": "Krista",
            "real_name": "Krista Clarke",
            "display_name": "Krista C",
            "team": "T0105GKDN1H",
            "name": "kristaclarke82",
            "is_restricted": false,
            "is_ultra_restricted": false
        },
        "blocks": [
            {
                "type": "rich_text",
                "block_id": "kAke",
                "elements": [
                    {
                        "type": "rich_text_section",
                        "elements": [
                            {
                                "type": "text",
                                "text": "definitely something to research. resin is pretty neat, I've seen some amazing things done with it, from jewelry to coffee tables!"
                            }
                        ]
                    }
                ]
            }
        ],
        "thread_ts": "1586624494.046300",
        "parent_user_id": "U010AJPBC3B"
    },
    {
        "client_msg_id": "160145ae-fe1e-4add-a24b-c0c10154c28d",
        "type": "message",
        "text": "Anime Expo is cancelled. That is all.",
        "user": "U010LJKUX44",
        "ts": "1587165401.060400",
        "team": "T0105GKDN1H",
        "user_team": "T0105GKDN1H",
        "source_team": "T0105GKDN1H",
        "user_profile": {
            "avatar_hash": "76dca6aade71",
            "image_72": "https:\/\/avatars.slack-edge.com\/2020-03-23\/1022739361382_76dca6aade71042586a7_72.png",
            "first_name": "",
            "real_name": "Hazel Kasusky",
            "display_name": "Hazel Kasusky",
            "team": "T0105GKDN1H",
            "name": "kasusky.music",
            "is_restricted": false,
            "is_ultra_restricted": false
        },
        "blocks": [
            {
                "type": "rich_text",
                "block_id": "pUS",
                "elements": [
                    {
                        "type": "rich_text_section",
                        "elements": [
                            {
                                "type": "text",
                                "text": "Anime Expo is cancelled. That is all."
                            }
                        ]
                    }
                ]
            }
        ],
        "reactions": [
            {
                "name": "cry",
                "users": [
                    "U010LEW7V2R",
                    "U010LEW4XPX"
                ],
                "count": 2
            },
            {
                "name": "sob",
                "users": [
                    "U010L2Z8M7F"
                ],
                "count": 1
            }
        ]
    },
    {
        "type": "message",
        "text": "<@U010LJKUX44> Me and my brothers were so ready.... Only one thing left to do now.",
        "files": [
            {
                "id": "F01292M2PU4",
                "created": 1587165506,
                "timestamp": 1587165506,
                "name": "jumpOutWindow.gif",
                "title": "jumpOutWindow.gif",
                "mimetype": "image\/gif",
                "filetype": "gif",
                "pretty_type": "GIF",
                "user": "U010LEW4XPX",
                "editable": false,
                "size": 1652902,
                "mode": "hosted",
                "is_external": false,
                "external_type": "",
                "is_public": true,
                "public_url_shared": false,
                "display_as_bot": false,
                "username": "",
                "url_private": "https:\/\/files.slack.com\/files-pri\/T0105GKDN1H-F01292M2PU4\/jumpoutwindow.gif?t=xoxe-1005563464051-1077300145892-1094973465936-b91b441389dd5f41adba77ce94586498",
                "url_private_download": "https:\/\/files.slack.com\/files-pri\/T0105GKDN1H-F01292M2PU4\/download\/jumpoutwindow.gif?t=xoxe-1005563464051-1077300145892-1094973465936-b91b441389dd5f41adba77ce94586498",
                "thumb_64": "https:\/\/files.slack.com\/files-tmb\/T0105GKDN1H-F01292M2PU4-59237422c0\/jumpoutwindow_64.png?t=xoxe-1005563464051-1077300145892-1094973465936-b91b441389dd5f41adba77ce94586498",
                "thumb_80": "https:\/\/files.slack.com\/files-tmb\/T0105GKDN1H-F01292M2PU4-59237422c0\/jumpoutwindow_80.png?t=xoxe-1005563464051-1077300145892-1094973465936-b91b441389dd5f41adba77ce94586498",
                "thumb_360": "https:\/\/files.slack.com\/files-tmb\/T0105GKDN1H-F01292M2PU4-59237422c0\/jumpoutwindow_360.png?t=xoxe-1005563464051-1077300145892-1094973465936-b91b441389dd5f41adba77ce94586498",
                "thumb_360_w": 360,
                "thumb_360_h": 198,
                "thumb_160": "https:\/\/files.slack.com\/files-tmb\/T0105GKDN1H-F01292M2PU4-59237422c0\/jumpoutwindow_160.png?t=xoxe-1005563464051-1077300145892-1094973465936-b91b441389dd5f41adba77ce94586498",
                "thumb_360_gif": "https:\/\/files.slack.com\/files-tmb\/T0105GKDN1H-F01292M2PU4-59237422c0\/jumpoutwindow_360.gif?t=xoxe-1005563464051-1077300145892-1094973465936-b91b441389dd5f41adba77ce94586498",
                "original_w": 364,
                "original_h": 200,
                "deanimate_gif": "https:\/\/files.slack.com\/files-tmb\/T0105GKDN1H-F01292M2PU4-59237422c0\/jumpoutwindow_deanimate_gif.png?t=xoxe-1005563464051-1077300145892-1094973465936-b91b441389dd5f41adba77ce94586498",
                "thumb_tiny": "AwAaADCn05JwKQuuOGyfTFNY5jFRjg5qUUy8sTNEWIxgZqGpon4wQTxnr0qBj8vHpSKGEhm60uz3qOph0FN6CWpG5G3AphOae4GKZTRLJlnZU2j+6VqLcaSnxdT9KYhACTwCeakzg7T1FSREhWI7EVEf9c1Sykf\/2Q==",
                "permalink": "https:\/\/uclavirtfsfpt-96r8630.slack.com\/files\/U010LEW4XPX\/F01292M2PU4\/jumpoutwindow.gif",
                "permalink_public": "https:\/\/slack-files.com\/T0105GKDN1H-F01292M2PU4-dffc951adb",
                "is_starred": false,
                "has_rich_preview": false
            }
        ],
        "upload": true,
        "blocks": [
            {
                "type": "rich_text",
                "block_id": "y32oF",
                "elements": [
                    {
                        "type": "rich_text_section",
                        "elements": [
                            {
                                "type": "user",
                                "user_id": "U010LJKUX44"
                            },
                            {
                                "type": "text",
                                "text": " Me and my brothers were so ready.... Only one thing left to do now."
                            }
                        ]
                    }
                ]
            }
        ],
        "user": "U010LEW4XPX",
        "display_as_bot": false,
        "ts": "1587165513.061200",
        "client_msg_id": "5353aac4-fa52-4846-8167-785efdaaa9d3",
        "reactions": [
            {
                "name": "joy",
                "users": [
                    "U010LJKUX44",
                    "U010L2Z8M7F"
                ],
                "count": 2
            },
            {
                "name": "disappointed_relieved",
                "users": [
                    "U010AFPTJP3"
                ],
                "count": 1
            }
        ]
    },
    {
        "client_msg_id": "7d5f449d-cf60-4319-8a8b-6d326e443760",
        "type": "message",
        "text": "I was checking once a week waiting for the announcement as well. T_T",
        "user": "U010LJKUX44",
        "ts": "1587165783.062000",
        "team": "T0105GKDN1H",
        "user_team": "T0105GKDN1H",
        "source_team": "T0105GKDN1H",
        "user_profile": {
            "avatar_hash": "76dca6aade71",
            "image_72": "https:\/\/avatars.slack-edge.com\/2020-03-23\/1022739361382_76dca6aade71042586a7_72.png",
            "first_name": "",
            "real_name": "Hazel Kasusky",
            "display_name": "Hazel Kasusky",
            "team": "T0105GKDN1H",
            "name": "kasusky.music",
            "is_restricted": false,
            "is_ultra_restricted": false
        },
        "blocks": [
            {
                "type": "rich_text",
                "block_id": "vaQ6",
                "elements": [
                    {
                        "type": "rich_text_section",
                        "elements": [
                            {
                                "type": "text",
                                "text": "I was checking once a week waiting for the announcement as well. T_T"
                            }
                        ]
                    }
                ]
            }
        ],
        "reactions": [
            {
                "name": "sob",
                "users": [
                    "U010LEW4XPX"
                ],
                "count": 1
            }
        ]
    },
    {
        "client_msg_id": "52510b5f-59f6-40b2-9072-80c8a0614397",
        "type": "message",
        "text": "yay the IT Crowd!",
        "user": "U010AJPBC3B",
        "ts": "1587165819.062400",
        "team": "T0105GKDN1H",
        "user_team": "T0105GKDN1H",
        "source_team": "T0105GKDN1H",
        "user_profile": {
            "avatar_hash": "a7accc11904a",
            "image_72": "https:\/\/avatars.slack-edge.com\/2020-03-31\/1039823854836_a7accc11904a7e79e199_72.png",
            "first_name": "Krista",
            "real_name": "Krista Clarke",
            "display_name": "Krista C",
            "team": "T0105GKDN1H",
            "name": "kristaclarke82",
            "is_restricted": false,
            "is_ultra_restricted": false
        },
        "blocks": [
            {
                "type": "rich_text",
                "block_id": "VyIqJ",
                "elements": [
                    {
                        "type": "rich_text_section",
                        "elements": [
                            {
                                "type": "text",
                                "text": "yay the IT Crowd!"
                            }
                        ]
                    }
                ]
            }
        ]
    },
    {
        "client_msg_id": "e8d5c50b-87ba-4f8f-8a41-e3eb22d52f32",
        "type": "message",
        "text": "just heard SD Comic Con was cancelled as well... makes sense",
        "user": "U010AJPBC3B",
        "ts": "1587165832.062700",
        "team": "T0105GKDN1H",
        "user_team": "T0105GKDN1H",
        "source_team": "T0105GKDN1H",
        "user_profile": {
            "avatar_hash": "a7accc11904a",
            "image_72": "https:\/\/avatars.slack-edge.com\/2020-03-31\/1039823854836_a7accc11904a7e79e199_72.png",
            "first_name": "Krista",
            "real_name": "Krista Clarke",
            "display_name": "Krista C",
            "team": "T0105GKDN1H",
            "name": "kristaclarke82",
            "is_restricted": false,
            "is_ultra_restricted": false
        },
        "blocks": [
            {
                "type": "rich_text",
                "block_id": "UU+k",
                "elements": [
                    {
                        "type": "rich_text_section",
                        "elements": [
                            {
                                "type": "text",
                                "text": "just heard SD Comic Con was cancelled as well... makes sense"
                            }
                        ]
                    }
                ]
            }
        ],
        "reactions": [
            {
                "name": "cry",
                "users": [
                    "U010L2Z8M7F"
                ],
                "count": 1
            }
        ]
    }
]