[
    {
        "client_msg_id": "c1f26e11-2a2a-4ef1-9886-f2e42e7f8b16",
        "type": "message",
        "text": "Works for me ;-)",
        "user": "U010Y90H4T0",
        "ts": "1586881065.051900",
        "team": "T0105GKDN1H",
        "user_team": "T0105GKDN1H",
        "source_team": "T0105GKDN1H",
        "user_profile": {
            "avatar_hash": "dab7da854ffb",
            "image_72": "https:\/\/avatars.slack-edge.com\/2020-03-27\/1017678411922_dab7da854ffb816e196d_72.jpg",
            "first_name": "Chris",
            "real_name": "Chris Murphy",
            "display_name": "Chris Murphy",
            "team": "T0105GKDN1H",
            "name": "christoph2005",
            "is_restricted": false,
            "is_ultra_restricted": false
        },
        "blocks": [
            {
                "type": "rich_text",
                "block_id": "W=W4c",
                "elements": [
                    {
                        "type": "rich_text_section",
                        "elements": [
                            {
                                "type": "text",
                                "text": "Works for me ;-)"
                            }
                        ]
                    }
                ]
            }
        ],
        "thread_ts": "1586636071.048600",
        "parent_user_id": "U010APCDU9F"
    },
    {
        "type": "message",
        "text": "",
        "files": [
            {
                "id": "F011U0V8R98",
                "created": 1586885294,
                "timestamp": 1586885294,
                "name": "image.png",
                "title": "image.png",
                "mimetype": "image\/png",
                "filetype": "png",
                "pretty_type": "PNG",
                "user": "U010L2Z8M7F",
                "editable": false,
                "size": 144870,
                "mode": "hosted",
                "is_external": false,
                "external_type": "",
                "is_public": true,
                "public_url_shared": false,
                "display_as_bot": false,
                "username": "",
                "url_private": "https:\/\/files.slack.com\/files-pri\/T0105GKDN1H-F011U0V8R98\/image.png?t=xoxe-1005563464051-1077300145892-1094973465936-b91b441389dd5f41adba77ce94586498",
                "url_private_download": "https:\/\/files.slack.com\/files-pri\/T0105GKDN1H-F011U0V8R98\/download\/image.png?t=xoxe-1005563464051-1077300145892-1094973465936-b91b441389dd5f41adba77ce94586498",
                "thumb_64": "https:\/\/files.slack.com\/files-tmb\/T0105GKDN1H-F011U0V8R98-9de174099c\/image_64.png?t=xoxe-1005563464051-1077300145892-1094973465936-b91b441389dd5f41adba77ce94586498",
                "thumb_80": "https:\/\/files.slack.com\/files-tmb\/T0105GKDN1H-F011U0V8R98-9de174099c\/image_80.png?t=xoxe-1005563464051-1077300145892-1094973465936-b91b441389dd5f41adba77ce94586498",
                "thumb_360": "https:\/\/files.slack.com\/files-tmb\/T0105GKDN1H-F011U0V8R98-9de174099c\/image_360.png?t=xoxe-1005563464051-1077300145892-1094973465936-b91b441389dd5f41adba77ce94586498",
                "thumb_360_w": 290,
                "thumb_360_h": 360,
                "thumb_480": "https:\/\/files.slack.com\/files-tmb\/T0105GKDN1H-F011U0V8R98-9de174099c\/image_480.png?t=xoxe-1005563464051-1077300145892-1094973465936-b91b441389dd5f41adba77ce94586498",
                "thumb_480_w": 387,
                "thumb_480_h": 480,
                "thumb_160": "https:\/\/files.slack.com\/files-tmb\/T0105GKDN1H-F011U0V8R98-9de174099c\/image_160.png?t=xoxe-1005563464051-1077300145892-1094973465936-b91b441389dd5f41adba77ce94586498",
                "thumb_720": "https:\/\/files.slack.com\/files-tmb\/T0105GKDN1H-F011U0V8R98-9de174099c\/image_720.png?t=xoxe-1005563464051-1077300145892-1094973465936-b91b441389dd5f41adba77ce94586498",
                "thumb_720_w": 580,
                "thumb_720_h": 720,
                "thumb_800": "https:\/\/files.slack.com\/files-tmb\/T0105GKDN1H-F011U0V8R98-9de174099c\/image_800.png?t=xoxe-1005563464051-1077300145892-1094973465936-b91b441389dd5f41adba77ce94586498",
                "thumb_800_w": 645,
                "thumb_800_h": 800,
                "original_w": 672,
                "original_h": 834,
                "thumb_tiny": "AwAwACahvzjCgbV\/OmlyfShOSfpTaACiiigAooooAdF978KbTo\/vU09TQAUUUUAFFFFADo\/vfhSP940KcHv+FKdp7nNADaKXC+p\/KkIxQAUUUUAf\/9k=",
                "permalink": "https:\/\/uclavirtfsfpt-96r8630.slack.com\/files\/U010L2Z8M7F\/F011U0V8R98\/image.png",
                "permalink_public": "https:\/\/slack-files.com\/T0105GKDN1H-F011U0V8R98-4471d3be2e",
                "is_starred": false,
                "has_rich_preview": false
            }
        ],
        "upload": true,
        "user": "U010L2Z8M7F",
        "display_as_bot": false,
        "ts": "1586885296.052100",
        "client_msg_id": "89281341-271c-480f-aa37-ed7b0ae5bd08",
        "reactions": [
            {
                "name": "rolling_on_the_floor_laughing",
                "users": [
                    "U010AJPBC3B",
                    "U010LJKUX44"
                ],
                "count": 2
            },
            {
                "name": "+1",
                "users": [
                    "U010Y90H4T0"
                ],
                "count": 1
            },
            {
                "name": "joy",
                "users": [
                    "U010APCDU9F"
                ],
                "count": 1
            }
        ]
    },
    {
        "client_msg_id": "82026d11-790b-4890-9d06-5ac1944e9793",
        "type": "message",
        "text": "luckily, Amazon has posted free AWS tutorials!",
        "user": "U010AJPBC3B",
        "ts": "1586886826.052800",
        "team": "T0105GKDN1H",
        "user_team": "T0105GKDN1H",
        "source_team": "T0105GKDN1H",
        "user_profile": {
            "avatar_hash": "a7accc11904a",
            "image_72": "https:\/\/avatars.slack-edge.com\/2020-03-31\/1039823854836_a7accc11904a7e79e199_72.png",
            "first_name": "Krista",
            "real_name": "Krista Clarke",
            "display_name": "Krista C",
            "team": "T0105GKDN1H",
            "name": "kristaclarke82",
            "is_restricted": false,
            "is_ultra_restricted": false
        },
        "blocks": [
            {
                "type": "rich_text",
                "block_id": "VnO",
                "elements": [
                    {
                        "type": "rich_text_section",
                        "elements": [
                            {
                                "type": "text",
                                "text": "luckily, Amazon has posted free AWS tutorials!"
                            }
                        ]
                    }
                ]
            }
        ],
        "reactions": [
            {
                "name": "open_mouth",
                "users": [
                    "U010L2Z8M7F",
                    "U010T8GS82C"
                ],
                "count": 2
            }
        ]
    },
    {
        "client_msg_id": "f4791a49-3f68-4c88-937d-d30637762ff5",
        "type": "message",
        "text": "<@U010L2Z8M7F> :joy::joy:",
        "user": "U010LEW4XPX",
        "ts": "1586886873.053400",
        "team": "T0105GKDN1H",
        "user_team": "T0105GKDN1H",
        "source_team": "T0105GKDN1H",
        "user_profile": {
            "avatar_hash": "g15b31306bf8",
            "image_72": "https:\/\/secure.gravatar.com\/avatar\/15b31306bf891aa1da33301277c37bc4.jpg?s=72&d=https%3A%2F%2Fa.slack-edge.com%2Fdf10d%2Fimg%2Favatars%2Fava_0008-72.png",
            "first_name": "",
            "real_name": "michaelpopedeveloper",
            "display_name": "michaelpopedeveloper",
            "team": "T0105GKDN1H",
            "name": "michaelpopedeveloper",
            "is_restricted": false,
            "is_ultra_restricted": false
        },
        "blocks": [
            {
                "type": "rich_text",
                "block_id": "mps",
                "elements": [
                    {
                        "type": "rich_text_section",
                        "elements": [
                            {
                                "type": "user",
                                "user_id": "U010L2Z8M7F"
                            },
                            {
                                "type": "text",
                                "text": " "
                            },
                            {
                                "type": "emoji",
                                "name": "joy"
                            },
                            {
                                "type": "emoji",
                                "name": "joy"
                            }
                        ]
                    }
                ]
            }
        ]
    },
    {
        "type": "message",
        "text": "",
        "files": [
            {
                "id": "F011U2XSCCS",
                "created": 1586886924,
                "timestamp": 1586886924,
                "name": "ThatsAnITDepartment.jpg",
                "title": "ThatsAnITDepartment.jpg",
                "mimetype": "image\/jpeg",
                "filetype": "jpg",
                "pretty_type": "JPEG",
                "user": "U010LEW4XPX",
                "editable": false,
                "size": 79575,
                "mode": "hosted",
                "is_external": false,
                "external_type": "",
                "is_public": true,
                "public_url_shared": false,
                "display_as_bot": false,
                "username": "",
                "url_private": "https:\/\/files.slack.com\/files-pri\/T0105GKDN1H-F011U2XSCCS\/thatsanitdepartment.jpg?t=xoxe-1005563464051-1077300145892-1094973465936-b91b441389dd5f41adba77ce94586498",
                "url_private_download": "https:\/\/files.slack.com\/files-pri\/T0105GKDN1H-F011U2XSCCS\/download\/thatsanitdepartment.jpg?t=xoxe-1005563464051-1077300145892-1094973465936-b91b441389dd5f41adba77ce94586498",
                "thumb_64": "https:\/\/files.slack.com\/files-tmb\/T0105GKDN1H-F011U2XSCCS-51d3791deb\/thatsanitdepartment_64.jpg?t=xoxe-1005563464051-1077300145892-1094973465936-b91b441389dd5f41adba77ce94586498",
                "thumb_80": "https:\/\/files.slack.com\/files-tmb\/T0105GKDN1H-F011U2XSCCS-51d3791deb\/thatsanitdepartment_80.jpg?t=xoxe-1005563464051-1077300145892-1094973465936-b91b441389dd5f41adba77ce94586498",
                "thumb_360": "https:\/\/files.slack.com\/files-tmb\/T0105GKDN1H-F011U2XSCCS-51d3791deb\/thatsanitdepartment_360.jpg?t=xoxe-1005563464051-1077300145892-1094973465936-b91b441389dd5f41adba77ce94586498",
                "thumb_360_w": 339,
                "thumb_360_h": 360,
                "thumb_480": "https:\/\/files.slack.com\/files-tmb\/T0105GKDN1H-F011U2XSCCS-51d3791deb\/thatsanitdepartment_480.jpg?t=xoxe-1005563464051-1077300145892-1094973465936-b91b441389dd5f41adba77ce94586498",
                "thumb_480_w": 452,
                "thumb_480_h": 480,
                "thumb_160": "https:\/\/files.slack.com\/files-tmb\/T0105GKDN1H-F011U2XSCCS-51d3791deb\/thatsanitdepartment_160.jpg?t=xoxe-1005563464051-1077300145892-1094973465936-b91b441389dd5f41adba77ce94586498",
                "thumb_720": "https:\/\/files.slack.com\/files-tmb\/T0105GKDN1H-F011U2XSCCS-51d3791deb\/thatsanitdepartment_720.jpg?t=xoxe-1005563464051-1077300145892-1094973465936-b91b441389dd5f41adba77ce94586498",
                "thumb_720_w": 678,
                "thumb_720_h": 720,
                "thumb_800": "https:\/\/files.slack.com\/files-tmb\/T0105GKDN1H-F011U2XSCCS-51d3791deb\/thatsanitdepartment_800.jpg?t=xoxe-1005563464051-1077300145892-1094973465936-b91b441389dd5f41adba77ce94586498",
                "thumb_800_w": 800,
                "thumb_800_h": 850,
                "thumb_960": "https:\/\/files.slack.com\/files-tmb\/T0105GKDN1H-F011U2XSCCS-51d3791deb\/thatsanitdepartment_960.jpg?t=xoxe-1005563464051-1077300145892-1094973465936-b91b441389dd5f41adba77ce94586498",
                "thumb_960_w": 904,
                "thumb_960_h": 960,
                "thumb_1024": "https:\/\/files.slack.com\/files-tmb\/T0105GKDN1H-F011U2XSCCS-51d3791deb\/thatsanitdepartment_1024.jpg?t=xoxe-1005563464051-1077300145892-1094973465936-b91b441389dd5f41adba77ce94586498",
                "thumb_1024_w": 964,
                "thumb_1024_h": 1024,
                "original_w": 1079,
                "original_h": 1146,
                "thumb_tiny": "AwAwAC245l84BQcfpUnzZ6mlKtk8\/rSAMD\/iaAFAPc06gdOaKACiiigCN8b+36U0YHUAj04p7fepv4n9aAHh+wGfxFOHTpimqvAOTTqACiiigBpLZOM4+lJ8\/v8AlQT8x4f+lOXp3\/GgBuX9\/wAh\/jThnHPWlooAKKTPsaUHNAH\/2Q==",
                "permalink": "https:\/\/uclavirtfsfpt-96r8630.slack.com\/files\/U010LEW4XPX\/F011U2XSCCS\/thatsanitdepartment.jpg",
                "permalink_public": "https:\/\/slack-files.com\/T0105GKDN1H-F011U2XSCCS-1744a98168",
                "is_starred": false,
                "has_rich_preview": false
            }
        ],
        "upload": true,
        "user": "U010LEW4XPX",
        "display_as_bot": false,
        "ts": "1586886926.053500",
        "client_msg_id": "29e06fc2-42e7-4a14-9ef5-2ae8e9df9869",
        "thread_ts": "1586886926.053500",
        "reply_count": 1,
        "reply_users_count": 1,
        "latest_reply": "1586894958.054000",
        "reply_users": [
            "U010Y90H4T0"
        ],
        "replies": [
            {
                "user": "U010Y90H4T0",
                "ts": "1586894958.054000"
            }
        ],
        "subscribed": false,
        "reactions": [
            {
                "name": "joy",
                "users": [
                    "U010L2Z8M7F"
                ],
                "count": 1
            }
        ]
    },
    {
        "client_msg_id": "0db043d8-a13a-46e1-896e-58d4bef30ba1",
        "type": "message",
        "text": "These are not unusual job reqs to see together like this.",
        "user": "U010Y90H4T0",
        "ts": "1586894958.054000",
        "team": "T0105GKDN1H",
        "user_team": "T0105GKDN1H",
        "source_team": "T0105GKDN1H",
        "user_profile": {
            "avatar_hash": "dab7da854ffb",
            "image_72": "https:\/\/avatars.slack-edge.com\/2020-03-27\/1017678411922_dab7da854ffb816e196d_72.jpg",
            "first_name": "Chris",
            "real_name": "Chris Murphy",
            "display_name": "Chris Murphy",
            "team": "T0105GKDN1H",
            "name": "christoph2005",
            "is_restricted": false,
            "is_ultra_restricted": false
        },
        "blocks": [
            {
                "type": "rich_text",
                "block_id": "Ml8",
                "elements": [
                    {
                        "type": "rich_text_section",
                        "elements": [
                            {
                                "type": "text",
                                "text": "These are not unusual job reqs to see together like this."
                            }
                        ]
                    }
                ]
            }
        ],
        "thread_ts": "1586886926.053500",
        "parent_user_id": "U010LEW4XPX"
    },
    {
        "type": "message",
        "text": "",
        "files": [
            {
                "id": "F011TLRCRK7",
                "created": 1586924031,
                "timestamp": 1586924031,
                "name": "strangeJavascript.jfif",
                "title": "strangeJavascript.jfif",
                "mimetype": "image\/jpeg",
                "filetype": "jpg",
                "pretty_type": "JPEG",
                "user": "U010LEW4XPX",
                "editable": false,
                "size": 53991,
                "mode": "hosted",
                "is_external": false,
                "external_type": "",
                "is_public": true,
                "public_url_shared": false,
                "display_as_bot": false,
                "username": "",
                "url_private": "https:\/\/files.slack.com\/files-pri\/T0105GKDN1H-F011TLRCRK7\/strangejavascript.jfif?t=xoxe-1005563464051-1077300145892-1094973465936-b91b441389dd5f41adba77ce94586498",
                "url_private_download": "https:\/\/files.slack.com\/files-pri\/T0105GKDN1H-F011TLRCRK7\/download\/strangejavascript.jfif?t=xoxe-1005563464051-1077300145892-1094973465936-b91b441389dd5f41adba77ce94586498",
                "thumb_64": "https:\/\/files.slack.com\/files-tmb\/T0105GKDN1H-F011TLRCRK7-fc883cf047\/strangejavascript_64.jpg?t=xoxe-1005563464051-1077300145892-1094973465936-b91b441389dd5f41adba77ce94586498",
                "thumb_80": "https:\/\/files.slack.com\/files-tmb\/T0105GKDN1H-F011TLRCRK7-fc883cf047\/strangejavascript_80.jpg?t=xoxe-1005563464051-1077300145892-1094973465936-b91b441389dd5f41adba77ce94586498",
                "thumb_360": "https:\/\/files.slack.com\/files-tmb\/T0105GKDN1H-F011TLRCRK7-fc883cf047\/strangejavascript_360.jpg?t=xoxe-1005563464051-1077300145892-1094973465936-b91b441389dd5f41adba77ce94586498",
                "thumb_360_w": 318,
                "thumb_360_h": 360,
                "thumb_480": "https:\/\/files.slack.com\/files-tmb\/T0105GKDN1H-F011TLRCRK7-fc883cf047\/strangejavascript_480.jpg?t=xoxe-1005563464051-1077300145892-1094973465936-b91b441389dd5f41adba77ce94586498",
                "thumb_480_w": 424,
                "thumb_480_h": 480,
                "thumb_160": "https:\/\/files.slack.com\/files-tmb\/T0105GKDN1H-F011TLRCRK7-fc883cf047\/strangejavascript_160.jpg?t=xoxe-1005563464051-1077300145892-1094973465936-b91b441389dd5f41adba77ce94586498",
                "thumb_720": "https:\/\/files.slack.com\/files-tmb\/T0105GKDN1H-F011TLRCRK7-fc883cf047\/strangejavascript_720.jpg?t=xoxe-1005563464051-1077300145892-1094973465936-b91b441389dd5f41adba77ce94586498",
                "thumb_720_w": 636,
                "thumb_720_h": 720,
                "original_w": 700,
                "original_h": 793,
                "thumb_tiny": "AwAwACrQY4NKGHT+tBHPNKAPT9KYAelC0HpQB7mkAtFJjnqaWgBh608dKbgE9adQAjdKUdKiuHZEBUgc96iWdgmWI49qBotUVRN1JuIBHAz0q3G5aNGPUgGgQuMmlwPX9aTHNLgegoAqakMwLz\/FUUJzAoB5xir0kSyqA4yAc9aYLaJeikfjRYadjPd8O5Y+1aUX+pT\/AHRTfskP939alVQqgAcAYFAN3P\/Z",
                "permalink": "https:\/\/uclavirtfsfpt-96r8630.slack.com\/files\/U010LEW4XPX\/F011TLRCRK7\/strangejavascript.jfif",
                "permalink_public": "https:\/\/slack-files.com\/T0105GKDN1H-F011TLRCRK7-aefff114e5",
                "is_starred": false,
                "has_rich_preview": false
            }
        ],
        "upload": true,
        "user": "U010LEW4XPX",
        "display_as_bot": false,
        "ts": "1586924033.054700",
        "client_msg_id": "d5e3a126-3345-413f-a302-4f6c2aa0dfaa",
        "thread_ts": "1586924033.054700",
        "reply_count": 2,
        "reply_users_count": 2,
        "latest_reply": "1587059877.056200",
        "reply_users": [
            "U010LJKUX44",
            "U010LEW4XPX"
        ],
        "replies": [
            {
                "user": "U010LJKUX44",
                "ts": "1586927526.055700"
            },
            {
                "user": "U010LEW4XPX",
                "ts": "1587059877.056200"
            }
        ],
        "subscribed": false,
        "reactions": [
            {
                "name": "party_parrot",
                "users": [
                    "U010KG4F57W"
                ],
                "count": 1
            },
            {
                "name": "joy",
                "users": [
                    "U010L2Z8M7F",
                    "U010T8GS82C"
                ],
                "count": 2
            }
        ]
    },
    {
        "type": "message",
        "text": "",
        "files": [
            {
                "id": "F011EBW4B47",
                "created": 1586927398,
                "timestamp": 1586927398,
                "name": "image.png",
                "title": "image.png",
                "mimetype": "image\/png",
                "filetype": "png",
                "pretty_type": "PNG",
                "user": "U010L2Z8M7F",
                "editable": false,
                "size": 1970019,
                "mode": "hosted",
                "is_external": false,
                "external_type": "",
                "is_public": true,
                "public_url_shared": false,
                "display_as_bot": false,
                "username": "",
                "url_private": "https:\/\/files.slack.com\/files-pri\/T0105GKDN1H-F011EBW4B47\/image.png?t=xoxe-1005563464051-1077300145892-1094973465936-b91b441389dd5f41adba77ce94586498",
                "url_private_download": "https:\/\/files.slack.com\/files-pri\/T0105GKDN1H-F011EBW4B47\/download\/image.png?t=xoxe-1005563464051-1077300145892-1094973465936-b91b441389dd5f41adba77ce94586498",
                "thumb_64": "https:\/\/files.slack.com\/files-tmb\/T0105GKDN1H-F011EBW4B47-e8d7f8a1a8\/image_64.png?t=xoxe-1005563464051-1077300145892-1094973465936-b91b441389dd5f41adba77ce94586498",
                "thumb_80": "https:\/\/files.slack.com\/files-tmb\/T0105GKDN1H-F011EBW4B47-e8d7f8a1a8\/image_80.png?t=xoxe-1005563464051-1077300145892-1094973465936-b91b441389dd5f41adba77ce94586498",
                "thumb_360": "https:\/\/files.slack.com\/files-tmb\/T0105GKDN1H-F011EBW4B47-e8d7f8a1a8\/image_360.png?t=xoxe-1005563464051-1077300145892-1094973465936-b91b441389dd5f41adba77ce94586498",
                "thumb_360_w": 237,
                "thumb_360_h": 360,
                "thumb_480": "https:\/\/files.slack.com\/files-tmb\/T0105GKDN1H-F011EBW4B47-e8d7f8a1a8\/image_480.png?t=xoxe-1005563464051-1077300145892-1094973465936-b91b441389dd5f41adba77ce94586498",
                "thumb_480_w": 316,
                "thumb_480_h": 480,
                "thumb_160": "https:\/\/files.slack.com\/files-tmb\/T0105GKDN1H-F011EBW4B47-e8d7f8a1a8\/image_160.png?t=xoxe-1005563464051-1077300145892-1094973465936-b91b441389dd5f41adba77ce94586498",
                "thumb_720": "https:\/\/files.slack.com\/files-tmb\/T0105GKDN1H-F011EBW4B47-e8d7f8a1a8\/image_720.png?t=xoxe-1005563464051-1077300145892-1094973465936-b91b441389dd5f41adba77ce94586498",
                "thumb_720_w": 473,
                "thumb_720_h": 720,
                "thumb_800": "https:\/\/files.slack.com\/files-tmb\/T0105GKDN1H-F011EBW4B47-e8d7f8a1a8\/image_800.png?t=xoxe-1005563464051-1077300145892-1094973465936-b91b441389dd5f41adba77ce94586498",
                "thumb_800_w": 800,
                "thumb_800_h": 1217,
                "thumb_960": "https:\/\/files.slack.com\/files-tmb\/T0105GKDN1H-F011EBW4B47-e8d7f8a1a8\/image_960.png?t=xoxe-1005563464051-1077300145892-1094973465936-b91b441389dd5f41adba77ce94586498",
                "thumb_960_w": 631,
                "thumb_960_h": 960,
                "thumb_1024": "https:\/\/files.slack.com\/files-tmb\/T0105GKDN1H-F011EBW4B47-e8d7f8a1a8\/image_1024.png?t=xoxe-1005563464051-1077300145892-1094973465936-b91b441389dd5f41adba77ce94586498",
                "thumb_1024_w": 673,
                "thumb_1024_h": 1024,
                "original_w": 1452,
                "original_h": 2208,
                "thumb_tiny": "AwAwAB+GytFuFLE9Dim3UEcUxRC24Y61AAV6MRS8hssSSDVIlk3kFoC+VyOME1GYyPlPUdasG6IjIEY2k+tRNKDhgmM+9C8wd+gRrHz5hYemBkUjqCoI\/iOM05EiZRmRg3cbM4qN42XqMDvQNFwRKLdkO3r3HNQPGFbpgdqhEbFN+QB7nrSOoABBPNCdhNXHxzNG5ZOCe9SNcoy\/PCWYjli55p0UUYTEqEknqO1MliOdqtuA74pDuu40yggLt4HTmmlx3T9amKAQqvljcM5Peo3jZgPamLQ\/\/9k=",
                "permalink": "https:\/\/uclavirtfsfpt-96r8630.slack.com\/files\/U010L2Z8M7F\/F011EBW4B47\/image.png",
                "permalink_public": "https:\/\/slack-files.com\/T0105GKDN1H-F011EBW4B47-58994e730a",
                "is_starred": false,
                "has_rich_preview": false
            }
        ],
        "upload": true,
        "user": "U010L2Z8M7F",
        "display_as_bot": false,
        "ts": "1586927405.055200",
        "client_msg_id": "47344544-2c6a-4164-9516-9c0792db7f66",
        "reactions": [
            {
                "name": "rolling_on_the_floor_laughing",
                "users": [
                    "U010KG4F57W",
                    "U010LJKUX44",
                    "U0107MTT526",
                    "U010Y90H4T0",
                    "U010LEW4XPX",
                    "U010T8GS82C"
                ],
                "count": 6
            },
            {
                "name": "joy",
                "users": [
                    "U010AJPBC3B",
                    "U010APCDU9F",
                    "U010P7ZMAP3"
                ],
                "count": 3
            }
        ]
    },
    {
        "client_msg_id": "6db25c37-efd8-403d-ae66-9e7b7e0a4c16",
        "type": "message",
        "text": "wut",
        "user": "U010LJKUX44",
        "ts": "1586927526.055700",
        "team": "T0105GKDN1H",
        "user_team": "T0105GKDN1H",
        "source_team": "T0105GKDN1H",
        "user_profile": {
            "avatar_hash": "76dca6aade71",
            "image_72": "https:\/\/avatars.slack-edge.com\/2020-03-23\/1022739361382_76dca6aade71042586a7_72.png",
            "first_name": "",
            "real_name": "Hazel Kasusky",
            "display_name": "Hazel Kasusky",
            "team": "T0105GKDN1H",
            "name": "kasusky.music",
            "is_restricted": false,
            "is_ultra_restricted": false
        },
        "blocks": [
            {
                "type": "rich_text",
                "block_id": "3lWv",
                "elements": [
                    {
                        "type": "rich_text_section",
                        "elements": [
                            {
                                "type": "text",
                                "text": "wut"
                            }
                        ]
                    }
                ]
            }
        ],
        "thread_ts": "1586924033.054700",
        "parent_user_id": "U010LEW4XPX"
    }
]