[
    {
        "client_msg_id": "a19e959b-b1de-4899-8d3c-e4a440d100fd",
        "type": "message",
        "text": "JavaScript has some strange use cases in it :rolling_on_the_floor_laughing:",
        "user": "U010LEW4XPX",
        "ts": "1587059877.056200",
        "team": "T0105GKDN1H",
        "user_team": "T0105GKDN1H",
        "source_team": "T0105GKDN1H",
        "user_profile": {
            "avatar_hash": "g15b31306bf8",
            "image_72": "https:\/\/secure.gravatar.com\/avatar\/15b31306bf891aa1da33301277c37bc4.jpg?s=72&d=https%3A%2F%2Fa.slack-edge.com%2Fdf10d%2Fimg%2Favatars%2Fava_0008-72.png",
            "first_name": "",
            "real_name": "michaelpopedeveloper",
            "display_name": "michaelpopedeveloper",
            "team": "T0105GKDN1H",
            "name": "michaelpopedeveloper",
            "is_restricted": false,
            "is_ultra_restricted": false
        },
        "blocks": [
            {
                "type": "rich_text",
                "block_id": "jPz",
                "elements": [
                    {
                        "type": "rich_text_section",
                        "elements": [
                            {
                                "type": "text",
                                "text": "JavaScript has some strange use cases in it "
                            },
                            {
                                "type": "emoji",
                                "name": "rolling_on_the_floor_laughing"
                            }
                        ]
                    }
                ]
            }
        ],
        "thread_ts": "1586924033.054700",
        "parent_user_id": "U010LEW4XPX"
    },
    {
        "client_msg_id": "06485f0c-99c6-472d-8895-052d3e7f4e06",
        "type": "message",
        "text": "wha. <https:\/\/www.instagram.com\/p\/B-_qHADIaKJ\/>",
        "user": "U010LJKUX44",
        "ts": "1587060794.056600",
        "team": "T0105GKDN1H",
        "user_team": "T0105GKDN1H",
        "source_team": "T0105GKDN1H",
        "user_profile": {
            "avatar_hash": "76dca6aade71",
            "image_72": "https:\/\/avatars.slack-edge.com\/2020-03-23\/1022739361382_76dca6aade71042586a7_72.png",
            "first_name": "",
            "real_name": "Hazel Kasusky",
            "display_name": "Hazel Kasusky",
            "team": "T0105GKDN1H",
            "name": "kasusky.music",
            "is_restricted": false,
            "is_ultra_restricted": false
        },
        "attachments": [
            {
                "service_name": "Instagram",
                "title": "MANDELBRO on Instagram: “song.py – demo . . Everything’s 🥵 these days, so I made a :robot_face: song. DM me if you want the instrumental so you can make your own thing with…”",
                "title_link": "https:\/\/www.instagram.com\/p\/B-_qHADIaKJ\/",
                "text": "582 Likes, 21 Comments - MANDELBRO (@mandelbro1) on Instagram: “song.py – demo . . Everything’s 🥵 these days, so I made a :robot_face: song. DM me if you want the…”",
                "fallback": "Instagram: MANDELBRO on Instagram: “song.py – demo . . Everything’s 🥵 these days, so I made a 🤖 song. DM me if you want the instrumental so you can make your own thing with…”",
                "image_url": "https:\/\/scontent-iad3-1.cdninstagram.com\/v\/t51.2885-15\/e35\/92954010_1089449158101884_2928782184197362741_n.jpg?_nc_ht=scontent-iad3-1.cdninstagram.com&_nc_cat=108&_nc_ohc=ZiL5Mb4zrVAAX9HbvFj&oh=dabdd2477897990c6ebd3267edaae208&oe=5E9AF981",
                "from_url": "https:\/\/www.instagram.com\/p\/B-_qHADIaKJ\/",
                "image_width": 250,
                "image_height": 250,
                "image_bytes": 132196,
                "service_icon": "https:\/\/www.instagram.com\/static\/images\/ico\/apple-touch-icon-76x76-precomposed.png\/666282be8229.png",
                "id": 1,
                "original_url": "https:\/\/www.instagram.com\/p\/B-_qHADIaKJ\/"
            }
        ],
        "blocks": [
            {
                "type": "rich_text",
                "block_id": "k2D7",
                "elements": [
                    {
                        "type": "rich_text_section",
                        "elements": [
                            {
                                "type": "text",
                                "text": "wha. "
                            },
                            {
                                "type": "link",
                                "url": "https:\/\/www.instagram.com\/p\/B-_qHADIaKJ\/"
                            }
                        ]
                    }
                ]
            }
        ],
        "reactions": [
            {
                "name": "open_mouth",
                "users": [
                    "U010L2Z8M7F"
                ],
                "count": 1
            }
        ]
    },
    {
        "client_msg_id": "15e1da28-f749-4391-bdd7-34be4f399e25",
        "type": "message",
        "text": "<https:\/\/img.ifunny.co\/videos\/de1a0bb48f2966404163b187dc328f3328e3c4a57ae30aff32a381e639bf2f70_1.mp4>",
        "user": "U010P7ZMAP3",
        "ts": "1587090906.057500",
        "team": "T0105GKDN1H",
        "user_team": "T0105GKDN1H",
        "source_team": "T0105GKDN1H",
        "user_profile": {
            "avatar_hash": "a43f5c67062e",
            "image_72": "https:\/\/avatars.slack-edge.com\/2020-04-07\/1051812002789_a43f5c67062e0bf2f18b_72.jpg",
            "first_name": "",
            "real_name": "Aramis Diaz",
            "display_name": "Aramis Diaz",
            "team": "T0105GKDN1H",
            "name": "aramisdiaz",
            "is_restricted": false,
            "is_ultra_restricted": false
        },
        "blocks": [
            {
                "type": "rich_text",
                "block_id": "Pan",
                "elements": [
                    {
                        "type": "rich_text_section",
                        "elements": [
                            {
                                "type": "link",
                                "url": "https:\/\/img.ifunny.co\/videos\/de1a0bb48f2966404163b187dc328f3328e3c4a57ae30aff32a381e639bf2f70_1.mp4"
                            }
                        ]
                    }
                ]
            }
        ],
        "thread_ts": "1587090906.057500",
        "reply_count": 1,
        "reply_users_count": 1,
        "latest_reply": "1587091355.058100",
        "reply_users": [
            "U010LEW4XPX"
        ],
        "replies": [
            {
                "user": "U010LEW4XPX",
                "ts": "1587091355.058100"
            }
        ],
        "subscribed": false,
        "reactions": [
            {
                "name": "rolling_on_the_floor_laughing",
                "users": [
                    "U010LJKUX44"
                ],
                "count": 1
            },
            {
                "name": "joy",
                "users": [
                    "U010L2Z8M7F"
                ],
                "count": 1
            }
        ]
    },
    {
        "client_msg_id": "1ff79c4f-2755-4268-964b-24527de7ebe9",
        "type": "message",
        "text": "the monitor stand we were talking about <https:\/\/www.amazon.com\/gp\/product\/B00C5H5DN0\/ref=ppx_yo_dt_b_search_asin_title?ie=UTF8&amp;psc=1>",
        "user": "U010AJPBC3B",
        "ts": "1587091155.057900",
        "team": "T0105GKDN1H",
        "user_team": "T0105GKDN1H",
        "source_team": "T0105GKDN1H",
        "user_profile": {
            "avatar_hash": "a7accc11904a",
            "image_72": "https:\/\/avatars.slack-edge.com\/2020-03-31\/1039823854836_a7accc11904a7e79e199_72.png",
            "first_name": "Krista",
            "real_name": "Krista Clarke",
            "display_name": "Krista C",
            "team": "T0105GKDN1H",
            "name": "kristaclarke82",
            "is_restricted": false,
            "is_ultra_restricted": false
        },
        "blocks": [
            {
                "type": "rich_text",
                "block_id": "x3fqr",
                "elements": [
                    {
                        "type": "rich_text_section",
                        "elements": [
                            {
                                "type": "text",
                                "text": "the monitor stand we were talking about "
                            },
                            {
                                "type": "link",
                                "url": "https:\/\/www.amazon.com\/gp\/product\/B00C5H5DN0\/ref=ppx_yo_dt_b_search_asin_title?ie=UTF8&psc=1"
                            }
                        ]
                    }
                ]
            }
        ],
        "reactions": [
            {
                "name": "raised_hands",
                "users": [
                    "U010LJKUX44"
                ],
                "count": 1
            },
            {
                "name": "+1",
                "users": [
                    "U010M13U1FS"
                ],
                "count": 1
            }
        ]
    },
    {
        "client_msg_id": "25fb5538-ac12-4513-8457-6ae43458e5ce",
        "type": "message",
        "text": "I almost busted out laughing in my chair :rolling_on_the_floor_laughing::rolling_on_the_floor_laughing:",
        "user": "U010LEW4XPX",
        "ts": "1587091355.058100",
        "team": "T0105GKDN1H",
        "user_team": "T0105GKDN1H",
        "source_team": "T0105GKDN1H",
        "user_profile": {
            "avatar_hash": "g15b31306bf8",
            "image_72": "https:\/\/secure.gravatar.com\/avatar\/15b31306bf891aa1da33301277c37bc4.jpg?s=72&d=https%3A%2F%2Fa.slack-edge.com%2Fdf10d%2Fimg%2Favatars%2Fava_0008-72.png",
            "first_name": "",
            "real_name": "michaelpopedeveloper",
            "display_name": "michaelpopedeveloper",
            "team": "T0105GKDN1H",
            "name": "michaelpopedeveloper",
            "is_restricted": false,
            "is_ultra_restricted": false
        },
        "blocks": [
            {
                "type": "rich_text",
                "block_id": "PNZJC",
                "elements": [
                    {
                        "type": "rich_text_section",
                        "elements": [
                            {
                                "type": "text",
                                "text": "I almost busted out laughing in my chair "
                            },
                            {
                                "type": "emoji",
                                "name": "rolling_on_the_floor_laughing"
                            },
                            {
                                "type": "emoji",
                                "name": "rolling_on_the_floor_laughing"
                            }
                        ]
                    }
                ]
            }
        ],
        "thread_ts": "1587090906.057500",
        "parent_user_id": "U010P7ZMAP3",
        "reactions": [
            {
                "name": "joy",
                "users": [
                    "U010P7ZMAP3"
                ],
                "count": 1
            }
        ]
    },
    {
        "client_msg_id": "5839f922-1b98-410a-97af-250d3f53fb9a",
        "type": "message",
        "text": "Thanks for posting this, I've been wanting  to get one of these for a new project!!",
        "user": "U010LHWSG4U",
        "ts": "1587092284.058500",
        "team": "T0105GKDN1H",
        "user_team": "T0105GKDN1H",
        "source_team": "T0105GKDN1H",
        "user_profile": {
            "avatar_hash": "94c7660ade93",
            "image_72": "https:\/\/avatars.slack-edge.com\/2020-03-25\/1015453574355_94c7660ade93297788be_72.jpg",
            "first_name": "",
            "real_name": "Sandra Romero",
            "display_name": "Sandra Romero",
            "team": "T0105GKDN1H",
            "name": "sandymarieromero",
            "is_restricted": false,
            "is_ultra_restricted": false
        },
        "blocks": [
            {
                "type": "rich_text",
                "block_id": "Ks1",
                "elements": [
                    {
                        "type": "rich_text_section",
                        "elements": [
                            {
                                "type": "text",
                                "text": "Thanks for posting this, I've been wanting  to get one of these for a new project!!"
                            }
                        ]
                    }
                ]
            }
        ],
        "thread_ts": "1586624494.046300",
        "parent_user_id": "U010AJPBC3B"
    },
    {
        "client_msg_id": "ecc61083-729b-4a3a-9bad-c2ed113cf2e0",
        "type": "message",
        "text": "the paint respirator? they really are useful for home renovation, but when I wore it to the grocery store yesterday I felt.... weird.... LOL",
        "user": "U010AJPBC3B",
        "ts": "1587093774.058700",
        "team": "T0105GKDN1H",
        "user_team": "T0105GKDN1H",
        "source_team": "T0105GKDN1H",
        "user_profile": {
            "avatar_hash": "a7accc11904a",
            "image_72": "https:\/\/avatars.slack-edge.com\/2020-03-31\/1039823854836_a7accc11904a7e79e199_72.png",
            "first_name": "Krista",
            "real_name": "Krista Clarke",
            "display_name": "Krista C",
            "team": "T0105GKDN1H",
            "name": "kristaclarke82",
            "is_restricted": false,
            "is_ultra_restricted": false
        },
        "blocks": [
            {
                "type": "rich_text",
                "block_id": "u\/RfE",
                "elements": [
                    {
                        "type": "rich_text_section",
                        "elements": [
                            {
                                "type": "text",
                                "text": "the paint respirator? they really are useful for home renovation, but when I wore it to the grocery store yesterday I felt.... weird.... LOL"
                            }
                        ]
                    }
                ]
            }
        ],
        "thread_ts": "1586624494.046300",
        "parent_user_id": "U010AJPBC3B"
    }
]