[
    {
        "type": "message",
        "text": "",
        "files": [
            {
                "id": "F011YHSSW01",
                "created": 1586612287,
                "timestamp": 1586612287,
                "name": "Image from iOS.jpg",
                "title": "Image from iOS",
                "mimetype": "image\/jpeg",
                "filetype": "jpg",
                "pretty_type": "JPEG",
                "user": "U010HBPMX5G",
                "editable": false,
                "size": 133237,
                "mode": "hosted",
                "is_external": false,
                "external_type": "",
                "is_public": true,
                "public_url_shared": false,
                "display_as_bot": false,
                "username": "",
                "url_private": "https:\/\/files.slack.com\/files-pri\/T0105GKDN1H-F011YHSSW01\/image_from_ios.jpg?t=xoxe-1005563464051-1077300145892-1094973465936-b91b441389dd5f41adba77ce94586498",
                "url_private_download": "https:\/\/files.slack.com\/files-pri\/T0105GKDN1H-F011YHSSW01\/download\/image_from_ios.jpg?t=xoxe-1005563464051-1077300145892-1094973465936-b91b441389dd5f41adba77ce94586498",
                "thumb_64": "https:\/\/files.slack.com\/files-tmb\/T0105GKDN1H-F011YHSSW01-11c21d1a52\/image_from_ios_64.jpg?t=xoxe-1005563464051-1077300145892-1094973465936-b91b441389dd5f41adba77ce94586498",
                "thumb_80": "https:\/\/files.slack.com\/files-tmb\/T0105GKDN1H-F011YHSSW01-11c21d1a52\/image_from_ios_80.jpg?t=xoxe-1005563464051-1077300145892-1094973465936-b91b441389dd5f41adba77ce94586498",
                "thumb_360": "https:\/\/files.slack.com\/files-tmb\/T0105GKDN1H-F011YHSSW01-11c21d1a52\/image_from_ios_360.jpg?t=xoxe-1005563464051-1077300145892-1094973465936-b91b441389dd5f41adba77ce94586498",
                "thumb_360_w": 360,
                "thumb_360_h": 290,
                "thumb_480": "https:\/\/files.slack.com\/files-tmb\/T0105GKDN1H-F011YHSSW01-11c21d1a52\/image_from_ios_480.jpg?t=xoxe-1005563464051-1077300145892-1094973465936-b91b441389dd5f41adba77ce94586498",
                "thumb_480_w": 480,
                "thumb_480_h": 387,
                "thumb_160": "https:\/\/files.slack.com\/files-tmb\/T0105GKDN1H-F011YHSSW01-11c21d1a52\/image_from_ios_160.jpg?t=xoxe-1005563464051-1077300145892-1094973465936-b91b441389dd5f41adba77ce94586498",
                "thumb_720": "https:\/\/files.slack.com\/files-tmb\/T0105GKDN1H-F011YHSSW01-11c21d1a52\/image_from_ios_720.jpg?t=xoxe-1005563464051-1077300145892-1094973465936-b91b441389dd5f41adba77ce94586498",
                "thumb_720_w": 720,
                "thumb_720_h": 580,
                "thumb_800": "https:\/\/files.slack.com\/files-tmb\/T0105GKDN1H-F011YHSSW01-11c21d1a52\/image_from_ios_800.jpg?t=xoxe-1005563464051-1077300145892-1094973465936-b91b441389dd5f41adba77ce94586498",
                "thumb_800_w": 800,
                "thumb_800_h": 644,
                "thumb_960": "https:\/\/files.slack.com\/files-tmb\/T0105GKDN1H-F011YHSSW01-11c21d1a52\/image_from_ios_960.jpg?t=xoxe-1005563464051-1077300145892-1094973465936-b91b441389dd5f41adba77ce94586498",
                "thumb_960_w": 960,
                "thumb_960_h": 773,
                "thumb_1024": "https:\/\/files.slack.com\/files-tmb\/T0105GKDN1H-F011YHSSW01-11c21d1a52\/image_from_ios_1024.jpg?t=xoxe-1005563464051-1077300145892-1094973465936-b91b441389dd5f41adba77ce94586498",
                "thumb_1024_w": 1024,
                "thumb_1024_h": 825,
                "original_w": 1381,
                "original_h": 1112,
                "thumb_tiny": "AwAmADC+7EMcNj6im72\/v\/8AjtPZcnOWH0pAvJ+ZzmgBpduu7j\/dpd7AkE8+wpSAOctx701GRwdrs3brQAeYwP3s888VISGQkelNK5PV+felxhCMk8d6AHGig0maAEcZU\/SqUaJHKpzjb1I71Jdv8yrkjNRxEebjA+7UtlIvKysMqQR7UH7p+lZ0DiOdSehJFaJ+6fpTTuJoRs7u2KilkMYyR+RqZutV7r7v40AVZy0kisDjFNUMJd2RinGgdaLBcBbvIQwIwCe9W42mLMHCbQDyCc0yH7g+tSp1f6UJAf\/Z",
                "permalink": "https:\/\/uclavirtfsfpt-96r8630.slack.com\/files\/U010HBPMX5G\/F011YHSSW01\/image_from_ios.jpg",
                "permalink_public": "https:\/\/slack-files.com\/T0105GKDN1H-F011YHSSW01-7516090e2e",
                "is_starred": false,
                "has_rich_preview": false
            }
        ],
        "upload": true,
        "blocks": [
            {
                "type": "rich_text",
                "block_id": "k+m",
                "elements": []
            }
        ],
        "user": "U010HBPMX5G",
        "display_as_bot": false,
        "ts": "1586612301.043900",
        "client_msg_id": "C9F01C5E-EFCB-4F05-A4C2-CA127E0DD93E",
        "reactions": [
            {
                "name": "joy",
                "users": [
                    "U010L2Z8M7F"
                ],
                "count": 1
            }
        ]
    },
    {
        "client_msg_id": "9db5a23a-e238-47a9-b58a-46bf5eb41a12",
        "type": "message",
        "text": "Very nice!",
        "user": "U010L2Z8M7F",
        "ts": "1586614655.044300",
        "team": "T0105GKDN1H",
        "user_team": "T0105GKDN1H",
        "source_team": "T0105GKDN1H",
        "user_profile": {
            "avatar_hash": "d530d6a49334",
            "image_72": "https:\/\/avatars.slack-edge.com\/2020-03-23\/1010225799969_d530d6a493349354556a_72.jpg",
            "first_name": "",
            "real_name": "Mark Fullton",
            "display_name": "Mark Fullton",
            "team": "T0105GKDN1H",
            "name": "the.mark.fullton",
            "is_restricted": false,
            "is_ultra_restricted": false
        },
        "blocks": [
            {
                "type": "rich_text",
                "block_id": "wKyv",
                "elements": [
                    {
                        "type": "rich_text_section",
                        "elements": [
                            {
                                "type": "text",
                                "text": "Very nice!"
                            }
                        ]
                    }
                ]
            }
        ],
        "thread_ts": "1586574494.043800",
        "parent_user_id": "U010LJKUX44"
    },
    {
        "client_msg_id": "39a2be7d-c1a9-4f66-a443-b0b9c784dc4d",
        "type": "message",
        "text": "lol ^^ my work handed me a balaclava to wear monday since we are out of face mask....",
        "user": "U010M34SKMK",
        "ts": "1586623079.045100",
        "team": "T0105GKDN1H",
        "user_team": "T0105GKDN1H",
        "source_team": "T0105GKDN1H",
        "user_profile": {
            "avatar_hash": "0122aab1c9b1",
            "image_72": "https:\/\/avatars.slack-edge.com\/2020-03-23\/1009660365315_0122aab1c9b12475e96c_72.jpg",
            "first_name": "",
            "real_name": "Caroline Lester",
            "display_name": "Caroline Lester",
            "team": "T0105GKDN1H",
            "name": "carolineclester",
            "is_restricted": false,
            "is_ultra_restricted": false
        },
        "blocks": [
            {
                "type": "rich_text",
                "block_id": "yzvJZ",
                "elements": [
                    {
                        "type": "rich_text_section",
                        "elements": [
                            {
                                "type": "text",
                                "text": "lol ^^ my work handed me a balaclava to wear monday since we are out of face mask...."
                            }
                        ]
                    }
                ]
            }
        ],
        "reactions": [
            {
                "name": "joy",
                "users": [
                    "U010L2Z8M7F"
                ],
                "count": 1
            }
        ]
    },
    {
        "client_msg_id": "03e669be-8456-4d7f-a4d5-647c0a9ff36d",
        "type": "message",
        "text": "Jer pulled out the respirators from Home Depot that we wore when we were renovating our condo... big scary looking things. with his newly shaved head he looks intimidating! at least, a lot more than normal lol",
        "user": "U010AJPBC3B",
        "ts": "1586624494.046300",
        "team": "T0105GKDN1H",
        "user_team": "T0105GKDN1H",
        "source_team": "T0105GKDN1H",
        "user_profile": {
            "avatar_hash": "a7accc11904a",
            "image_72": "https:\/\/avatars.slack-edge.com\/2020-03-31\/1039823854836_a7accc11904a7e79e199_72.png",
            "first_name": "Krista",
            "real_name": "Krista Clarke",
            "display_name": "Krista C",
            "team": "T0105GKDN1H",
            "name": "kristaclarke82",
            "is_restricted": false,
            "is_ultra_restricted": false
        },
        "blocks": [
            {
                "type": "rich_text",
                "block_id": "3poX",
                "elements": [
                    {
                        "type": "rich_text_section",
                        "elements": [
                            {
                                "type": "text",
                                "text": "Jer pulled out the respirators from Home Depot that we wore when we were renovating our condo... big scary looking things. with his newly shaved head he looks intimidating! at least, a lot more than normal lol"
                            }
                        ]
                    }
                ]
            }
        ],
        "thread_ts": "1586624494.046300",
        "reply_count": 4,
        "reply_users_count": 2,
        "latest_reply": "1587142974.059900",
        "reply_users": [
            "U010LHWSG4U",
            "U010AJPBC3B"
        ],
        "replies": [
            {
                "user": "U010LHWSG4U",
                "ts": "1587092284.058500"
            },
            {
                "user": "U010AJPBC3B",
                "ts": "1587093774.058700"
            },
            {
                "user": "U010LHWSG4U",
                "ts": "1587142798.059700"
            },
            {
                "user": "U010AJPBC3B",
                "ts": "1587142974.059900"
            }
        ],
        "subscribed": false,
        "reactions": [
            {
                "name": "joy",
                "users": [
                    "U010L2Z8M7F"
                ],
                "count": 1
            }
        ]
    },
    {
        "client_msg_id": "1d6c625e-1c5c-4f5a-826d-28267657d3c4",
        "type": "message",
        "text": "they look like this <https:\/\/images.homedepot-static.com\/productImages\/2509272a-f705-4b96-9bf3-4d8bd2b9b190\/svn\/3m-half-mask-respirators-62023ha1-c-64_1000.jpg> except his filters aren't pink",
        "user": "U010AJPBC3B",
        "ts": "1586624636.047000",
        "team": "T0105GKDN1H",
        "user_team": "T0105GKDN1H",
        "source_team": "T0105GKDN1H",
        "user_profile": {
            "avatar_hash": "a7accc11904a",
            "image_72": "https:\/\/avatars.slack-edge.com\/2020-03-31\/1039823854836_a7accc11904a7e79e199_72.png",
            "first_name": "Krista",
            "real_name": "Krista Clarke",
            "display_name": "Krista C",
            "team": "T0105GKDN1H",
            "name": "kristaclarke82",
            "is_restricted": false,
            "is_ultra_restricted": false
        },
        "attachments": [
            {
                "fallback": "1000x1000px image",
                "image_url": "https:\/\/images.homedepot-static.com\/productImages\/2509272a-f705-4b96-9bf3-4d8bd2b9b190\/svn\/3m-half-mask-respirators-62023ha1-c-64_1000.jpg",
                "image_width": 1000,
                "image_height": 1000,
                "image_bytes": 46378,
                "from_url": "https:\/\/images.homedepot-static.com\/productImages\/2509272a-f705-4b96-9bf3-4d8bd2b9b190\/svn\/3m-half-mask-respirators-62023ha1-c-64_1000.jpg",
                "id": 1,
                "original_url": "https:\/\/images.homedepot-static.com\/productImages\/2509272a-f705-4b96-9bf3-4d8bd2b9b190\/svn\/3m-half-mask-respirators-62023ha1-c-64_1000.jpg"
            }
        ],
        "blocks": [
            {
                "type": "rich_text",
                "block_id": "Uzpa",
                "elements": [
                    {
                        "type": "rich_text_section",
                        "elements": [
                            {
                                "type": "text",
                                "text": "they look like this "
                            },
                            {
                                "type": "link",
                                "url": "https:\/\/images.homedepot-static.com\/productImages\/2509272a-f705-4b96-9bf3-4d8bd2b9b190\/svn\/3m-half-mask-respirators-62023ha1-c-64_1000.jpg"
                            },
                            {
                                "type": "text",
                                "text": " except his filters aren't pink"
                            }
                        ]
                    }
                ]
            }
        ],
        "reactions": [
            {
                "name": "astonished",
                "users": [
                    "U010L2Z8M7F"
                ],
                "count": 1
            },
            {
                "name": "joy",
                "users": [
                    "U010HBPMX5G"
                ],
                "count": 1
            }
        ]
    },
    {
        "client_msg_id": "94703c95-6134-40ee-a2e4-e39ff847fcfe",
        "type": "message",
        "text": "<https:\/\/www.youtube.com\/watch?v=qdMwV8cfzwI>",
        "user": "U010APCDU9F",
        "ts": "1586636063.048100",
        "team": "T0105GKDN1H",
        "user_team": "T0105GKDN1H",
        "source_team": "T0105GKDN1H",
        "user_profile": {
            "avatar_hash": "d44fbe708fa1",
            "image_72": "https:\/\/avatars.slack-edge.com\/2020-03-23\/1020879238357_d44fbe708fa1409cd3b9_72.jpg",
            "first_name": "",
            "real_name": "Eric Z",
            "display_name": "Eric Z",
            "team": "T0105GKDN1H",
            "name": "swissbizz88",
            "is_restricted": false,
            "is_ultra_restricted": false
        },
        "attachments": [
            {
                "service_name": "YouTube",
                "service_url": "https:\/\/www.youtube.com\/",
                "title": "Moe Shop - Baby Pink (w\/ YUC'e)",
                "title_link": "https:\/\/www.youtube.com\/watch?v=qdMwV8cfzwI",
                "author_name": "Moe Shop",
                "author_link": "https:\/\/www.youtube.com\/channel\/UCcKTRoHPP2hPaom63QGaiBw",
                "thumb_url": "https:\/\/i.ytimg.com\/vi\/qdMwV8cfzwI\/hqdefault.jpg",
                "thumb_width": 480,
                "thumb_height": 360,
                "fallback": "YouTube Video: Moe Shop - Baby Pink (w\/ YUC'e)",
                "video_html": "<iframe width=\"400\" height=\"225\" src=\"https:\/\/www.youtube.com\/embed\/qdMwV8cfzwI?feature=oembed&autoplay=1&iv_load_policy=3\" frameborder=\"0\" allow=\"accelerometer; autoplay; encrypted-media; gyroscope; picture-in-picture\" allowfullscreen><\/iframe>",
                "video_html_width": 400,
                "video_html_height": 225,
                "from_url": "https:\/\/www.youtube.com\/watch?v=qdMwV8cfzwI",
                "service_icon": "https:\/\/a.slack-edge.com\/80588\/img\/unfurl_icons\/youtube.png",
                "id": 1,
                "original_url": "https:\/\/www.youtube.com\/watch?v=qdMwV8cfzwI"
            }
        ],
        "blocks": [
            {
                "type": "rich_text",
                "block_id": "HtwHH",
                "elements": [
                    {
                        "type": "rich_text_section",
                        "elements": [
                            {
                                "type": "link",
                                "url": "https:\/\/www.youtube.com\/watch?v=qdMwV8cfzwI"
                            }
                        ]
                    }
                ]
            }
        ],
        "thread_ts": "1586636063.048100",
        "reply_count": 3,
        "reply_users_count": 2,
        "latest_reply": "1586636985.049200",
        "reply_users": [
            "U010T8GS82C",
            "U010APCDU9F"
        ],
        "replies": [
            {
                "user": "U010T8GS82C",
                "ts": "1586636698.048800"
            },
            {
                "user": "U010APCDU9F",
                "ts": "1586636934.049000"
            },
            {
                "user": "U010T8GS82C",
                "ts": "1586636985.049200"
            }
        ],
        "subscribed": false,
        "reactions": [
            {
                "name": "tada",
                "users": [
                    "U010LEW4XPX"
                ],
                "count": 1
            }
        ]
    },
    {
        "client_msg_id": "4db7c68b-a777-4210-bb76-9640b3e04b12",
        "type": "message",
        "text": "^ Good focusing music",
        "user": "U010APCDU9F",
        "ts": "1586636068.048400",
        "team": "T0105GKDN1H",
        "user_team": "T0105GKDN1H",
        "source_team": "T0105GKDN1H",
        "user_profile": {
            "avatar_hash": "d44fbe708fa1",
            "image_72": "https:\/\/avatars.slack-edge.com\/2020-03-23\/1020879238357_d44fbe708fa1409cd3b9_72.jpg",
            "first_name": "",
            "real_name": "Eric Z",
            "display_name": "Eric Z",
            "team": "T0105GKDN1H",
            "name": "swissbizz88",
            "is_restricted": false,
            "is_ultra_restricted": false
        },
        "blocks": [
            {
                "type": "rich_text",
                "block_id": "ubE",
                "elements": [
                    {
                        "type": "rich_text_section",
                        "elements": [
                            {
                                "type": "text",
                                "text": "^ Good focusing music"
                            }
                        ]
                    }
                ]
            }
        ]
    },
    {
        "client_msg_id": "1ea8f205-fa38-4c5a-bb39-79fd8df704d3",
        "type": "message",
        "text": "DON'T JUDGE",
        "user": "U010APCDU9F",
        "ts": "1586636071.048600",
        "team": "T0105GKDN1H",
        "user_team": "T0105GKDN1H",
        "source_team": "T0105GKDN1H",
        "user_profile": {
            "avatar_hash": "d44fbe708fa1",
            "image_72": "https:\/\/avatars.slack-edge.com\/2020-03-23\/1020879238357_d44fbe708fa1409cd3b9_72.jpg",
            "first_name": "",
            "real_name": "Eric Z",
            "display_name": "Eric Z",
            "team": "T0105GKDN1H",
            "name": "swissbizz88",
            "is_restricted": false,
            "is_ultra_restricted": false
        },
        "blocks": [
            {
                "type": "rich_text",
                "block_id": "y3J6n",
                "elements": [
                    {
                        "type": "rich_text_section",
                        "elements": [
                            {
                                "type": "text",
                                "text": "DON'T JUDGE"
                            }
                        ]
                    }
                ]
            }
        ],
        "thread_ts": "1586636071.048600",
        "reply_count": 1,
        "reply_users_count": 1,
        "latest_reply": "1586881065.051900",
        "reply_users": [
            "U010Y90H4T0"
        ],
        "replies": [
            {
                "user": "U010Y90H4T0",
                "ts": "1586881065.051900"
            }
        ],
        "subscribed": false,
        "reactions": [
            {
                "name": "joy",
                "users": [
                    "U010L2Z8M7F",
                    "U010LEW4XPX",
                    "U010APCDU9F"
                ],
                "count": 3
            }
        ]
    },
    {
        "client_msg_id": "491480ad-7420-41de-b921-e24828ac35b4",
        "type": "message",
        "text": "I really like Magic by Moe Shop",
        "user": "U010T8GS82C",
        "ts": "1586636698.048800",
        "team": "T0105GKDN1H",
        "user_team": "T0105GKDN1H",
        "source_team": "T0105GKDN1H",
        "user_profile": {
            "avatar_hash": "6ef50089cc81",
            "image_72": "https:\/\/avatars.slack-edge.com\/2020-04-02\/1034222731234_6ef50089cc815ab375b5_72.jpg",
            "first_name": "",
            "real_name": "Mauricio Gutierrez",
            "display_name": "",
            "team": "T0105GKDN1H",
            "name": "mauriciogtrz",
            "is_restricted": false,
            "is_ultra_restricted": false
        },
        "blocks": [
            {
                "type": "rich_text",
                "block_id": "fMr",
                "elements": [
                    {
                        "type": "rich_text_section",
                        "elements": [
                            {
                                "type": "text",
                                "text": "I really like Magic by Moe Shop"
                            }
                        ]
                    }
                ]
            }
        ],
        "thread_ts": "1586636063.048100",
        "parent_user_id": "U010APCDU9F"
    },
    {
        "client_msg_id": "00137a86-20c7-495d-9d71-df309e97f74e",
        "type": "message",
        "text": "I haven't heard that one!\n\nLove Taste, Notice, and WWW are up there for me",
        "user": "U010APCDU9F",
        "ts": "1586636934.049000",
        "team": "T0105GKDN1H",
        "user_team": "T0105GKDN1H",
        "source_team": "T0105GKDN1H",
        "user_profile": {
            "avatar_hash": "d44fbe708fa1",
            "image_72": "https:\/\/avatars.slack-edge.com\/2020-03-23\/1020879238357_d44fbe708fa1409cd3b9_72.jpg",
            "first_name": "",
            "real_name": "Eric Z",
            "display_name": "Eric Z",
            "team": "T0105GKDN1H",
            "name": "swissbizz88",
            "is_restricted": false,
            "is_ultra_restricted": false
        },
        "blocks": [
            {
                "type": "rich_text",
                "block_id": "\/NXUc",
                "elements": [
                    {
                        "type": "rich_text_section",
                        "elements": [
                            {
                                "type": "text",
                                "text": "I haven't heard that one!\n\nLove Taste, Notice, and WWW are up there for me"
                            }
                        ]
                    }
                ]
            }
        ],
        "thread_ts": "1586636063.048100",
        "parent_user_id": "U010APCDU9F",
        "reactions": [
            {
                "name": "party_parrot",
                "users": [
                    "U010T8GS82C"
                ],
                "count": 1
            }
        ]
    },
    {
        "client_msg_id": "e9fabeac-2b1d-47ac-8d43-5352b2eb00bd",
        "type": "message",
        "text": "<https:\/\/www.youtube.com\/watch?v=CNLJhhJdhk8>",
        "user": "U010T8GS82C",
        "ts": "1586636985.049200",
        "team": "T0105GKDN1H",
        "user_team": "T0105GKDN1H",
        "source_team": "T0105GKDN1H",
        "user_profile": {
            "avatar_hash": "6ef50089cc81",
            "image_72": "https:\/\/avatars.slack-edge.com\/2020-04-02\/1034222731234_6ef50089cc815ab375b5_72.jpg",
            "first_name": "",
            "real_name": "Mauricio Gutierrez",
            "display_name": "",
            "team": "T0105GKDN1H",
            "name": "mauriciogtrz",
            "is_restricted": false,
            "is_ultra_restricted": false
        },
        "attachments": [
            {
                "service_name": "YouTube",
                "service_url": "https:\/\/www.youtube.com\/",
                "title": "Moe Shop - Magic (w\/ MYLK)",
                "title_link": "https:\/\/www.youtube.com\/watch?v=CNLJhhJdhk8",
                "author_name": "Moe Shop",
                "author_link": "https:\/\/www.youtube.com\/channel\/UCcKTRoHPP2hPaom63QGaiBw",
                "thumb_url": "https:\/\/i.ytimg.com\/vi\/CNLJhhJdhk8\/hqdefault.jpg",
                "thumb_width": 480,
                "thumb_height": 360,
                "fallback": "YouTube Video: Moe Shop - Magic (w\/ MYLK)",
                "video_html": "<iframe width=\"400\" height=\"225\" src=\"https:\/\/www.youtube.com\/embed\/CNLJhhJdhk8?feature=oembed&autoplay=1&iv_load_policy=3\" frameborder=\"0\" allow=\"accelerometer; autoplay; encrypted-media; gyroscope; picture-in-picture\" allowfullscreen><\/iframe>",
                "video_html_width": 400,
                "video_html_height": 225,
                "from_url": "https:\/\/www.youtube.com\/watch?v=CNLJhhJdhk8",
                "service_icon": "https:\/\/a.slack-edge.com\/80588\/img\/unfurl_icons\/youtube.png",
                "id": 1,
                "original_url": "https:\/\/www.youtube.com\/watch?v=CNLJhhJdhk8"
            }
        ],
        "blocks": [
            {
                "type": "rich_text",
                "block_id": "jyZ",
                "elements": [
                    {
                        "type": "rich_text_section",
                        "elements": [
                            {
                                "type": "link",
                                "url": "https:\/\/www.youtube.com\/watch?v=CNLJhhJdhk8"
                            }
                        ]
                    }
                ]
            }
        ],
        "thread_ts": "1586636063.048100",
        "parent_user_id": "U010APCDU9F"
    },
    {
        "client_msg_id": "10d277af-94b9-4601-8317-fbef4982de23",
        "type": "message",
        "text": "<https:\/\/www.youtube.com\/playlist?list=PLB5HZZPC6c8h86nCvms-dzubEcoEIoo09>",
        "user": "U010T8GS82C",
        "ts": "1586637582.049700",
        "team": "T0105GKDN1H",
        "user_team": "T0105GKDN1H",
        "source_team": "T0105GKDN1H",
        "user_profile": {
            "avatar_hash": "6ef50089cc81",
            "image_72": "https:\/\/avatars.slack-edge.com\/2020-04-02\/1034222731234_6ef50089cc815ab375b5_72.jpg",
            "first_name": "",
            "real_name": "Mauricio Gutierrez",
            "display_name": "",
            "team": "T0105GKDN1H",
            "name": "mauriciogtrz",
            "is_restricted": false,
            "is_ultra_restricted": false
        },
        "blocks": [
            {
                "type": "rich_text",
                "block_id": "P4JL5",
                "elements": [
                    {
                        "type": "rich_text_section",
                        "elements": [
                            {
                                "type": "link",
                                "url": "https:\/\/www.youtube.com\/playlist?list=PLB5HZZPC6c8h86nCvms-dzubEcoEIoo09"
                            }
                        ]
                    }
                ]
            }
        ]
    },
    {
        "client_msg_id": "12119396-b843-4c5a-a1a1-87b68e9449ac",
        "type": "message",
        "text": "^ this is also a great playlist for you Animal Crossing players",
        "user": "U010T8GS82C",
        "ts": "1586637616.050200",
        "team": "T0105GKDN1H",
        "user_team": "T0105GKDN1H",
        "source_team": "T0105GKDN1H",
        "user_profile": {
            "avatar_hash": "6ef50089cc81",
            "image_72": "https:\/\/avatars.slack-edge.com\/2020-04-02\/1034222731234_6ef50089cc815ab375b5_72.jpg",
            "first_name": "",
            "real_name": "Mauricio Gutierrez",
            "display_name": "",
            "team": "T0105GKDN1H",
            "name": "mauriciogtrz",
            "is_restricted": false,
            "is_ultra_restricted": false
        },
        "blocks": [
            {
                "type": "rich_text",
                "block_id": "Ouc",
                "elements": [
                    {
                        "type": "rich_text_section",
                        "elements": [
                            {
                                "type": "text",
                                "text": "^ this is also a great playlist for you Animal Crossing players"
                            }
                        ]
                    }
                ]
            }
        ]
    }
]