[
    {
        "type": "message",
        "subtype": "thread_broadcast",
        "text": "Hey all. Mine is sw-4949-8584-3480",
        "user": "U010NLDPJ2J",
        "ts": "1585518822.015000",
        "thread_ts": "1585422097.009200",
        "root": {
            "client_msg_id": "c8f1863f-a007-4c2b-b876-b5a9b02ce755",
            "type": "message",
            "text": "for the animal crossing peeps i think friend codes might be easier haha. my switch code is: sw-8237-2642-8315",
            "user": "U010NLX5YVD",
            "ts": "1585422097.009200",
            "team": "T0105GKDN1H",
            "blocks": [
                {
                    "type": "rich_text",
                    "block_id": "HrO6",
                    "elements": [
                        {
                            "type": "rich_text_section",
                            "elements": [
                                {
                                    "type": "text",
                                    "text": "for the animal crossing peeps i think friend codes might be easier haha. my switch code is: sw-8237-2642-8315"
                                }
                            ]
                        }
                    ]
                }
            ],
            "thread_ts": "1585422097.009200",
            "reply_count": 1,
            "reply_users_count": 1,
            "latest_reply": "1585518822.015000",
            "reply_users": [
                "U010NLDPJ2J"
            ],
            "subscribed": false
        },
        "blocks": [
            {
                "type": "rich_text",
                "block_id": "M7ceH",
                "elements": [
                    {
                        "type": "rich_text_section",
                        "elements": [
                            {
                                "type": "text",
                                "text": "Hey all. Mine is sw-4949-8584-3480"
                            }
                        ]
                    }
                ]
            }
        ],
        "client_msg_id": "6620FF67-762C-4119-9732-E99271AEA8FC"
    }
]