[
    {
        "client_msg_id": "22d3c6a7-0ecb-4447-bde4-e8e2b1119c40",
        "type": "message",
        "text": "<https:\/\/en.wikipedia.org\/wiki\/Pembroke_Welsh_Corgi#\/media\/File:Welchcorgipembroke.JPG>",
        "user": "U010AP9JH4Z",
        "ts": "1586311674.024200",
        "team": "T0105GKDN1H",
        "user_team": "T0105GKDN1H",
        "source_team": "T0105GKDN1H",
        "user_profile": {
            "avatar_hash": "16a093b0a61e",
            "image_72": "https:\/\/avatars.slack-edge.com\/2020-03-28\/1033178107317_16a093b0a61e962de046_72.jpg",
            "first_name": "Rey",
            "real_name": "Rey Coronado",
            "display_name": "Rey Coronado",
            "team": "T0105GKDN1H",
            "name": "rcorojr",
            "is_restricted": false,
            "is_ultra_restricted": false
        },
        "attachments": [
            {
                "image_url": "https:\/\/upload.wikimedia.org\/wikipedia\/commons\/thumb\/f\/fb\/Welchcorgipembroke.JPG\/1200px-Welchcorgipembroke.JPG",
                "image_width": 1200,
                "image_height": 800,
                "image_bytes": 236585,
                "title": "Pembroke Welsh Corgi",
                "title_link": "https:\/\/en.wikipedia.org\/wiki\/Pembroke_Welsh_Corgi#\/media\/File:Welchcorgipembroke.JPG",
                "from_url": "https:\/\/en.wikipedia.org\/wiki\/Pembroke_Welsh_Corgi#\/media\/File:Welchcorgipembroke.JPG",
                "author_name": "Wikipedia",
                "author_link": "https:\/\/en.wikipedia.org\/",
                "text": "The Pembroke Welsh Corgi (; Welsh for \"dwarf dog\") is a cattle herding dog breed which originated in Pembrokeshire, Wales. It is one of two breeds known as a Welsh Corgi. The other is the Cardigan Welsh Corgi, and both descend from the line of northern spitz-type dogs (such as the Siberian Husky). Another theory is that Pembrokes are descended from the Swedish Vallhunds, which were crossed with the local Welsh herding dogs. The Pembroke Welsh Corgi is the younger of the two Corgi breeds and is a separate and distinct breed from the Cardigan. The corgi is one of the smallest herding dogs. Pembroke Welsh Corgis are famous as the preferred breed of Queen Elizabeth II, who has owned more than 30 during her reign. Although these dogs have been favored by British royalty for more than seventy years, among the British public, they have recently fallen into decline in terms of popularity and demand. However, they remain very popular in the United States. Cities such as New York, Boston, and Los Angeles hold annual \"Corgi Meetups\" in which hundreds of dogs and their owners congregate to spend the day.The Pembroke Welsh Corgi has been ranked 11th in Stanley Coren's The Intelligence of Dogs, which states that the breed is considered an excellent working dog.\nAccording to the American Kennel Club, Pembroke Welsh Corgis were ranked 15th most popular breed of dog in 2017.",
                "fallback": "wikipedia: Pembroke Welsh Corgi",
                "service_icon": "https:\/\/a.slack-edge.com\/80588\/img\/unfurl_icons\/wikipedia.png",
                "id": 1,
                "original_url": "https:\/\/en.wikipedia.org\/wiki\/Pembroke_Welsh_Corgi#\/media\/File:Welchcorgipembroke.JPG"
            }
        ],
        "blocks": [
            {
                "type": "rich_text",
                "block_id": "x0s",
                "elements": [
                    {
                        "type": "rich_text_section",
                        "elements": [
                            {
                                "type": "link",
                                "url": "https:\/\/en.wikipedia.org\/wiki\/Pembroke_Welsh_Corgi#\/media\/File:Welchcorgipembroke.JPG"
                            }
                        ]
                    }
                ]
            }
        ]
    }
]