[
    {
        "type": "message",
        "text": "Pushing to gitHub be like",
        "files": [
            {
                "id": "F0114LRJGM8",
                "created": 1586101227,
                "timestamp": 1586101227,
                "name": "image.png",
                "title": "image.png",
                "mimetype": "image\/png",
                "filetype": "png",
                "pretty_type": "PNG",
                "user": "U010L2Z8M7F",
                "editable": false,
                "size": 303453,
                "mode": "hosted",
                "is_external": false,
                "external_type": "",
                "is_public": true,
                "public_url_shared": false,
                "display_as_bot": false,
                "username": "",
                "url_private": "https:\/\/files.slack.com\/files-pri\/T0105GKDN1H-F0114LRJGM8\/image.png?t=xoxe-1005563464051-1077300145892-1094973465936-b91b441389dd5f41adba77ce94586498",
                "url_private_download": "https:\/\/files.slack.com\/files-pri\/T0105GKDN1H-F0114LRJGM8\/download\/image.png?t=xoxe-1005563464051-1077300145892-1094973465936-b91b441389dd5f41adba77ce94586498",
                "thumb_64": "https:\/\/files.slack.com\/files-tmb\/T0105GKDN1H-F0114LRJGM8-5a32a420b9\/image_64.png?t=xoxe-1005563464051-1077300145892-1094973465936-b91b441389dd5f41adba77ce94586498",
                "thumb_80": "https:\/\/files.slack.com\/files-tmb\/T0105GKDN1H-F0114LRJGM8-5a32a420b9\/image_80.png?t=xoxe-1005563464051-1077300145892-1094973465936-b91b441389dd5f41adba77ce94586498",
                "thumb_360": "https:\/\/files.slack.com\/files-tmb\/T0105GKDN1H-F0114LRJGM8-5a32a420b9\/image_360.png?t=xoxe-1005563464051-1077300145892-1094973465936-b91b441389dd5f41adba77ce94586498",
                "thumb_360_w": 360,
                "thumb_360_h": 273,
                "thumb_480": "https:\/\/files.slack.com\/files-tmb\/T0105GKDN1H-F0114LRJGM8-5a32a420b9\/image_480.png?t=xoxe-1005563464051-1077300145892-1094973465936-b91b441389dd5f41adba77ce94586498",
                "thumb_480_w": 480,
                "thumb_480_h": 364,
                "thumb_160": "https:\/\/files.slack.com\/files-tmb\/T0105GKDN1H-F0114LRJGM8-5a32a420b9\/image_160.png?t=xoxe-1005563464051-1077300145892-1094973465936-b91b441389dd5f41adba77ce94586498",
                "image_exif_rotation": 1,
                "original_w": 677,
                "original_h": 513,
                "thumb_tiny": "AwAkADDQdgvU4FIGypKnOBSuoYYOPxFCgKMDH4CkHQhildpACcg\/pTZZGEjfOVC9AO9WAADnj8qGUMQSBx6ilYRFLIwjj+bZu6n0pbZy24bt4HRqlYBhg4\/EUKAowMD6DFUK2omOetN5\/wBr8qceBTO\/QUhjgSOxNGfY00e4FLx\/doAdRQOnAxRQAYowPSlooATA9KMD0paKAExS0UUAf\/\/Z",
                "permalink": "https:\/\/uclavirtfsfpt-96r8630.slack.com\/files\/U010L2Z8M7F\/F0114LRJGM8\/image.png",
                "permalink_public": "https:\/\/slack-files.com\/T0105GKDN1H-F0114LRJGM8-5d9f05bd0f",
                "is_starred": false,
                "has_rich_preview": false
            }
        ],
        "upload": true,
        "blocks": [
            {
                "type": "rich_text",
                "block_id": "EMvRs",
                "elements": [
                    {
                        "type": "rich_text_section",
                        "elements": [
                            {
                                "type": "text",
                                "text": "Pushing to gitHub be like"
                            }
                        ]
                    }
                ]
            }
        ],
        "user": "U010L2Z8M7F",
        "display_as_bot": false,
        "ts": "1586101233.023100",
        "client_msg_id": "22b84396-5409-4d2a-bb8c-f077a3bd273a",
        "reactions": [
            {
                "name": "joy",
                "users": [
                    "U010AJPBC3B",
                    "U010Y90H4T0",
                    "U010KG4F57W",
                    "U010LHWSG4U",
                    "U010APCDU9F",
                    "U010LUDNEJU",
                    "U010LEW4XPX"
                ],
                "count": 7
            }
        ]
    }
]