[
    {
        "client_msg_id": "27e1600a-7e81-4776-985e-0f570cd63e65",
        "type": "message",
        "text": "Happy Monday! I hope everyone has an awesome week~",
        "user": "U010LJKUX44",
        "ts": "1586796129.051300",
        "team": "T0105GKDN1H",
        "user_team": "T0105GKDN1H",
        "source_team": "T0105GKDN1H",
        "user_profile": {
            "avatar_hash": "76dca6aade71",
            "image_72": "https:\/\/avatars.slack-edge.com\/2020-03-23\/1022739361382_76dca6aade71042586a7_72.png",
            "first_name": "",
            "real_name": "Hazel Kasusky",
            "display_name": "Hazel Kasusky",
            "team": "T0105GKDN1H",
            "name": "kasusky.music",
            "is_restricted": false,
            "is_ultra_restricted": false
        },
        "blocks": [
            {
                "type": "rich_text",
                "block_id": "ugaay",
                "elements": [
                    {
                        "type": "rich_text_section",
                        "elements": [
                            {
                                "type": "text",
                                "text": "Happy Monday! I hope everyone has an awesome week~"
                            }
                        ]
                    }
                ]
            }
        ],
        "reactions": [
            {
                "name": "heart",
                "users": [
                    "U010LRKMSKX",
                    "U010AJPBC3B",
                    "U010L2Z8M7F",
                    "U010LHWSG4U",
                    "U010Y90H4T0"
                ],
                "count": 5
            }
        ]
    }
]