[
    {
        "client_msg_id": "cf91ae68-108f-4fce-b5b7-2612251f94bd",
        "type": "message",
        "text": "Just curious, but who did y'all do your band tribute pages on? I'm in dire need of new music for my programming playlist. :eyes::eyes::eyes:",
        "user": "U010L2Z8M7F",
        "ts": "1586536530.026700",
        "team": "T0105GKDN1H",
        "user_team": "T0105GKDN1H",
        "source_team": "T0105GKDN1H",
        "user_profile": {
            "avatar_hash": "d530d6a49334",
            "image_72": "https:\/\/avatars.slack-edge.com\/2020-03-23\/1010225799969_d530d6a493349354556a_72.jpg",
            "first_name": "",
            "real_name": "Mark Fullton",
            "display_name": "Mark Fullton",
            "team": "T0105GKDN1H",
            "name": "the.mark.fullton",
            "is_restricted": false,
            "is_ultra_restricted": false
        },
        "blocks": [
            {
                "type": "rich_text",
                "block_id": "DTL7",
                "elements": [
                    {
                        "type": "rich_text_section",
                        "elements": [
                            {
                                "type": "text",
                                "text": "Just curious, but who did y'all do your band tribute pages on? I'm in dire need of new music for my programming playlist. "
                            },
                            {
                                "type": "emoji",
                                "name": "eyes"
                            },
                            {
                                "type": "emoji",
                                "name": "eyes"
                            },
                            {
                                "type": "emoji",
                                "name": "eyes"
                            }
                        ]
                    }
                ]
            }
        ]
    },
    {
        "client_msg_id": "7ca4d810-6b13-4742-8bee-918c2441d660",
        "type": "message",
        "text": "Fleetwood Mac :the_horns:",
        "user": "U0109GZP6HH",
        "ts": "1586536557.027000",
        "team": "T0105GKDN1H",
        "user_team": "T0105GKDN1H",
        "source_team": "T0105GKDN1H",
        "user_profile": {
            "avatar_hash": "dcfd7b601289",
            "image_72": "https:\/\/avatars.slack-edge.com\/2020-03-27\/1034775747879_dcfd7b601289e2bf7f73_72.jpg",
            "first_name": "",
            "real_name": "Jessica Vaiana-Cavanagh",
            "display_name": "Jessica Vaiana-Cavanagh",
            "team": "T0105GKDN1H",
            "name": "jessica.vaicav",
            "is_restricted": false,
            "is_ultra_restricted": false
        },
        "blocks": [
            {
                "type": "rich_text",
                "block_id": "xSyrh",
                "elements": [
                    {
                        "type": "rich_text_section",
                        "elements": [
                            {
                                "type": "text",
                                "text": "Fleetwood Mac "
                            },
                            {
                                "type": "emoji",
                                "name": "the_horns"
                            }
                        ]
                    }
                ]
            }
        ],
        "thread_ts": "1586536557.027000",
        "reply_count": 3,
        "reply_users_count": 2,
        "latest_reply": "1586546962.041700",
        "reply_users": [
            "U010L2Z8M7F",
            "U0109GZP6HH"
        ],
        "replies": [
            {
                "user": "U010L2Z8M7F",
                "ts": "1586539376.033200"
            },
            {
                "user": "U0109GZP6HH",
                "ts": "1586546935.041500"
            },
            {
                "user": "U0109GZP6HH",
                "ts": "1586546962.041700"
            }
        ],
        "subscribed": false,
        "reactions": [
            {
                "name": "heart",
                "users": [
                    "U010L2Z8M7F"
                ],
                "count": 1
            }
        ]
    },
    {
        "client_msg_id": "A018ACB9-1B00-420F-B28D-0B032AE2D212",
        "type": "message",
        "text": "D-A-D (Disneyland after Dark, but renamed cause copyright is a thing lol)",
        "user": "U010LUDNEJU",
        "ts": "1586536602.028000",
        "team": "T0105GKDN1H",
        "user_team": "T0105GKDN1H",
        "source_team": "T0105GKDN1H",
        "user_profile": {
            "avatar_hash": "60a42db80d27",
            "image_72": "https:\/\/avatars.slack-edge.com\/2020-04-10\/1056102682051_60a42db80d27d72bc6b0_72.jpg",
            "first_name": "",
            "real_name": "Marc Martinez",
            "display_name": "Marc Martinez",
            "team": "T0105GKDN1H",
            "name": "marcmartinez987",
            "is_restricted": false,
            "is_ultra_restricted": false
        },
        "blocks": [
            {
                "type": "rich_text",
                "block_id": "4mIKg",
                "elements": [
                    {
                        "type": "rich_text_section",
                        "elements": [
                            {
                                "type": "text",
                                "text": "D-A-D (Disneyland after Dark, but renamed cause copyright is a thing lol)"
                            }
                        ]
                    }
                ]
            }
        ],
        "thread_ts": "1586536602.028000",
        "reply_count": 1,
        "reply_users_count": 1,
        "latest_reply": "1586539212.033000",
        "reply_users": [
            "U010L2Z8M7F"
        ],
        "replies": [
            {
                "user": "U010L2Z8M7F",
                "ts": "1586539212.033000"
            }
        ],
        "subscribed": false,
        "reactions": [
            {
                "name": "joy",
                "users": [
                    "U010L2Z8M7F"
                ],
                "count": 1
            }
        ]
    },
    {
        "client_msg_id": "74144994-334e-447a-81c2-7f1b2e910063",
        "type": "message",
        "text": "hahah I did Celine Dion!",
        "user": "U010LRKMSKX",
        "ts": "1586536757.028800",
        "team": "T0105GKDN1H",
        "user_team": "T0105GKDN1H",
        "source_team": "T0105GKDN1H",
        "user_profile": {
            "avatar_hash": "ae27f99c40c3",
            "image_72": "https:\/\/avatars.slack-edge.com\/2020-03-23\/1022872147895_ae27f99c40c3c34dd86b_72.jpg",
            "first_name": "",
            "real_name": "Yssabel Pangilinan",
            "display_name": "Yssabel Pangilinan",
            "team": "T0105GKDN1H",
            "name": "yssabelpangilinan",
            "is_restricted": false,
            "is_ultra_restricted": false
        },
        "blocks": [
            {
                "type": "rich_text",
                "block_id": "+afN",
                "elements": [
                    {
                        "type": "rich_text_section",
                        "elements": [
                            {
                                "type": "text",
                                "text": "hahah I did Celine Dion!"
                            }
                        ]
                    }
                ]
            }
        ],
        "thread_ts": "1586536757.028800",
        "reply_count": 1,
        "reply_users_count": 1,
        "latest_reply": "1586539168.032800",
        "reply_users": [
            "U010L2Z8M7F"
        ],
        "replies": [
            {
                "user": "U010L2Z8M7F",
                "ts": "1586539168.032800"
            }
        ],
        "subscribed": false,
        "reactions": [
            {
                "name": "heart",
                "users": [
                    "U0109GZP6HH",
                    "U010L2Z8M7F"
                ],
                "count": 2
            }
        ]
    },
    {
        "client_msg_id": "b69d98a9-45b2-494d-8453-156e4296109e",
        "type": "message",
        "text": "I LOVEEEE CELINE DION",
        "user": "U0109GZP6HH",
        "ts": "1586536774.029100",
        "team": "T0105GKDN1H",
        "user_team": "T0105GKDN1H",
        "source_team": "T0105GKDN1H",
        "user_profile": {
            "avatar_hash": "dcfd7b601289",
            "image_72": "https:\/\/avatars.slack-edge.com\/2020-03-27\/1034775747879_dcfd7b601289e2bf7f73_72.jpg",
            "first_name": "",
            "real_name": "Jessica Vaiana-Cavanagh",
            "display_name": "Jessica Vaiana-Cavanagh",
            "team": "T0105GKDN1H",
            "name": "jessica.vaicav",
            "is_restricted": false,
            "is_ultra_restricted": false
        },
        "blocks": [
            {
                "type": "rich_text",
                "block_id": "iXREb",
                "elements": [
                    {
                        "type": "rich_text_section",
                        "elements": [
                            {
                                "type": "text",
                                "text": "I LOVEEEE CELINE DION"
                            }
                        ]
                    }
                ]
            }
        ]
    },
    {
        "client_msg_id": "a964ced8-03a5-411d-8fe2-39d5e61206a3",
        "type": "message",
        "text": "she's helped me through some pretty rough times :wink:",
        "user": "U0109GZP6HH",
        "ts": "1586536783.029500",
        "team": "T0105GKDN1H",
        "user_team": "T0105GKDN1H",
        "source_team": "T0105GKDN1H",
        "user_profile": {
            "avatar_hash": "dcfd7b601289",
            "image_72": "https:\/\/avatars.slack-edge.com\/2020-03-27\/1034775747879_dcfd7b601289e2bf7f73_72.jpg",
            "first_name": "",
            "real_name": "Jessica Vaiana-Cavanagh",
            "display_name": "Jessica Vaiana-Cavanagh",
            "team": "T0105GKDN1H",
            "name": "jessica.vaicav",
            "is_restricted": false,
            "is_ultra_restricted": false
        },
        "blocks": [
            {
                "type": "rich_text",
                "block_id": "9JuA+",
                "elements": [
                    {
                        "type": "rich_text_section",
                        "elements": [
                            {
                                "type": "text",
                                "text": "she's helped me through some pretty rough times "
                            },
                            {
                                "type": "emoji",
                                "name": "wink"
                            }
                        ]
                    }
                ]
            }
        ],
        "reactions": [
            {
                "name": "heart",
                "users": [
                    "U010LRKMSKX",
                    "U010L2Z8M7F",
                    "U010Y90H4T0"
                ],
                "count": 3
            }
        ]
    },
    {
        "client_msg_id": "4e99790b-54ed-4def-8d1a-3450dc6bb7ae",
        "type": "message",
        "text": "exactly!! like the rough time we're going through right now LOL",
        "user": "U010LRKMSKX",
        "ts": "1586536816.029900",
        "team": "T0105GKDN1H",
        "user_team": "T0105GKDN1H",
        "source_team": "T0105GKDN1H",
        "user_profile": {
            "avatar_hash": "ae27f99c40c3",
            "image_72": "https:\/\/avatars.slack-edge.com\/2020-03-23\/1022872147895_ae27f99c40c3c34dd86b_72.jpg",
            "first_name": "",
            "real_name": "Yssabel Pangilinan",
            "display_name": "Yssabel Pangilinan",
            "team": "T0105GKDN1H",
            "name": "yssabelpangilinan",
            "is_restricted": false,
            "is_ultra_restricted": false
        },
        "blocks": [
            {
                "type": "rich_text",
                "block_id": "qac9",
                "elements": [
                    {
                        "type": "rich_text_section",
                        "elements": [
                            {
                                "type": "text",
                                "text": "exactly!! like the rough time we're going through right now LOL"
                            }
                        ]
                    }
                ]
            }
        ],
        "reactions": [
            {
                "name": "+1",
                "users": [
                    "U010L2Z8M7F",
                    "U010Y90H4T0"
                ],
                "count": 2
            }
        ]
    },
    {
        "client_msg_id": "a3b38bf3-34e0-4e19-aa50-d7c7e9b363b1",
        "type": "message",
        "text": "The Cure. Going old school lately!",
        "user": "U010AJPBC3B",
        "ts": "1586536901.030800",
        "team": "T0105GKDN1H",
        "user_team": "T0105GKDN1H",
        "source_team": "T0105GKDN1H",
        "user_profile": {
            "avatar_hash": "a7accc11904a",
            "image_72": "https:\/\/avatars.slack-edge.com\/2020-03-31\/1039823854836_a7accc11904a7e79e199_72.png",
            "first_name": "Krista",
            "real_name": "Krista Clarke",
            "display_name": "Krista C",
            "team": "T0105GKDN1H",
            "name": "kristaclarke82",
            "is_restricted": false,
            "is_ultra_restricted": false
        },
        "blocks": [
            {
                "type": "rich_text",
                "block_id": "JEVn",
                "elements": [
                    {
                        "type": "rich_text_section",
                        "elements": [
                            {
                                "type": "text",
                                "text": "The Cure. Going old school lately!"
                            }
                        ]
                    }
                ]
            }
        ],
        "thread_ts": "1586536901.030800",
        "reply_count": 2,
        "reply_users_count": 2,
        "latest_reply": "1586543296.036300",
        "reply_users": [
            "U010L2Z8M7F",
            "U010AJPBC3B"
        ],
        "replies": [
            {
                "user": "U010L2Z8M7F",
                "ts": "1586539097.031900"
            },
            {
                "user": "U010AJPBC3B",
                "ts": "1586543296.036300"
            }
        ],
        "subscribed": false,
        "reactions": [
            {
                "name": "heart",
                "users": [
                    "U010L2Z8M7F",
                    "U010Y90H4T0"
                ],
                "count": 2
            }
        ]
    },
    {
        "client_msg_id": "f9feb176-50ef-48fc-8f04-daab47fc9e51",
        "type": "message",
        "text": "anyone an \"essential worker\"?",
        "user": "U0109GZP6HH",
        "ts": "1586538981.031100",
        "team": "T0105GKDN1H",
        "user_team": "T0105GKDN1H",
        "source_team": "T0105GKDN1H",
        "user_profile": {
            "avatar_hash": "dcfd7b601289",
            "image_72": "https:\/\/avatars.slack-edge.com\/2020-03-27\/1034775747879_dcfd7b601289e2bf7f73_72.jpg",
            "first_name": "",
            "real_name": "Jessica Vaiana-Cavanagh",
            "display_name": "Jessica Vaiana-Cavanagh",
            "team": "T0105GKDN1H",
            "name": "jessica.vaicav",
            "is_restricted": false,
            "is_ultra_restricted": false
        },
        "blocks": [
            {
                "type": "rich_text",
                "block_id": "7O2q",
                "elements": [
                    {
                        "type": "rich_text_section",
                        "elements": [
                            {
                                "type": "text",
                                "text": "anyone an \"essential worker\"?"
                            }
                        ]
                    }
                ]
            }
        ]
    },
    {
        "client_msg_id": "31cce296-7064-47ad-b2eb-1a664b7bd019",
        "type": "message",
        "text": "Haha! I did Bauhaus. xDDD",
        "user": "U010L2Z8M7F",
        "ts": "1586539097.031900",
        "team": "T0105GKDN1H",
        "user_team": "T0105GKDN1H",
        "source_team": "T0105GKDN1H",
        "user_profile": {
            "avatar_hash": "d530d6a49334",
            "image_72": "https:\/\/avatars.slack-edge.com\/2020-03-23\/1010225799969_d530d6a493349354556a_72.jpg",
            "first_name": "",
            "real_name": "Mark Fullton",
            "display_name": "Mark Fullton",
            "team": "T0105GKDN1H",
            "name": "the.mark.fullton",
            "is_restricted": false,
            "is_ultra_restricted": false
        },
        "blocks": [
            {
                "type": "rich_text",
                "block_id": "jEV",
                "elements": [
                    {
                        "type": "rich_text_section",
                        "elements": [
                            {
                                "type": "text",
                                "text": "Haha! I did Bauhaus. xDDD"
                            }
                        ]
                    }
                ]
            }
        ],
        "thread_ts": "1586536901.030800",
        "parent_user_id": "U010AJPBC3B"
    },
    {
        "client_msg_id": "AB5554C8-0BC3-4F93-972C-57F06ED748F7",
        "type": "message",
        "text": "Yeah",
        "user": "U010HBPMX5G",
        "ts": "1586539116.032300",
        "team": "T0105GKDN1H",
        "user_team": "T0105GKDN1H",
        "source_team": "T0105GKDN1H",
        "user_profile": {
            "avatar_hash": "5cb5349df106",
            "image_72": "https:\/\/avatars.slack-edge.com\/2020-03-28\/1032931059492_5cb5349df1060e2e509d_72.png",
            "first_name": "Jeremy",
            "real_name": "Jeremy Pena",
            "display_name": "Jeremy Pena",
            "team": "T0105GKDN1H",
            "name": "jpena.boots",
            "is_restricted": false,
            "is_ultra_restricted": false
        },
        "blocks": [
            {
                "type": "rich_text",
                "block_id": "s30",
                "elements": [
                    {
                        "type": "rich_text_section",
                        "elements": [
                            {
                                "type": "text",
                                "text": "Yeah"
                            }
                        ]
                    }
                ]
            }
        ],
        "reactions": [
            {
                "name": "open_mouth",
                "users": [
                    "U010L2Z8M7F"
                ],
                "count": 1
            },
            {
                "name": "star2",
                "users": [
                    "U010Y90H4T0"
                ],
                "count": 1
            }
        ]
    },
    {
        "client_msg_id": "3A59ACDF-5186-45D5-B8C7-122746360B5C",
        "type": "message",
        "text": "Or that’s what they keep telling me ",
        "user": "U010HBPMX5G",
        "ts": "1586539135.032700",
        "team": "T0105GKDN1H",
        "user_team": "T0105GKDN1H",
        "source_team": "T0105GKDN1H",
        "user_profile": {
            "avatar_hash": "5cb5349df106",
            "image_72": "https:\/\/avatars.slack-edge.com\/2020-03-28\/1032931059492_5cb5349df1060e2e509d_72.png",
            "first_name": "Jeremy",
            "real_name": "Jeremy Pena",
            "display_name": "Jeremy Pena",
            "team": "T0105GKDN1H",
            "name": "jpena.boots",
            "is_restricted": false,
            "is_ultra_restricted": false
        },
        "blocks": [
            {
                "type": "rich_text",
                "block_id": "zxNR",
                "elements": [
                    {
                        "type": "rich_text_section",
                        "elements": [
                            {
                                "type": "text",
                                "text": "Or that’s what they keep telling me "
                            }
                        ]
                    }
                ]
            }
        ],
        "reactions": [
            {
                "name": "joy",
                "users": [
                    "U010LRKMSKX",
                    "U010LUDNEJU",
                    "U010AJPBC3B"
                ],
                "count": 3
            }
        ]
    },
    {
        "client_msg_id": "a451aa46-452c-438b-8911-5e8669a94a33",
        "type": "message",
        "text": "Ooo! Good choice!",
        "user": "U010L2Z8M7F",
        "ts": "1586539168.032800",
        "team": "T0105GKDN1H",
        "user_team": "T0105GKDN1H",
        "source_team": "T0105GKDN1H",
        "user_profile": {
            "avatar_hash": "d530d6a49334",
            "image_72": "https:\/\/avatars.slack-edge.com\/2020-03-23\/1010225799969_d530d6a493349354556a_72.jpg",
            "first_name": "",
            "real_name": "Mark Fullton",
            "display_name": "Mark Fullton",
            "team": "T0105GKDN1H",
            "name": "the.mark.fullton",
            "is_restricted": false,
            "is_ultra_restricted": false
        },
        "blocks": [
            {
                "type": "rich_text",
                "block_id": "m=p",
                "elements": [
                    {
                        "type": "rich_text_section",
                        "elements": [
                            {
                                "type": "text",
                                "text": "Ooo! Good choice!"
                            }
                        ]
                    }
                ]
            }
        ],
        "thread_ts": "1586536757.028800",
        "parent_user_id": "U010LRKMSKX"
    },
    {
        "client_msg_id": "354a579e-4d4d-46c9-9c0c-d84c6a2722a1",
        "type": "message",
        "text": "Oh man. I'd never heard of them before, but listening to them now--this is my jam, dude!",
        "user": "U010L2Z8M7F",
        "ts": "1586539212.033000",
        "team": "T0105GKDN1H",
        "user_team": "T0105GKDN1H",
        "source_team": "T0105GKDN1H",
        "user_profile": {
            "avatar_hash": "d530d6a49334",
            "image_72": "https:\/\/avatars.slack-edge.com\/2020-03-23\/1010225799969_d530d6a493349354556a_72.jpg",
            "first_name": "",
            "real_name": "Mark Fullton",
            "display_name": "Mark Fullton",
            "team": "T0105GKDN1H",
            "name": "the.mark.fullton",
            "is_restricted": false,
            "is_ultra_restricted": false
        },
        "blocks": [
            {
                "type": "rich_text",
                "block_id": "moF=",
                "elements": [
                    {
                        "type": "rich_text_section",
                        "elements": [
                            {
                                "type": "text",
                                "text": "Oh man. I'd never heard of them before, but listening to them now--this is my jam, dude!"
                            }
                        ]
                    }
                ]
            }
        ],
        "thread_ts": "1586536602.028000",
        "parent_user_id": "U010LUDNEJU",
        "reactions": [
            {
                "name": "the_horns",
                "users": [
                    "U010LUDNEJU"
                ],
                "count": 1
            }
        ]
    },
    {
        "client_msg_id": "d6a8b134-dfab-434d-9e4f-10a677317c6f",
        "type": "message",
        "text": "Oh man. That Rumors album tho.\n\n...And just all their work, really.",
        "user": "U010L2Z8M7F",
        "ts": "1586539376.033200",
        "team": "T0105GKDN1H",
        "user_team": "T0105GKDN1H",
        "source_team": "T0105GKDN1H",
        "user_profile": {
            "avatar_hash": "d530d6a49334",
            "image_72": "https:\/\/avatars.slack-edge.com\/2020-03-23\/1010225799969_d530d6a493349354556a_72.jpg",
            "first_name": "",
            "real_name": "Mark Fullton",
            "display_name": "Mark Fullton",
            "team": "T0105GKDN1H",
            "name": "the.mark.fullton",
            "is_restricted": false,
            "is_ultra_restricted": false
        },
        "blocks": [
            {
                "type": "rich_text",
                "block_id": "bOT79",
                "elements": [
                    {
                        "type": "rich_text_section",
                        "elements": [
                            {
                                "type": "text",
                                "text": "Oh man. That Rumors album tho.\n\n...And just all their work, really."
                            }
                        ]
                    }
                ]
            }
        ],
        "thread_ts": "1586536557.027000",
        "parent_user_id": "U0109GZP6HH"
    },
    {
        "client_msg_id": "e035dbe6-4751-4f32-995c-a87a7829ff0b",
        "type": "message",
        "text": "my husband's boss isn't taking things seriously, so Jer is still going in to work 3x a week.. half days, but still, it's crazy",
        "user": "U010AJPBC3B",
        "ts": "1586542898.034200",
        "team": "T0105GKDN1H",
        "user_team": "T0105GKDN1H",
        "source_team": "T0105GKDN1H",
        "user_profile": {
            "avatar_hash": "a7accc11904a",
            "image_72": "https:\/\/avatars.slack-edge.com\/2020-03-31\/1039823854836_a7accc11904a7e79e199_72.png",
            "first_name": "Krista",
            "real_name": "Krista Clarke",
            "display_name": "Krista C",
            "team": "T0105GKDN1H",
            "name": "kristaclarke82",
            "is_restricted": false,
            "is_ultra_restricted": false
        },
        "blocks": [
            {
                "type": "rich_text",
                "block_id": "d4dK",
                "elements": [
                    {
                        "type": "rich_text_section",
                        "elements": [
                            {
                                "type": "text",
                                "text": "my husband's boss isn't taking things seriously, so Jer is still going in to work 3x a week.. half days, but still, it's crazy"
                            }
                        ]
                    }
                ]
            }
        ],
        "reactions": [
            {
                "name": "open_mouth",
                "users": [
                    "U010L2Z8M7F"
                ],
                "count": 1
            }
        ]
    },
    {
        "client_msg_id": "4171a090-3946-4fe8-b44e-22f05edba04a",
        "type": "message",
        "text": "me but still dont know why planes are essential right now in this time of travel restrictions lol &amp; STS9 (if theres any other jam \/ electronic fans out there)",
        "user": "U010M34SKMK",
        "ts": "1586543055.036200",
        "team": "T0105GKDN1H",
        "user_team": "T0105GKDN1H",
        "source_team": "T0105GKDN1H",
        "user_profile": {
            "avatar_hash": "0122aab1c9b1",
            "image_72": "https:\/\/avatars.slack-edge.com\/2020-03-23\/1009660365315_0122aab1c9b12475e96c_72.jpg",
            "first_name": "",
            "real_name": "Caroline Lester",
            "display_name": "Caroline Lester",
            "team": "T0105GKDN1H",
            "name": "carolineclester",
            "is_restricted": false,
            "is_ultra_restricted": false
        },
        "blocks": [
            {
                "type": "rich_text",
                "block_id": "7FRWQ",
                "elements": [
                    {
                        "type": "rich_text_section",
                        "elements": [
                            {
                                "type": "text",
                                "text": "me but still dont know why planes are essential right now in this time of travel restrictions lol & STS9 (if theres any other jam \/ electronic fans out there)"
                            }
                        ]
                    }
                ]
            }
        ],
        "reactions": [
            {
                "name": "open_mouth",
                "users": [
                    "U010L2Z8M7F"
                ],
                "count": 1
            }
        ]
    },
    {
        "client_msg_id": "0d92ea7d-9093-4e57-b8c3-71a3913a2589",
        "type": "message",
        "text": "Nice!! lately I keep going back to the Cure, Depeche Mode, Duran Duran, then I switch to stuff like Front 242, Rammstein and Assemblage 23. Turns out I can really focus on coding when I'm listening to industrial :grin:",
        "user": "U010AJPBC3B",
        "ts": "1586543296.036300",
        "team": "T0105GKDN1H",
        "user_team": "T0105GKDN1H",
        "source_team": "T0105GKDN1H",
        "user_profile": {
            "avatar_hash": "a7accc11904a",
            "image_72": "https:\/\/avatars.slack-edge.com\/2020-03-31\/1039823854836_a7accc11904a7e79e199_72.png",
            "first_name": "Krista",
            "real_name": "Krista Clarke",
            "display_name": "Krista C",
            "team": "T0105GKDN1H",
            "name": "kristaclarke82",
            "is_restricted": false,
            "is_ultra_restricted": false
        },
        "blocks": [
            {
                "type": "rich_text",
                "block_id": "eQW44",
                "elements": [
                    {
                        "type": "rich_text_section",
                        "elements": [
                            {
                                "type": "text",
                                "text": "Nice!! lately I keep going back to the Cure, Depeche Mode, Duran Duran, then I switch to stuff like Front 242, Rammstein and Assemblage 23. Turns out I can really focus on coding when I'm listening to industrial "
                            },
                            {
                                "type": "emoji",
                                "name": "grin"
                            }
                        ]
                    }
                ]
            }
        ],
        "thread_ts": "1586536901.030800",
        "parent_user_id": "U010AJPBC3B",
        "reactions": [
            {
                "name": "heart",
                "users": [
                    "U010L2Z8M7F"
                ],
                "count": 1
            }
        ]
    },
    {
        "client_msg_id": "4ae8655c-cbd0-4d91-8ef7-c7f310a075c5",
        "type": "message",
        "text": "isnt it fun? I do sales for an appliance, HVAC repair company and we're still in action",
        "user": "U0109GZP6HH",
        "ts": "1586544380.037300",
        "team": "T0105GKDN1H",
        "user_team": "T0105GKDN1H",
        "source_team": "T0105GKDN1H",
        "user_profile": {
            "avatar_hash": "dcfd7b601289",
            "image_72": "https:\/\/avatars.slack-edge.com\/2020-03-27\/1034775747879_dcfd7b601289e2bf7f73_72.jpg",
            "first_name": "",
            "real_name": "Jessica Vaiana-Cavanagh",
            "display_name": "Jessica Vaiana-Cavanagh",
            "team": "T0105GKDN1H",
            "name": "jessica.vaicav",
            "is_restricted": false,
            "is_ultra_restricted": false
        },
        "blocks": [
            {
                "type": "rich_text",
                "block_id": "td22",
                "elements": [
                    {
                        "type": "rich_text_section",
                        "elements": [
                            {
                                "type": "text",
                                "text": "isnt it fun? I do sales for an appliance, HVAC repair company and we're still in action"
                            }
                        ]
                    }
                ]
            }
        ],
        "reactions": [
            {
                "name": "open_mouth",
                "users": [
                    "U010L2Z8M7F"
                ],
                "count": 1
            }
        ]
    },
    {
        "client_msg_id": "9934ac66-d93d-4d97-9936-2ba6d56777ad",
        "type": "message",
        "text": "how have ya'll been balancing still working and doing this bootcamp?",
        "user": "U0109GZP6HH",
        "ts": "1586545040.038000",
        "team": "T0105GKDN1H",
        "user_team": "T0105GKDN1H",
        "source_team": "T0105GKDN1H",
        "user_profile": {
            "avatar_hash": "dcfd7b601289",
            "image_72": "https:\/\/avatars.slack-edge.com\/2020-03-27\/1034775747879_dcfd7b601289e2bf7f73_72.jpg",
            "first_name": "",
            "real_name": "Jessica Vaiana-Cavanagh",
            "display_name": "Jessica Vaiana-Cavanagh",
            "team": "T0105GKDN1H",
            "name": "jessica.vaicav",
            "is_restricted": false,
            "is_ultra_restricted": false
        },
        "blocks": [
            {
                "type": "rich_text",
                "block_id": "FEb",
                "elements": [
                    {
                        "type": "rich_text_section",
                        "elements": [
                            {
                                "type": "text",
                                "text": "how have ya'll been balancing still working and doing this bootcamp?"
                            }
                        ]
                    }
                ]
            }
        ],
        "reactions": [
            {
                "name": "coffee",
                "users": [
                    "U010Y90H4T0"
                ],
                "count": 1
            }
        ]
    },
    {
        "client_msg_id": "cf39b184-952f-47f3-8e5e-90672968b770",
        "type": "message",
        "text": "I'm behind on all my cleaning and stuff... ugh",
        "user": "U010AJPBC3B",
        "ts": "1586545153.039500",
        "team": "T0105GKDN1H",
        "user_team": "T0105GKDN1H",
        "source_team": "T0105GKDN1H",
        "user_profile": {
            "avatar_hash": "a7accc11904a",
            "image_72": "https:\/\/avatars.slack-edge.com\/2020-03-31\/1039823854836_a7accc11904a7e79e199_72.png",
            "first_name": "Krista",
            "real_name": "Krista Clarke",
            "display_name": "Krista C",
            "team": "T0105GKDN1H",
            "name": "kristaclarke82",
            "is_restricted": false,
            "is_ultra_restricted": false
        },
        "blocks": [
            {
                "type": "rich_text",
                "block_id": "lZTev",
                "elements": [
                    {
                        "type": "rich_text_section",
                        "elements": [
                            {
                                "type": "text",
                                "text": "I'm behind on all my cleaning and stuff... ugh"
                            }
                        ]
                    }
                ]
            }
        ]
    },
    {
        "client_msg_id": "28ede5cf-662a-47cc-abc6-5d686ae0dd40",
        "type": "message",
        "text": "IMHO, the only members that matter are Mick Fleetwood, John McVie, Christine McVie, Lindsey Buckingham, and Stevie Nicks. Anyone before or after is not REALLY Fleetwood Mac",
        "user": "U0109GZP6HH",
        "ts": "1586546935.041500",
        "team": "T0105GKDN1H",
        "user_team": "T0105GKDN1H",
        "source_team": "T0105GKDN1H",
        "user_profile": {
            "avatar_hash": "dcfd7b601289",
            "image_72": "https:\/\/avatars.slack-edge.com\/2020-03-27\/1034775747879_dcfd7b601289e2bf7f73_72.jpg",
            "first_name": "",
            "real_name": "Jessica Vaiana-Cavanagh",
            "display_name": "Jessica Vaiana-Cavanagh",
            "team": "T0105GKDN1H",
            "name": "jessica.vaicav",
            "is_restricted": false,
            "is_ultra_restricted": false
        },
        "blocks": [
            {
                "type": "rich_text",
                "block_id": "oy+pM",
                "elements": [
                    {
                        "type": "rich_text_section",
                        "elements": [
                            {
                                "type": "text",
                                "text": "IMHO, the only members that matter are Mick Fleetwood, John McVie, Christine McVie, Lindsey Buckingham, and Stevie Nicks. Anyone before or after is not REALLY Fleetwood Mac"
                            }
                        ]
                    }
                ]
            }
        ],
        "thread_ts": "1586536557.027000",
        "parent_user_id": "U0109GZP6HH"
    },
    {
        "client_msg_id": "a919d08a-a282-457d-b980-2713e5fe2b8f",
        "type": "message",
        "text": "Rumors is easily their greatest album. The live sessions are even better. You can hear their anger. It's beautiful",
        "user": "U0109GZP6HH",
        "ts": "1586546962.041700",
        "team": "T0105GKDN1H",
        "user_team": "T0105GKDN1H",
        "source_team": "T0105GKDN1H",
        "user_profile": {
            "avatar_hash": "dcfd7b601289",
            "image_72": "https:\/\/avatars.slack-edge.com\/2020-03-27\/1034775747879_dcfd7b601289e2bf7f73_72.jpg",
            "first_name": "",
            "real_name": "Jessica Vaiana-Cavanagh",
            "display_name": "Jessica Vaiana-Cavanagh",
            "team": "T0105GKDN1H",
            "name": "jessica.vaicav",
            "is_restricted": false,
            "is_ultra_restricted": false
        },
        "blocks": [
            {
                "type": "rich_text",
                "block_id": "L0Gi",
                "elements": [
                    {
                        "type": "rich_text_section",
                        "elements": [
                            {
                                "type": "text",
                                "text": "Rumors is easily their greatest album. The live sessions are even better. You can hear their anger. It's beautiful"
                            }
                        ]
                    }
                ]
            }
        ],
        "thread_ts": "1586536557.027000",
        "parent_user_id": "U0109GZP6HH"
    },
    {
        "client_msg_id": "1532c97e-6882-4a05-9e4b-0326cfb6047c",
        "type": "message",
        "text": "The Extrangers",
        "user": "U010LJKUX44",
        "ts": "1586574494.043800",
        "team": "T0105GKDN1H",
        "user_team": "T0105GKDN1H",
        "source_team": "T0105GKDN1H",
        "user_profile": {
            "avatar_hash": "76dca6aade71",
            "image_72": "https:\/\/avatars.slack-edge.com\/2020-03-23\/1022739361382_76dca6aade71042586a7_72.png",
            "first_name": "",
            "real_name": "Hazel Kasusky",
            "display_name": "Hazel Kasusky",
            "team": "T0105GKDN1H",
            "name": "kasusky.music",
            "is_restricted": false,
            "is_ultra_restricted": false
        },
        "blocks": [
            {
                "type": "rich_text",
                "block_id": "P29",
                "elements": [
                    {
                        "type": "rich_text_section",
                        "elements": [
                            {
                                "type": "text",
                                "text": "The Extrangers"
                            }
                        ]
                    }
                ]
            }
        ],
        "thread_ts": "1586574494.043800",
        "reply_count": 1,
        "reply_users_count": 1,
        "latest_reply": "1586614655.044300",
        "reply_users": [
            "U010L2Z8M7F"
        ],
        "replies": [
            {
                "user": "U010L2Z8M7F",
                "ts": "1586614655.044300"
            }
        ],
        "subscribed": false,
        "reactions": [
            {
                "name": "heart",
                "users": [
                    "U010L2Z8M7F"
                ],
                "count": 1
            }
        ]
    }
]