[
    {
        "client_msg_id": "f85550a3-679b-4c45-a5be-3224a290c966",
        "type": "message",
        "text": ":wave: I’m here! What’d I miss?",
        "user": "U010Z0MUSN4",
        "ts": "1585383796.022000",
        "team": "T0105GKDN1H",
        "user_team": "T0105GKDN1H",
        "source_team": "T0105GKDN1H",
        "user_profile": {
            "avatar_hash": "g07c56cb5199",
            "image_72": "https:\/\/secure.gravatar.com\/avatar\/07c56cb5199d21b2c0b096b66e7d0fed.jpg?s=72&d=https%3A%2F%2Fa.slack-edge.com%2Fdf10d%2Fimg%2Favatars%2Fava_0002-72.png",
            "first_name": "",
            "real_name": "Bongani Moyo",
            "display_name": "Bongani Moyo",
            "team": "T0105GKDN1H",
            "name": "bngnmoyo",
            "is_restricted": false,
            "is_ultra_restricted": false
        },
        "blocks": [
            {
                "type": "rich_text",
                "block_id": "sgzEe",
                "elements": [
                    {
                        "type": "rich_text_section",
                        "elements": [
                            {
                                "type": "emoji",
                                "name": "wave"
                            },
                            {
                                "type": "text",
                                "text": " I’m here! What’d I miss?"
                            }
                        ]
                    }
                ]
            }
        ]
    },
    {
        "client_msg_id": "b7a2405e-72fa-439a-b8fe-9d302c906840",
        "type": "message",
        "text": "are we getting a new zoom invite before every class?",
        "user": "U010AFPTJP3",
        "ts": "1585414151.022500",
        "team": "T0105GKDN1H",
        "user_team": "T0105GKDN1H",
        "source_team": "T0105GKDN1H",
        "user_profile": {
            "avatar_hash": "69861d17cd07",
            "image_72": "https:\/\/avatars.slack-edge.com\/2020-03-23\/1020633507168_69861d17cd0737018148_72.jpg",
            "first_name": "Michael",
            "real_name": "Michael Solorzano",
            "display_name": "Michael Solorzano",
            "team": "T0105GKDN1H",
            "name": "imsolo90",
            "is_restricted": false,
            "is_ultra_restricted": false
        },
        "blocks": [
            {
                "type": "rich_text",
                "block_id": "PebDl",
                "elements": [
                    {
                        "type": "rich_text_section",
                        "elements": [
                            {
                                "type": "text",
                                "text": "are we getting a new zoom invite before every class?"
                            }
                        ]
                    }
                ]
            }
        ],
        "thread_ts": "1585414151.022500",
        "reply_count": 1,
        "reply_users_count": 1,
        "latest_reply": "1585414207.023200",
        "reply_users": [
            "U010ACLHD0R"
        ],
        "replies": [
            {
                "user": "U010ACLHD0R",
                "ts": "1585414207.023200"
            }
        ],
        "subscribed": false
    },
    {
        "client_msg_id": "9e8b6367-5e4c-4ff2-a98b-6a222ab1edf1",
        "type": "message",
        "text": "its in <#C010P6R3XG9|class-week-0>",
        "user": "U0109GZP6HH",
        "ts": "1585414188.022800",
        "team": "T0105GKDN1H",
        "user_team": "T0105GKDN1H",
        "source_team": "T0105GKDN1H",
        "user_profile": {
            "avatar_hash": "dcfd7b601289",
            "image_72": "https:\/\/avatars.slack-edge.com\/2020-03-27\/1034775747879_dcfd7b601289e2bf7f73_72.jpg",
            "first_name": "",
            "real_name": "Jessica Vaiana-Cavanagh",
            "display_name": "Jessica Vaiana-Cavanagh",
            "team": "T0105GKDN1H",
            "name": "jessica.vaicav",
            "is_restricted": false,
            "is_ultra_restricted": false
        },
        "blocks": [
            {
                "type": "rich_text",
                "block_id": "t=68",
                "elements": [
                    {
                        "type": "rich_text_section",
                        "elements": [
                            {
                                "type": "text",
                                "text": "its in "
                            },
                            {
                                "type": "channel",
                                "channel_id": "C010P6R3XG9"
                            }
                        ]
                    }
                ]
            }
        ]
    },
    {
        "client_msg_id": "326d07e6-a25f-4044-b8e5-be3c7d47a939",
        "type": "message",
        "text": "Thanks!",
        "user": "U010AFPTJP3",
        "ts": "1585414207.023100",
        "team": "T0105GKDN1H",
        "user_team": "T0105GKDN1H",
        "source_team": "T0105GKDN1H",
        "user_profile": {
            "avatar_hash": "69861d17cd07",
            "image_72": "https:\/\/avatars.slack-edge.com\/2020-03-23\/1020633507168_69861d17cd0737018148_72.jpg",
            "first_name": "Michael",
            "real_name": "Michael Solorzano",
            "display_name": "Michael Solorzano",
            "team": "T0105GKDN1H",
            "name": "imsolo90",
            "is_restricted": false,
            "is_ultra_restricted": false
        },
        "blocks": [
            {
                "type": "rich_text",
                "block_id": "Jnr",
                "elements": [
                    {
                        "type": "rich_text_section",
                        "elements": [
                            {
                                "type": "text",
                                "text": "Thanks!"
                            }
                        ]
                    }
                ]
            }
        ]
    },
    {
        "client_msg_id": "397db398-c35b-4cbe-a382-07e58229d855",
        "type": "message",
        "text": "Hey Michael, you can meet us here <https:\/\/zoom.us\/j\/823356662>",
        "user": "U010ACLHD0R",
        "ts": "1585414207.023200",
        "team": "T0105GKDN1H",
        "user_team": "T0105GKDN1H",
        "source_team": "T0105GKDN1H",
        "user_profile": {
            "avatar_hash": "8c72eaca43ae",
            "image_72": "https:\/\/avatars.slack-edge.com\/2020-03-23\/1009675401811_8c72eaca43ae720843dc_72.png",
            "first_name": "Matthew",
            "real_name": "Matthew Bub",
            "display_name": "Matthew Bub",
            "team": "T0105GKDN1H",
            "name": "6matbub",
            "is_restricted": false,
            "is_ultra_restricted": false
        },
        "blocks": [
            {
                "type": "rich_text",
                "block_id": "=bU",
                "elements": [
                    {
                        "type": "rich_text_section",
                        "elements": [
                            {
                                "type": "text",
                                "text": "Hey Michael, you can meet us here "
                            },
                            {
                                "type": "link",
                                "url": "https:\/\/zoom.us\/j\/823356662"
                            }
                        ]
                    }
                ]
            }
        ],
        "thread_ts": "1585414151.022500",
        "parent_user_id": "U010AFPTJP3"
    },
    {
        "client_msg_id": "f916743e-f758-4cf4-a945-84c3b0295b4c",
        "type": "message",
        "text": "i'm assuming they'll add a week as we go",
        "user": "U0109GZP6HH",
        "ts": "1585414212.023500",
        "team": "T0105GKDN1H",
        "user_team": "T0105GKDN1H",
        "source_team": "T0105GKDN1H",
        "user_profile": {
            "avatar_hash": "dcfd7b601289",
            "image_72": "https:\/\/avatars.slack-edge.com\/2020-03-27\/1034775747879_dcfd7b601289e2bf7f73_72.jpg",
            "first_name": "",
            "real_name": "Jessica Vaiana-Cavanagh",
            "display_name": "Jessica Vaiana-Cavanagh",
            "team": "T0105GKDN1H",
            "name": "jessica.vaicav",
            "is_restricted": false,
            "is_ultra_restricted": false
        },
        "blocks": [
            {
                "type": "rich_text",
                "block_id": "CAq",
                "elements": [
                    {
                        "type": "rich_text_section",
                        "elements": [
                            {
                                "type": "text",
                                "text": "i'm assuming they'll add a week as we go"
                            }
                        ]
                    }
                ]
            }
        ]
    },
    {
        "client_msg_id": "09e421ff-b94b-47fb-b040-68816382b3ec",
        "type": "message",
        "text": "Class <!channel> <https:\/\/zoom.us\/j\/823356662>",
        "user": "U010H0ZEZJL",
        "ts": "1585414423.024200",
        "team": "T0105GKDN1H",
        "user_team": "T0105GKDN1H",
        "source_team": "T0105GKDN1H",
        "user_profile": {
            "avatar_hash": "55214de1ed85",
            "image_72": "https:\/\/avatars.slack-edge.com\/2020-03-23\/1019499947508_55214de1ed85b10c7784_72.jpg",
            "first_name": "",
            "real_name": "Jeff Susmarski",
            "display_name": "Jeff Susmarski",
            "team": "T0105GKDN1H",
            "name": "jsusmarski",
            "is_restricted": false,
            "is_ultra_restricted": false
        },
        "blocks": [
            {
                "type": "rich_text",
                "block_id": "Rfd",
                "elements": [
                    {
                        "type": "rich_text_section",
                        "elements": [
                            {
                                "type": "text",
                                "text": "Class "
                            },
                            {
                                "type": "broadcast",
                                "range": "channel"
                            },
                            {
                                "type": "text",
                                "text": " "
                            },
                            {
                                "type": "link",
                                "url": "https:\/\/zoom.us\/j\/823356662"
                            }
                        ]
                    }
                ]
            }
        ]
    },
    {
        "client_msg_id": "4270b671-b00e-4eff-9ce4-029ab2c08ea6",
        "type": "message",
        "text": "Loving the intros guys!",
        "user": "U010APCDU9F",
        "ts": "1585416677.024700",
        "team": "T0105GKDN1H",
        "user_team": "T0105GKDN1H",
        "source_team": "T0105GKDN1H",
        "user_profile": {
            "avatar_hash": "d44fbe708fa1",
            "image_72": "https:\/\/avatars.slack-edge.com\/2020-03-23\/1020879238357_d44fbe708fa1409cd3b9_72.jpg",
            "first_name": "",
            "real_name": "Eric Z",
            "display_name": "Eric Z",
            "team": "T0105GKDN1H",
            "name": "swissbizz88",
            "is_restricted": false,
            "is_ultra_restricted": false
        },
        "blocks": [
            {
                "type": "rich_text",
                "block_id": "ARusA",
                "elements": [
                    {
                        "type": "rich_text_section",
                        "elements": [
                            {
                                "type": "text",
                                "text": "Loving the intros guys!"
                            }
                        ]
                    }
                ]
            }
        ],
        "reactions": [
            {
                "name": "+1",
                "users": [
                    "U010Y90H4T0"
                ],
                "count": 1
            }
        ]
    },
    {
        "client_msg_id": "b9fa4b69-81ec-429e-bf29-2a5fe0f5985b",
        "type": "message",
        "text": "Y'all seem like fun people! :smile:",
        "user": "U010APCDU9F",
        "ts": "1585416683.025000",
        "team": "T0105GKDN1H",
        "user_team": "T0105GKDN1H",
        "source_team": "T0105GKDN1H",
        "user_profile": {
            "avatar_hash": "d44fbe708fa1",
            "image_72": "https:\/\/avatars.slack-edge.com\/2020-03-23\/1020879238357_d44fbe708fa1409cd3b9_72.jpg",
            "first_name": "",
            "real_name": "Eric Z",
            "display_name": "Eric Z",
            "team": "T0105GKDN1H",
            "name": "swissbizz88",
            "is_restricted": false,
            "is_ultra_restricted": false
        },
        "blocks": [
            {
                "type": "rich_text",
                "block_id": "gxK",
                "elements": [
                    {
                        "type": "rich_text_section",
                        "elements": [
                            {
                                "type": "text",
                                "text": "Y'all seem like fun people! "
                            },
                            {
                                "type": "emoji",
                                "name": "smile"
                            }
                        ]
                    }
                ]
            }
        ]
    },
    {
        "client_msg_id": "19ccedee-a3c4-4703-9d12-f72faa518920",
        "type": "message",
        "text": "(wait that sounded sarcastic, that was not sarcastic sorry if it came off that way lol)",
        "user": "U010APCDU9F",
        "ts": "1585416705.025600",
        "team": "T0105GKDN1H",
        "user_team": "T0105GKDN1H",
        "source_team": "T0105GKDN1H",
        "user_profile": {
            "avatar_hash": "d44fbe708fa1",
            "image_72": "https:\/\/avatars.slack-edge.com\/2020-03-23\/1020879238357_d44fbe708fa1409cd3b9_72.jpg",
            "first_name": "",
            "real_name": "Eric Z",
            "display_name": "Eric Z",
            "team": "T0105GKDN1H",
            "name": "swissbizz88",
            "is_restricted": false,
            "is_ultra_restricted": false
        },
        "blocks": [
            {
                "type": "rich_text",
                "block_id": "dfN9",
                "elements": [
                    {
                        "type": "rich_text_section",
                        "elements": [
                            {
                                "type": "text",
                                "text": "(wait that sounded sarcastic, that was not sarcastic sorry if it came off that way lol)"
                            }
                        ]
                    }
                ]
            }
        ]
    },
    {
        "client_msg_id": "f65442df-055e-4b58-aa44-fb098826e329",
        "type": "message",
        "text": "Sorry we missed your beatboxing!",
        "user": "U010L2Z8M7F",
        "ts": "1585416710.025700",
        "team": "T0105GKDN1H",
        "user_team": "T0105GKDN1H",
        "source_team": "T0105GKDN1H",
        "user_profile": {
            "avatar_hash": "d530d6a49334",
            "image_72": "https:\/\/avatars.slack-edge.com\/2020-03-23\/1010225799969_d530d6a493349354556a_72.jpg",
            "first_name": "",
            "real_name": "Mark Fullton",
            "display_name": "Mark Fullton",
            "team": "T0105GKDN1H",
            "name": "the.mark.fullton",
            "is_restricted": false,
            "is_ultra_restricted": false
        },
        "blocks": [
            {
                "type": "rich_text",
                "block_id": "8\/s6",
                "elements": [
                    {
                        "type": "rich_text_section",
                        "elements": [
                            {
                                "type": "text",
                                "text": "Sorry we missed your beatboxing!"
                            }
                        ]
                    }
                ]
            }
        ]
    },
    {
        "client_msg_id": "15467606-869e-47a7-9080-c2c4aafe2143",
        "type": "message",
        "text": "too late",
        "user": "U010LHWSG4U",
        "ts": "1585416713.025900",
        "team": "T0105GKDN1H",
        "user_team": "T0105GKDN1H",
        "source_team": "T0105GKDN1H",
        "user_profile": {
            "avatar_hash": "94c7660ade93",
            "image_72": "https:\/\/avatars.slack-edge.com\/2020-03-25\/1015453574355_94c7660ade93297788be_72.jpg",
            "first_name": "",
            "real_name": "Sandra Romero",
            "display_name": "Sandra Romero",
            "team": "T0105GKDN1H",
            "name": "sandymarieromero",
            "is_restricted": false,
            "is_ultra_restricted": false
        },
        "blocks": [
            {
                "type": "rich_text",
                "block_id": "qAbbP",
                "elements": [
                    {
                        "type": "rich_text_section",
                        "elements": [
                            {
                                "type": "text",
                                "text": "too late"
                            }
                        ]
                    }
                ]
            }
        ]
    },
    {
        "client_msg_id": "f48a9e5c-9fca-4fa9-8f36-15fbebb7022b",
        "type": "message",
        "text": "I can do an encore!",
        "user": "U010APCDU9F",
        "ts": "1585416721.026200",
        "team": "T0105GKDN1H",
        "user_team": "T0105GKDN1H",
        "source_team": "T0105GKDN1H",
        "user_profile": {
            "avatar_hash": "d44fbe708fa1",
            "image_72": "https:\/\/avatars.slack-edge.com\/2020-03-23\/1020879238357_d44fbe708fa1409cd3b9_72.jpg",
            "first_name": "",
            "real_name": "Eric Z",
            "display_name": "Eric Z",
            "team": "T0105GKDN1H",
            "name": "swissbizz88",
            "is_restricted": false,
            "is_ultra_restricted": false
        },
        "blocks": [
            {
                "type": "rich_text",
                "block_id": "fKK",
                "elements": [
                    {
                        "type": "rich_text_section",
                        "elements": [
                            {
                                "type": "text",
                                "text": "I can do an encore!"
                            }
                        ]
                    }
                ]
            }
        ],
        "reactions": [
            {
                "name": "exclamation",
                "users": [
                    "U010M0LB2V6"
                ],
                "count": 1
            },
            {
                "name": "smile",
                "users": [
                    "U010LEW4XPX"
                ],
                "count": 1
            }
        ]
    },
    {
        "client_msg_id": "0abcfe67-ec2d-4cab-9519-3ff71f757679",
        "type": "message",
        "text": ":stuck_out_tongue:",
        "user": "U010APCDU9F",
        "ts": "1585416725.026400",
        "team": "T0105GKDN1H",
        "user_team": "T0105GKDN1H",
        "source_team": "T0105GKDN1H",
        "user_profile": {
            "avatar_hash": "d44fbe708fa1",
            "image_72": "https:\/\/avatars.slack-edge.com\/2020-03-23\/1020879238357_d44fbe708fa1409cd3b9_72.jpg",
            "first_name": "",
            "real_name": "Eric Z",
            "display_name": "Eric Z",
            "team": "T0105GKDN1H",
            "name": "swissbizz88",
            "is_restricted": false,
            "is_ultra_restricted": false
        },
        "blocks": [
            {
                "type": "rich_text",
                "block_id": "zUX7C",
                "elements": [
                    {
                        "type": "rich_text_section",
                        "elements": [
                            {
                                "type": "emoji",
                                "name": "stuck_out_tongue"
                            }
                        ]
                    }
                ]
            }
        ]
    },
    {
        "client_msg_id": "84a32899-d373-4d5d-9a09-3ca0d6bacb28",
        "type": "message",
        "text": "I apparently crashed during my intro. Have no idea if any of it came through",
        "user": "U010AJPBC3B",
        "ts": "1585416760.026900",
        "team": "T0105GKDN1H",
        "user_team": "T0105GKDN1H",
        "source_team": "T0105GKDN1H",
        "user_profile": {
            "avatar_hash": "a7accc11904a",
            "image_72": "https:\/\/avatars.slack-edge.com\/2020-03-31\/1039823854836_a7accc11904a7e79e199_72.png",
            "first_name": "Krista",
            "real_name": "Krista Clarke",
            "display_name": "Krista C",
            "team": "T0105GKDN1H",
            "name": "kristaclarke82",
            "is_restricted": false,
            "is_ultra_restricted": false
        },
        "blocks": [
            {
                "type": "rich_text",
                "block_id": "lwx",
                "elements": [
                    {
                        "type": "rich_text_section",
                        "elements": [
                            {
                                "type": "text",
                                "text": "I apparently crashed during my intro. Have no idea if any of it came through"
                            }
                        ]
                    }
                ]
            }
        ]
    },
    {
        "client_msg_id": "32a55b4a-dd60-49dc-b26a-8978f3acdc35",
        "type": "message",
        "text": "Dude you rocked it!!!",
        "user": "U010APCDU9F",
        "ts": "1585416770.027100",
        "team": "T0105GKDN1H",
        "user_team": "T0105GKDN1H",
        "source_team": "T0105GKDN1H",
        "user_profile": {
            "avatar_hash": "d44fbe708fa1",
            "image_72": "https:\/\/avatars.slack-edge.com\/2020-03-23\/1020879238357_d44fbe708fa1409cd3b9_72.jpg",
            "first_name": "",
            "real_name": "Eric Z",
            "display_name": "Eric Z",
            "team": "T0105GKDN1H",
            "name": "swissbizz88",
            "is_restricted": false,
            "is_ultra_restricted": false
        },
        "blocks": [
            {
                "type": "rich_text",
                "block_id": "XSDRQ",
                "elements": [
                    {
                        "type": "rich_text_section",
                        "elements": [
                            {
                                "type": "text",
                                "text": "Dude you rocked it!!!"
                            }
                        ]
                    }
                ]
            }
        ]
    },
    {
        "client_msg_id": "960e121e-4317-4ca3-a622-0ce27e523735",
        "type": "message",
        "text": "I knew you'd like the Eagle Scout shout out LOL",
        "user": "U010AJPBC3B",
        "ts": "1585416802.027600",
        "team": "T0105GKDN1H",
        "user_team": "T0105GKDN1H",
        "source_team": "T0105GKDN1H",
        "user_profile": {
            "avatar_hash": "a7accc11904a",
            "image_72": "https:\/\/avatars.slack-edge.com\/2020-03-31\/1039823854836_a7accc11904a7e79e199_72.png",
            "first_name": "Krista",
            "real_name": "Krista Clarke",
            "display_name": "Krista C",
            "team": "T0105GKDN1H",
            "name": "kristaclarke82",
            "is_restricted": false,
            "is_ultra_restricted": false
        },
        "blocks": [
            {
                "type": "rich_text",
                "block_id": "EhZ\/",
                "elements": [
                    {
                        "type": "rich_text_section",
                        "elements": [
                            {
                                "type": "text",
                                "text": "I knew you'd like the Eagle Scout shout out LOL"
                            }
                        ]
                    }
                ]
            }
        ],
        "reactions": [
            {
                "name": "heart",
                "users": [
                    "U010APCDU9F"
                ],
                "count": 1
            }
        ]
    },
    {
        "client_msg_id": "e3cd172d-beb1-4dfb-a6c7-7ba8e3f31ce9",
        "type": "message",
        "text": "Can we move the chat to <#C010P6R3XG9|class-week-0>  please",
        "user": "U010Y90H4T0",
        "ts": "1585416805.027800",
        "team": "T0105GKDN1H",
        "user_team": "T0105GKDN1H",
        "source_team": "T0105GKDN1H",
        "user_profile": {
            "avatar_hash": "dab7da854ffb",
            "image_72": "https:\/\/avatars.slack-edge.com\/2020-03-27\/1017678411922_dab7da854ffb816e196d_72.jpg",
            "first_name": "Chris",
            "real_name": "Chris Murphy",
            "display_name": "Chris Murphy",
            "team": "T0105GKDN1H",
            "name": "christoph2005",
            "is_restricted": false,
            "is_ultra_restricted": false
        },
        "blocks": [
            {
                "type": "rich_text",
                "block_id": "0wl",
                "elements": [
                    {
                        "type": "rich_text_section",
                        "elements": [
                            {
                                "type": "text",
                                "text": "Can we move the chat to "
                            },
                            {
                                "type": "channel",
                                "channel_id": "C010P6R3XG9"
                            },
                            {
                                "type": "text",
                                "text": "  please"
                            }
                        ]
                    }
                ]
            }
        ]
    },
    {
        "client_msg_id": "87d92596-8ee2-40aa-a380-94d2a5ed58ee",
        "type": "message",
        "text": "I think it will make it easier for review as we move forward.",
        "user": "U010Y90H4T0",
        "ts": "1585416818.028300",
        "team": "T0105GKDN1H",
        "user_team": "T0105GKDN1H",
        "source_team": "T0105GKDN1H",
        "user_profile": {
            "avatar_hash": "dab7da854ffb",
            "image_72": "https:\/\/avatars.slack-edge.com\/2020-03-27\/1017678411922_dab7da854ffb816e196d_72.jpg",
            "first_name": "Chris",
            "real_name": "Chris Murphy",
            "display_name": "Chris Murphy",
            "team": "T0105GKDN1H",
            "name": "christoph2005",
            "is_restricted": false,
            "is_ultra_restricted": false
        },
        "blocks": [
            {
                "type": "rich_text",
                "block_id": "9NIpV",
                "elements": [
                    {
                        "type": "rich_text_section",
                        "elements": [
                            {
                                "type": "text",
                                "text": "I think it will make it easier for review as we move forward."
                            }
                        ]
                    }
                ]
            }
        ]
    },
    {
        "client_msg_id": "4cc4de81-bef3-4b9a-92f6-ebc560a9ba41",
        "type": "message",
        "text": "Oop my bad! Yes sir!",
        "user": "U010APCDU9F",
        "ts": "1585416820.028500",
        "team": "T0105GKDN1H",
        "user_team": "T0105GKDN1H",
        "source_team": "T0105GKDN1H",
        "user_profile": {
            "avatar_hash": "d44fbe708fa1",
            "image_72": "https:\/\/avatars.slack-edge.com\/2020-03-23\/1020879238357_d44fbe708fa1409cd3b9_72.jpg",
            "first_name": "",
            "real_name": "Eric Z",
            "display_name": "Eric Z",
            "team": "T0105GKDN1H",
            "name": "swissbizz88",
            "is_restricted": false,
            "is_ultra_restricted": false
        },
        "blocks": [
            {
                "type": "rich_text",
                "block_id": "1Yb",
                "elements": [
                    {
                        "type": "rich_text_section",
                        "elements": [
                            {
                                "type": "text",
                                "text": "Oop my bad! Yes sir!"
                            }
                        ]
                    }
                ]
            }
        ]
    },
    {
        "client_msg_id": "f2ed8a5a-07b1-4b09-ab11-0d74cd5487a5",
        "type": "message",
        "text": "Thanks!",
        "user": "U010Y90H4T0",
        "ts": "1585416825.028700",
        "team": "T0105GKDN1H",
        "user_team": "T0105GKDN1H",
        "source_team": "T0105GKDN1H",
        "user_profile": {
            "avatar_hash": "dab7da854ffb",
            "image_72": "https:\/\/avatars.slack-edge.com\/2020-03-27\/1017678411922_dab7da854ffb816e196d_72.jpg",
            "first_name": "Chris",
            "real_name": "Chris Murphy",
            "display_name": "Chris Murphy",
            "team": "T0105GKDN1H",
            "name": "christoph2005",
            "is_restricted": false,
            "is_ultra_restricted": false
        },
        "blocks": [
            {
                "type": "rich_text",
                "block_id": "LPcgP",
                "elements": [
                    {
                        "type": "rich_text_section",
                        "elements": [
                            {
                                "type": "text",
                                "text": "Thanks!"
                            }
                        ]
                    }
                ]
            }
        ]
    },
    {
        "type": "message",
        "text": "I need help joining today's class.",
        "user": "U010Z0MUSN4",
        "ts": "1585446416.029000",
        "team": "T0105GKDN1H",
        "user_team": "T0105GKDN1H",
        "source_team": "T0105GKDN1H",
        "user_profile": {
            "avatar_hash": "g07c56cb5199",
            "image_72": "https:\/\/secure.gravatar.com\/avatar\/07c56cb5199d21b2c0b096b66e7d0fed.jpg?s=72&d=https%3A%2F%2Fa.slack-edge.com%2Fdf10d%2Fimg%2Favatars%2Fava_0002-72.png",
            "first_name": "",
            "real_name": "Bongani Moyo",
            "display_name": "Bongani Moyo",
            "team": "T0105GKDN1H",
            "name": "bngnmoyo",
            "is_restricted": false,
            "is_ultra_restricted": false
        }
    }
]