[
    {
        "type": "message",
        "text": "I ran into a hiccup on the 2nd part of module 5 the 2nd version of the chocolate website, when i granned the code and pasted into VS I got a solitary less than symbol...",
        "files": [
            {
                "id": "F010F8Z6Q1Z",
                "mode": "tombstone"
            }
        ],
        "upload": true,
        "blocks": [
            {
                "type": "rich_text",
                "block_id": "Jwgab",
                "elements": [
                    {
                        "type": "rich_text_section",
                        "elements": [
                            {
                                "type": "text",
                                "text": "I ran into a hiccup on the 2nd part of module 5 the 2nd version of the chocolate website, when i granned the code and pasted into VS I got a solitary less than symbol..."
                            }
                        ]
                    }
                ]
            }
        ],
        "user": "U010AFPTJP3",
        "display_as_bot": false,
        "ts": "1585175724.001800",
        "client_msg_id": "ab5bfcec-e604-41f7-9f85-8f3eab932ecb"
    },
    {
        "type": "message",
        "text": "",
        "files": [
            {
                "id": "F010S8QA4DA",
                "created": 1585175844,
                "timestamp": 1585175844,
                "name": "broken chocolate.jpg",
                "title": "broken chocolate.jpg",
                "mimetype": "image\/jpeg",
                "filetype": "jpg",
                "pretty_type": "JPEG",
                "user": "U010AFPTJP3",
                "editable": false,
                "size": 24985,
                "mode": "hosted",
                "is_external": false,
                "external_type": "",
                "is_public": true,
                "public_url_shared": false,
                "display_as_bot": false,
                "username": "",
                "url_private": "https:\/\/files.slack.com\/files-pri\/T0105GKDN1H-F010S8QA4DA\/broken_chocolate.jpg?t=xoxe-1005563464051-1077300145892-1094973465936-b91b441389dd5f41adba77ce94586498",
                "url_private_download": "https:\/\/files.slack.com\/files-pri\/T0105GKDN1H-F010S8QA4DA\/download\/broken_chocolate.jpg?t=xoxe-1005563464051-1077300145892-1094973465936-b91b441389dd5f41adba77ce94586498",
                "thumb_64": "https:\/\/files.slack.com\/files-tmb\/T0105GKDN1H-F010S8QA4DA-e3d15a1c2d\/broken_chocolate_64.jpg?t=xoxe-1005563464051-1077300145892-1094973465936-b91b441389dd5f41adba77ce94586498",
                "thumb_80": "https:\/\/files.slack.com\/files-tmb\/T0105GKDN1H-F010S8QA4DA-e3d15a1c2d\/broken_chocolate_80.jpg?t=xoxe-1005563464051-1077300145892-1094973465936-b91b441389dd5f41adba77ce94586498",
                "thumb_360": "https:\/\/files.slack.com\/files-tmb\/T0105GKDN1H-F010S8QA4DA-e3d15a1c2d\/broken_chocolate_360.jpg?t=xoxe-1005563464051-1077300145892-1094973465936-b91b441389dd5f41adba77ce94586498",
                "thumb_360_w": 360,
                "thumb_360_h": 151,
                "thumb_480": "https:\/\/files.slack.com\/files-tmb\/T0105GKDN1H-F010S8QA4DA-e3d15a1c2d\/broken_chocolate_480.jpg?t=xoxe-1005563464051-1077300145892-1094973465936-b91b441389dd5f41adba77ce94586498",
                "thumb_480_w": 480,
                "thumb_480_h": 201,
                "thumb_160": "https:\/\/files.slack.com\/files-tmb\/T0105GKDN1H-F010S8QA4DA-e3d15a1c2d\/broken_chocolate_160.jpg?t=xoxe-1005563464051-1077300145892-1094973465936-b91b441389dd5f41adba77ce94586498",
                "thumb_720": "https:\/\/files.slack.com\/files-tmb\/T0105GKDN1H-F010S8QA4DA-e3d15a1c2d\/broken_chocolate_720.jpg?t=xoxe-1005563464051-1077300145892-1094973465936-b91b441389dd5f41adba77ce94586498",
                "thumb_720_w": 720,
                "thumb_720_h": 302,
                "thumb_800": "https:\/\/files.slack.com\/files-tmb\/T0105GKDN1H-F010S8QA4DA-e3d15a1c2d\/broken_chocolate_800.jpg?t=xoxe-1005563464051-1077300145892-1094973465936-b91b441389dd5f41adba77ce94586498",
                "thumb_800_w": 800,
                "thumb_800_h": 335,
                "thumb_960": "https:\/\/files.slack.com\/files-tmb\/T0105GKDN1H-F010S8QA4DA-e3d15a1c2d\/broken_chocolate_960.jpg?t=xoxe-1005563464051-1077300145892-1094973465936-b91b441389dd5f41adba77ce94586498",
                "thumb_960_w": 960,
                "thumb_960_h": 402,
                "thumb_1024": "https:\/\/files.slack.com\/files-tmb\/T0105GKDN1H-F010S8QA4DA-e3d15a1c2d\/broken_chocolate_1024.jpg?t=xoxe-1005563464051-1077300145892-1094973465936-b91b441389dd5f41adba77ce94586498",
                "thumb_1024_w": 1024,
                "thumb_1024_h": 429,
                "image_exif_rotation": 1,
                "original_w": 1786,
                "original_h": 748,
                "thumb_tiny": "AwAUADCCiiioOkKKKKALunf8tPwq7VLTv+Wn4VdqkYT3MWiiipNwooooAu6d\/wAtPwq7VLTv+Wn4VdqkYT3P\/9k=",
                "permalink": "https:\/\/uclavirtfsfpt-96r8630.slack.com\/files\/U010AFPTJP3\/F010S8QA4DA\/broken_chocolate.jpg",
                "permalink_public": "https:\/\/slack-files.com\/T0105GKDN1H-F010S8QA4DA-cb874ef150",
                "is_starred": false,
                "has_rich_preview": false
            }
        ],
        "upload": true,
        "user": "U010AFPTJP3",
        "display_as_bot": false,
        "ts": "1585175850.002300",
        "client_msg_id": "be7207fc-e481-4ddd-849a-04f7128cd66c"
    },
    {
        "client_msg_id": "8e0fe131-5a6c-412f-82c0-19f7ce2163d8",
        "type": "message",
        "text": "Resolved!",
        "user": "U010AFPTJP3",
        "ts": "1585177804.002800",
        "team": "T0105GKDN1H",
        "user_team": "T0105GKDN1H",
        "source_team": "T0105GKDN1H",
        "user_profile": {
            "avatar_hash": "69861d17cd07",
            "image_72": "https:\/\/avatars.slack-edge.com\/2020-03-23\/1020633507168_69861d17cd0737018148_72.jpg",
            "first_name": "Michael",
            "real_name": "Michael Solorzano",
            "display_name": "Michael Solorzano",
            "team": "T0105GKDN1H",
            "name": "imsolo90",
            "is_restricted": false,
            "is_ultra_restricted": false
        },
        "blocks": [
            {
                "type": "rich_text",
                "block_id": "S5mU2",
                "elements": [
                    {
                        "type": "rich_text_section",
                        "elements": [
                            {
                                "type": "text",
                                "text": "Resolved!"
                            }
                        ]
                    }
                ]
            }
        ],
        "reactions": [
            {
                "name": "+1::skin-tone-3",
                "users": [
                    "U010M0LB2V6"
                ],
                "count": 1
            },
            {
                "name": "+1",
                "users": [
                    "U010APCDU9F"
                ],
                "count": 1
            },
            {
                "name": "thumbsup_all",
                "users": [
                    "U010AP9JH4Z",
                    "U010LJKUX44"
                ],
                "count": 2
            }
        ]
    }
]