[
    {
        "client_msg_id": "729aa5e3-87e4-41bc-b368-5151fa1ae0b9",
        "type": "message",
        "text": "Hey y'all!\n\nHope everyone's week is going ok so far.\n\nHow's everyone coming on the pre-work?",
        "user": "U010APCDU9F",
        "ts": "1585090485.018500",
        "team": "T0105GKDN1H",
        "user_team": "T0105GKDN1H",
        "source_team": "T0105GKDN1H",
        "user_profile": {
            "avatar_hash": "d44fbe708fa1",
            "image_72": "https:\/\/avatars.slack-edge.com\/2020-03-23\/1020879238357_d44fbe708fa1409cd3b9_72.jpg",
            "first_name": "",
            "real_name": "Eric Z",
            "display_name": "Eric Z",
            "team": "T0105GKDN1H",
            "name": "swissbizz88",
            "is_restricted": false,
            "is_ultra_restricted": false
        },
        "blocks": [
            {
                "type": "rich_text",
                "block_id": "G041",
                "elements": [
                    {
                        "type": "rich_text_section",
                        "elements": [
                            {
                                "type": "text",
                                "text": "Hey y'all!\n\nHope everyone's week is going ok so far.\n\nHow's everyone coming on the pre-work?"
                            }
                        ]
                    }
                ]
            }
        ]
    },
    {
        "client_msg_id": "c7da90a6-4c6f-4da6-bc44-cfc66ef156dd",
        "type": "message",
        "text": "just working away on the activities...",
        "user": "U010AJPBC3B",
        "ts": "1585090511.018800",
        "team": "T0105GKDN1H",
        "user_team": "T0105GKDN1H",
        "source_team": "T0105GKDN1H",
        "user_profile": {
            "avatar_hash": "a7accc11904a",
            "image_72": "https:\/\/avatars.slack-edge.com\/2020-03-31\/1039823854836_a7accc11904a7e79e199_72.png",
            "first_name": "Krista",
            "real_name": "Krista Clarke",
            "display_name": "Krista C",
            "team": "T0105GKDN1H",
            "name": "kristaclarke82",
            "is_restricted": false,
            "is_ultra_restricted": false
        },
        "blocks": [
            {
                "type": "rich_text",
                "block_id": "MjhB9",
                "elements": [
                    {
                        "type": "rich_text_section",
                        "elements": [
                            {
                                "type": "text",
                                "text": "just working away on the activities..."
                            }
                        ]
                    }
                ]
            }
        ]
    },
    {
        "client_msg_id": "CD3A990F-B415-4ECF-B633-13E0AB63F377",
        "type": "message",
        "text": "Same, just working on these activities!",
        "user": "U010M0LB2V6",
        "ts": "1585090572.019300",
        "team": "T0105GKDN1H",
        "user_team": "T0105GKDN1H",
        "source_team": "T0105GKDN1H",
        "user_profile": {
            "avatar_hash": "995068df2993",
            "image_72": "https:\/\/avatars.slack-edge.com\/2020-03-28\/1035266841158_995068df29932789a9e3_72.png",
            "first_name": "Allen",
            "real_name": "Allen Sales",
            "display_name": "Allen Sales",
            "team": "T0105GKDN1H",
            "name": "allen.dale310",
            "is_restricted": false,
            "is_ultra_restricted": false
        },
        "blocks": [
            {
                "type": "rich_text",
                "block_id": "tDO0V",
                "elements": [
                    {
                        "type": "rich_text_section",
                        "elements": [
                            {
                                "type": "text",
                                "text": "Same, just working on these activities!"
                            }
                        ]
                    }
                ]
            }
        ]
    },
    {
        "client_msg_id": "06b646e1-00e5-4fc1-b1b1-13d41ce3c4b8",
        "type": "message",
        "text": "Word",
        "user": "U010APCDU9F",
        "ts": "1585091258.020100",
        "team": "T0105GKDN1H",
        "user_team": "T0105GKDN1H",
        "source_team": "T0105GKDN1H",
        "user_profile": {
            "avatar_hash": "d44fbe708fa1",
            "image_72": "https:\/\/avatars.slack-edge.com\/2020-03-23\/1020879238357_d44fbe708fa1409cd3b9_72.jpg",
            "first_name": "",
            "real_name": "Eric Z",
            "display_name": "Eric Z",
            "team": "T0105GKDN1H",
            "name": "swissbizz88",
            "is_restricted": false,
            "is_ultra_restricted": false
        },
        "blocks": [
            {
                "type": "rich_text",
                "block_id": "U\/D",
                "elements": [
                    {
                        "type": "rich_text_section",
                        "elements": [
                            {
                                "type": "text",
                                "text": "Word"
                            }
                        ]
                    }
                ]
            }
        ]
    },
    {
        "client_msg_id": "15ad66a7-2681-4fbe-92f7-926d6f059d0c",
        "type": "message",
        "text": "Glad we all decided to do this online",
        "user": "U010APCDU9F",
        "ts": "1585091314.020400",
        "team": "T0105GKDN1H",
        "user_team": "T0105GKDN1H",
        "source_team": "T0105GKDN1H",
        "user_profile": {
            "avatar_hash": "d44fbe708fa1",
            "image_72": "https:\/\/avatars.slack-edge.com\/2020-03-23\/1020879238357_d44fbe708fa1409cd3b9_72.jpg",
            "first_name": "",
            "real_name": "Eric Z",
            "display_name": "Eric Z",
            "team": "T0105GKDN1H",
            "name": "swissbizz88",
            "is_restricted": false,
            "is_ultra_restricted": false
        },
        "blocks": [
            {
                "type": "rich_text",
                "block_id": "tHl",
                "elements": [
                    {
                        "type": "rich_text_section",
                        "elements": [
                            {
                                "type": "text",
                                "text": "Glad we all decided to do this online"
                            }
                        ]
                    }
                ]
            }
        ]
    },
    {
        "client_msg_id": "16e0d5c7-4460-4870-94b6-bddd9fe18823",
        "type": "message",
        "text": "It's pretty nuts at the grocery store",
        "user": "U010APCDU9F",
        "ts": "1585091321.020700",
        "team": "T0105GKDN1H",
        "user_team": "T0105GKDN1H",
        "source_team": "T0105GKDN1H",
        "user_profile": {
            "avatar_hash": "d44fbe708fa1",
            "image_72": "https:\/\/avatars.slack-edge.com\/2020-03-23\/1020879238357_d44fbe708fa1409cd3b9_72.jpg",
            "first_name": "",
            "real_name": "Eric Z",
            "display_name": "Eric Z",
            "team": "T0105GKDN1H",
            "name": "swissbizz88",
            "is_restricted": false,
            "is_ultra_restricted": false
        },
        "blocks": [
            {
                "type": "rich_text",
                "block_id": "37k",
                "elements": [
                    {
                        "type": "rich_text_section",
                        "elements": [
                            {
                                "type": "text",
                                "text": "It's pretty nuts at the grocery store"
                            }
                        ]
                    }
                ]
            }
        ]
    },
    {
        "type": "message",
        "text": "",
        "files": [
            {
                "id": "F010RLCLYLE",
                "created": 1585091327,
                "timestamp": 1585091327,
                "name": "89241797_348731759359035_1046521566818467840_n.jpg",
                "title": "89241797_348731759359035_1046521566818467840_n.jpg",
                "mimetype": "image\/jpeg",
                "filetype": "jpg",
                "pretty_type": "JPEG",
                "user": "U010APCDU9F",
                "editable": false,
                "size": 77523,
                "mode": "hosted",
                "is_external": false,
                "external_type": "",
                "is_public": true,
                "public_url_shared": false,
                "display_as_bot": false,
                "username": "",
                "url_private": "https:\/\/files.slack.com\/files-pri\/T0105GKDN1H-F010RLCLYLE\/89241797_348731759359035_1046521566818467840_n.jpg?t=xoxe-1005563464051-1077300145892-1094973465936-b91b441389dd5f41adba77ce94586498",
                "url_private_download": "https:\/\/files.slack.com\/files-pri\/T0105GKDN1H-F010RLCLYLE\/download\/89241797_348731759359035_1046521566818467840_n.jpg?t=xoxe-1005563464051-1077300145892-1094973465936-b91b441389dd5f41adba77ce94586498",
                "thumb_64": "https:\/\/files.slack.com\/files-tmb\/T0105GKDN1H-F010RLCLYLE-fd1c52fc73\/89241797_348731759359035_1046521566818467840_n_64.jpg?t=xoxe-1005563464051-1077300145892-1094973465936-b91b441389dd5f41adba77ce94586498",
                "thumb_80": "https:\/\/files.slack.com\/files-tmb\/T0105GKDN1H-F010RLCLYLE-fd1c52fc73\/89241797_348731759359035_1046521566818467840_n_80.jpg?t=xoxe-1005563464051-1077300145892-1094973465936-b91b441389dd5f41adba77ce94586498",
                "thumb_360": "https:\/\/files.slack.com\/files-tmb\/T0105GKDN1H-F010RLCLYLE-fd1c52fc73\/89241797_348731759359035_1046521566818467840_n_360.jpg?t=xoxe-1005563464051-1077300145892-1094973465936-b91b441389dd5f41adba77ce94586498",
                "thumb_360_w": 358,
                "thumb_360_h": 360,
                "thumb_480": "https:\/\/files.slack.com\/files-tmb\/T0105GKDN1H-F010RLCLYLE-fd1c52fc73\/89241797_348731759359035_1046521566818467840_n_480.jpg?t=xoxe-1005563464051-1077300145892-1094973465936-b91b441389dd5f41adba77ce94586498",
                "thumb_480_w": 477,
                "thumb_480_h": 480,
                "thumb_160": "https:\/\/files.slack.com\/files-tmb\/T0105GKDN1H-F010RLCLYLE-fd1c52fc73\/89241797_348731759359035_1046521566818467840_n_160.jpg?t=xoxe-1005563464051-1077300145892-1094973465936-b91b441389dd5f41adba77ce94586498",
                "thumb_720": "https:\/\/files.slack.com\/files-tmb\/T0105GKDN1H-F010RLCLYLE-fd1c52fc73\/89241797_348731759359035_1046521566818467840_n_720.jpg?t=xoxe-1005563464051-1077300145892-1094973465936-b91b441389dd5f41adba77ce94586498",
                "thumb_720_w": 716,
                "thumb_720_h": 720,
                "thumb_800": "https:\/\/files.slack.com\/files-tmb\/T0105GKDN1H-F010RLCLYLE-fd1c52fc73\/89241797_348731759359035_1046521566818467840_n_800.jpg?t=xoxe-1005563464051-1077300145892-1094973465936-b91b441389dd5f41adba77ce94586498",
                "thumb_800_w": 800,
                "thumb_800_h": 805,
                "image_exif_rotation": 1,
                "original_w": 827,
                "original_h": 832,
                "thumb_tiny": "AwAwAC+zn5yMcCgFScDBpssgjuMkEgDBx3qOKRUcllJDeg6UAWOPSq8z7jtHSpJpV2gJ374qHbt+91o2AZQelO4Jxj8RTT0pp3BqxM8TPJK3JVe\/vVdPmDnHA6e9WzJtV17lz3qoOp5zw1ICaMAoCQORUsamRjnGMc1HEP3aAelDFkcjOCPSmwQ6SMRqCGyKgYcGntIzdeaaeVJpJA2WscxNnjceMdearTr5crorELgtipmkPkqu0hgc\/rVaaUzSllXAI7ntQgJU4Rc+gqd4lkIYg8jioFxsHParSMQq\/dOB\/eoYIgaHg85x7VEeExVsMCeSKrTjbuwRTWwPc\/\/Z",
                "permalink": "https:\/\/uclavirtfsfpt-96r8630.slack.com\/files\/U010APCDU9F\/F010RLCLYLE\/89241797_348731759359035_1046521566818467840_n.jpg",
                "permalink_public": "https:\/\/slack-files.com\/T0105GKDN1H-F010RLCLYLE-26fbd2fc33",
                "is_starred": false,
                "has_rich_preview": false
            }
        ],
        "upload": true,
        "user": "U010APCDU9F",
        "display_as_bot": false,
        "ts": "1585091331.020800",
        "client_msg_id": "a8e7cffc-69b5-402f-b4c9-cefdf1cb8948"
    },
    {
        "client_msg_id": "2793a592-7860-47ed-a0a8-7775adc61271",
        "type": "message",
        "text": "LOL! Time to get a bidet...",
        "user": "U010AJPBC3B",
        "ts": "1585092162.021300",
        "team": "T0105GKDN1H",
        "user_team": "T0105GKDN1H",
        "source_team": "T0105GKDN1H",
        "user_profile": {
            "avatar_hash": "a7accc11904a",
            "image_72": "https:\/\/avatars.slack-edge.com\/2020-03-31\/1039823854836_a7accc11904a7e79e199_72.png",
            "first_name": "Krista",
            "real_name": "Krista Clarke",
            "display_name": "Krista C",
            "team": "T0105GKDN1H",
            "name": "kristaclarke82",
            "is_restricted": false,
            "is_ultra_restricted": false
        },
        "blocks": [
            {
                "type": "rich_text",
                "block_id": "o04P",
                "elements": [
                    {
                        "type": "rich_text_section",
                        "elements": [
                            {
                                "type": "text",
                                "text": "LOL! Time to get a bidet..."
                            }
                        ]
                    }
                ]
            }
        ],
        "reactions": [
            {
                "name": "smile",
                "users": [
                    "U010APCDU9F"
                ],
                "count": 1
            }
        ]
    },
    {
        "client_msg_id": "86de8964-7415-4c78-9da9-fbc4a3bc68da",
        "type": "message",
        "text": "I'm just excited to start already! it'll be an escape from all this craziness!!",
        "user": "U010LRKMSKX",
        "ts": "1585104670.000400",
        "team": "T0105GKDN1H",
        "user_team": "T0105GKDN1H",
        "source_team": "T0105GKDN1H",
        "user_profile": {
            "avatar_hash": "ae27f99c40c3",
            "image_72": "https:\/\/avatars.slack-edge.com\/2020-03-23\/1022872147895_ae27f99c40c3c34dd86b_72.jpg",
            "first_name": "",
            "real_name": "Yssabel Pangilinan",
            "display_name": "Yssabel Pangilinan",
            "team": "T0105GKDN1H",
            "name": "yssabelpangilinan",
            "is_restricted": false,
            "is_ultra_restricted": false
        },
        "blocks": [
            {
                "type": "rich_text",
                "block_id": "Ya2ya",
                "elements": [
                    {
                        "type": "rich_text_section",
                        "elements": [
                            {
                                "type": "text",
                                "text": "I'm just excited to start already! it'll be an escape from all this craziness!!"
                            }
                        ]
                    }
                ]
            }
        ]
    },
    {
        "client_msg_id": "da128255-5c6b-4688-a831-51aa1a51d4fe",
        "type": "message",
        "text": "It seems like the perfect time to learn a new skill.  While most occupied thinking about when they can resume their lives.",
        "user": "U010PSR7BT6",
        "ts": "1585105759.000600",
        "team": "T0105GKDN1H",
        "user_team": "T0105GKDN1H",
        "source_team": "T0105GKDN1H",
        "user_profile": {
            "avatar_hash": "e3038105be99",
            "image_72": "https:\/\/avatars.slack-edge.com\/2020-03-27\/1031035067156_e3038105be99732f1919_72.jpg",
            "first_name": "",
            "real_name": "Joseph Shapiro",
            "display_name": "Joseph Shapiro",
            "team": "T0105GKDN1H",
            "name": "joevshapiro",
            "is_restricted": false,
            "is_ultra_restricted": false
        },
        "blocks": [
            {
                "type": "rich_text",
                "block_id": "WxgWG",
                "elements": [
                    {
                        "type": "rich_text_section",
                        "elements": [
                            {
                                "type": "text",
                                "text": "It seems like the perfect time to learn a new skill.  While most occupied thinking about when they can resume their lives."
                            }
                        ]
                    }
                ]
            }
        ],
        "reactions": [
            {
                "name": "heart",
                "users": [
                    "U010APCDU9F"
                ],
                "count": 1
            }
        ]
    }
]