[
    {
        "client_msg_id": "56cf0e72-90c8-4b74-9531-66c88cbf8844",
        "type": "message",
        "text": "Thanks for the update <@U010AFPTJP3>!",
        "user": "U010APCDU9F",
        "ts": "1585242198.003500",
        "team": "T0105GKDN1H",
        "user_team": "T0105GKDN1H",
        "source_team": "T0105GKDN1H",
        "user_profile": {
            "avatar_hash": "d44fbe708fa1",
            "image_72": "https:\/\/avatars.slack-edge.com\/2020-03-23\/1020879238357_d44fbe708fa1409cd3b9_72.jpg",
            "first_name": "",
            "real_name": "Eric Z",
            "display_name": "Eric Z",
            "team": "T0105GKDN1H",
            "name": "swissbizz88",
            "is_restricted": false,
            "is_ultra_restricted": false
        },
        "blocks": [
            {
                "type": "rich_text",
                "block_id": "jnG9",
                "elements": [
                    {
                        "type": "rich_text_section",
                        "elements": [
                            {
                                "type": "text",
                                "text": "Thanks for the update "
                            },
                            {
                                "type": "user",
                                "user_id": "U010AFPTJP3"
                            },
                            {
                                "type": "text",
                                "text": "!"
                            }
                        ]
                    }
                ]
            }
        ]
    },
    {
        "client_msg_id": "e659ec0f-b047-4013-bb1c-f063c3eea1cf",
        "type": "message",
        "text": "Everyone doing ok on the prework?",
        "user": "U010APCDU9F",
        "ts": "1585242207.003800",
        "team": "T0105GKDN1H",
        "user_team": "T0105GKDN1H",
        "source_team": "T0105GKDN1H",
        "user_profile": {
            "avatar_hash": "d44fbe708fa1",
            "image_72": "https:\/\/avatars.slack-edge.com\/2020-03-23\/1020879238357_d44fbe708fa1409cd3b9_72.jpg",
            "first_name": "",
            "real_name": "Eric Z",
            "display_name": "Eric Z",
            "team": "T0105GKDN1H",
            "name": "swissbizz88",
            "is_restricted": false,
            "is_ultra_restricted": false
        },
        "blocks": [
            {
                "type": "rich_text",
                "block_id": "BQ6",
                "elements": [
                    {
                        "type": "rich_text_section",
                        "elements": [
                            {
                                "type": "text",
                                "text": "Everyone doing ok on the prework?"
                            }
                        ]
                    }
                ]
            }
        ]
    },
    {
        "client_msg_id": "a23da022-41f1-48cb-8d98-7b26b6f7bdf1",
        "type": "message",
        "text": "so far... working on the Scratch game now. I had never even heard of Scratch before...",
        "user": "U010AJPBC3B",
        "ts": "1585247307.004300",
        "team": "T0105GKDN1H",
        "user_team": "T0105GKDN1H",
        "source_team": "T0105GKDN1H",
        "user_profile": {
            "avatar_hash": "a7accc11904a",
            "image_72": "https:\/\/avatars.slack-edge.com\/2020-03-31\/1039823854836_a7accc11904a7e79e199_72.png",
            "first_name": "Krista",
            "real_name": "Krista Clarke",
            "display_name": "Krista C",
            "team": "T0105GKDN1H",
            "name": "kristaclarke82",
            "is_restricted": false,
            "is_ultra_restricted": false
        },
        "blocks": [
            {
                "type": "rich_text",
                "block_id": "dnJsl",
                "elements": [
                    {
                        "type": "rich_text_section",
                        "elements": [
                            {
                                "type": "text",
                                "text": "so far... working on the Scratch game now. I had never even heard of Scratch before..."
                            }
                        ]
                    }
                ]
            }
        ]
    },
    {
        "client_msg_id": "6fcea309-b196-41fb-9071-e756e730fbba",
        "type": "message",
        "text": "Same on the scratch game, its really got me scratching (pun) my head on certain aspects of the Chase game.",
        "user": "U010AFPTJP3",
        "ts": "1585250489.005400",
        "team": "T0105GKDN1H",
        "user_team": "T0105GKDN1H",
        "source_team": "T0105GKDN1H",
        "user_profile": {
            "avatar_hash": "69861d17cd07",
            "image_72": "https:\/\/avatars.slack-edge.com\/2020-03-23\/1020633507168_69861d17cd0737018148_72.jpg",
            "first_name": "Michael",
            "real_name": "Michael Solorzano",
            "display_name": "Michael Solorzano",
            "team": "T0105GKDN1H",
            "name": "imsolo90",
            "is_restricted": false,
            "is_ultra_restricted": false
        },
        "blocks": [
            {
                "type": "rich_text",
                "block_id": "keBZ7",
                "elements": [
                    {
                        "type": "rich_text_section",
                        "elements": [
                            {
                                "type": "text",
                                "text": "Same on the scratch game, its really got me scratching (pun) my head on certain aspects of the Chase game."
                            }
                        ]
                    }
                ]
            }
        ]
    },
    {
        "client_msg_id": "26dfb420-e6db-4c41-9ad8-7a4fc60b591e",
        "type": "message",
        "text": "Hello class, looking forward to learn a lot.",
        "user": "U010H28N18S",
        "ts": "1585257589.005700",
        "team": "T0105GKDN1H",
        "user_team": "T0105GKDN1H",
        "source_team": "T0105GKDN1H",
        "user_profile": {
            "avatar_hash": "84fd88e6f1cb",
            "image_72": "https:\/\/avatars.slack-edge.com\/2020-03-26\/1029561083269_84fd88e6f1cb30ca3348_72.jpg",
            "first_name": "Christine",
            "real_name": "Christine Munoz",
            "display_name": "Christine",
            "team": "T0105GKDN1H",
            "name": "christinezzy5",
            "is_restricted": false,
            "is_ultra_restricted": false
        },
        "blocks": [
            {
                "type": "rich_text",
                "block_id": "mGB2c",
                "elements": [
                    {
                        "type": "rich_text_section",
                        "elements": [
                            {
                                "type": "text",
                                "text": "Hello class, looking forward to learn a lot."
                            }
                        ]
                    }
                ]
            }
        ]
    },
    {
        "client_msg_id": "d7556b15-b41b-4a5a-9a99-6e0c89a56cef",
        "type": "message",
        "text": "Finally got the Scratch project finished. I think it took me twice as long to figure out how to end the game at a certain score, than it did to create the game!",
        "user": "U010AJPBC3B",
        "ts": "1585259964.006600",
        "team": "T0105GKDN1H",
        "user_team": "T0105GKDN1H",
        "source_team": "T0105GKDN1H",
        "user_profile": {
            "avatar_hash": "a7accc11904a",
            "image_72": "https:\/\/avatars.slack-edge.com\/2020-03-31\/1039823854836_a7accc11904a7e79e199_72.png",
            "first_name": "Krista",
            "real_name": "Krista Clarke",
            "display_name": "Krista C",
            "team": "T0105GKDN1H",
            "name": "kristaclarke82",
            "is_restricted": false,
            "is_ultra_restricted": false
        },
        "blocks": [
            {
                "type": "rich_text",
                "block_id": "j\/9",
                "elements": [
                    {
                        "type": "rich_text_section",
                        "elements": [
                            {
                                "type": "text",
                                "text": "Finally got the Scratch project finished. I think it took me twice as long to figure out how to end the game at a certain score, than it did to create the game!"
                            }
                        ]
                    }
                ]
            }
        ],
        "reactions": [
            {
                "name": "+1",
                "users": [
                    "U010APCDU9F"
                ],
                "count": 1
            }
        ]
    },
    {
        "client_msg_id": "69389279-7e6e-449e-80c8-e924f920b50b",
        "type": "message",
        "text": "How's everyone holding up?",
        "user": "U010APCDU9F",
        "ts": "1585272774.007000",
        "team": "T0105GKDN1H",
        "user_team": "T0105GKDN1H",
        "source_team": "T0105GKDN1H",
        "user_profile": {
            "avatar_hash": "d44fbe708fa1",
            "image_72": "https:\/\/avatars.slack-edge.com\/2020-03-23\/1020879238357_d44fbe708fa1409cd3b9_72.jpg",
            "first_name": "",
            "real_name": "Eric Z",
            "display_name": "Eric Z",
            "team": "T0105GKDN1H",
            "name": "swissbizz88",
            "is_restricted": false,
            "is_ultra_restricted": false
        },
        "blocks": [
            {
                "type": "rich_text",
                "block_id": "a4cT",
                "elements": [
                    {
                        "type": "rich_text_section",
                        "elements": [
                            {
                                "type": "text",
                                "text": "How's everyone holding up?"
                            }
                        ]
                    }
                ]
            }
        ]
    },
    {
        "client_msg_id": "024f3b35-5bce-4ae6-94b9-ad6dafd097e6",
        "type": "message",
        "text": "i just enrolled and started today so playing catch up:tired_face:",
        "user": "U010H28N18S",
        "ts": "1585278774.007800",
        "team": "T0105GKDN1H",
        "user_team": "T0105GKDN1H",
        "source_team": "T0105GKDN1H",
        "user_profile": {
            "avatar_hash": "84fd88e6f1cb",
            "image_72": "https:\/\/avatars.slack-edge.com\/2020-03-26\/1029561083269_84fd88e6f1cb30ca3348_72.jpg",
            "first_name": "Christine",
            "real_name": "Christine Munoz",
            "display_name": "Christine",
            "team": "T0105GKDN1H",
            "name": "christinezzy5",
            "is_restricted": false,
            "is_ultra_restricted": false
        },
        "blocks": [
            {
                "type": "rich_text",
                "block_id": "1ui",
                "elements": [
                    {
                        "type": "rich_text_section",
                        "elements": [
                            {
                                "type": "text",
                                "text": "i just enrolled and started today so playing catch up"
                            },
                            {
                                "type": "emoji",
                                "name": "tired_face"
                            }
                        ]
                    }
                ]
            }
        ],
        "reactions": [
            {
                "name": "+1",
                "users": [
                    "U010AJPBC3B"
                ],
                "count": 1
            }
        ]
    },
    {
        "client_msg_id": "d859cfc6-0dc9-4a02-8633-fe2ce9c64b77",
        "type": "message",
        "text": "Let us know if you need any help!!",
        "user": "U010APCDU9F",
        "ts": "1585280509.008100",
        "team": "T0105GKDN1H",
        "user_team": "T0105GKDN1H",
        "source_team": "T0105GKDN1H",
        "user_profile": {
            "avatar_hash": "d44fbe708fa1",
            "image_72": "https:\/\/avatars.slack-edge.com\/2020-03-23\/1020879238357_d44fbe708fa1409cd3b9_72.jpg",
            "first_name": "",
            "real_name": "Eric Z",
            "display_name": "Eric Z",
            "team": "T0105GKDN1H",
            "name": "swissbizz88",
            "is_restricted": false,
            "is_ultra_restricted": false
        },
        "blocks": [
            {
                "type": "rich_text",
                "block_id": "oLhNM",
                "elements": [
                    {
                        "type": "rich_text_section",
                        "elements": [
                            {
                                "type": "text",
                                "text": "Let us know if you need any help!!"
                            }
                        ]
                    }
                ]
            }
        ]
    },
    {
        "client_msg_id": "7539f589-bcef-4024-b987-f6989d090a51",
        "type": "message",
        "text": "thank u ...may need",
        "user": "U010H28N18S",
        "ts": "1585280950.008400",
        "team": "T0105GKDN1H",
        "user_team": "T0105GKDN1H",
        "source_team": "T0105GKDN1H",
        "user_profile": {
            "avatar_hash": "84fd88e6f1cb",
            "image_72": "https:\/\/avatars.slack-edge.com\/2020-03-26\/1029561083269_84fd88e6f1cb30ca3348_72.jpg",
            "first_name": "Christine",
            "real_name": "Christine Munoz",
            "display_name": "Christine",
            "team": "T0105GKDN1H",
            "name": "christinezzy5",
            "is_restricted": false,
            "is_ultra_restricted": false
        },
        "blocks": [
            {
                "type": "rich_text",
                "block_id": "xSfd",
                "elements": [
                    {
                        "type": "rich_text_section",
                        "elements": [
                            {
                                "type": "text",
                                "text": "thank u ...may need"
                            }
                        ]
                    }
                ]
            }
        ]
    }
]