[
    {
        "type": "message",
        "text": "",
        "files": [
            {
                "id": "F011K1PFQTC",
                "created": 1586491022,
                "timestamp": 1586491022,
                "name": "image.png",
                "title": "image.png",
                "mimetype": "image\/png",
                "filetype": "png",
                "pretty_type": "PNG",
                "user": "U010Y90H4T0",
                "editable": false,
                "size": 446877,
                "mode": "hosted",
                "is_external": false,
                "external_type": "",
                "is_public": true,
                "public_url_shared": false,
                "display_as_bot": false,
                "username": "",
                "url_private": "https:\/\/files.slack.com\/files-pri\/T0105GKDN1H-F011K1PFQTC\/image.png?t=xoxe-1005563464051-1077300145892-1094973465936-b91b441389dd5f41adba77ce94586498",
                "url_private_download": "https:\/\/files.slack.com\/files-pri\/T0105GKDN1H-F011K1PFQTC\/download\/image.png?t=xoxe-1005563464051-1077300145892-1094973465936-b91b441389dd5f41adba77ce94586498",
                "thumb_64": "https:\/\/files.slack.com\/files-tmb\/T0105GKDN1H-F011K1PFQTC-ae89df9cdf\/image_64.png?t=xoxe-1005563464051-1077300145892-1094973465936-b91b441389dd5f41adba77ce94586498",
                "thumb_80": "https:\/\/files.slack.com\/files-tmb\/T0105GKDN1H-F011K1PFQTC-ae89df9cdf\/image_80.png?t=xoxe-1005563464051-1077300145892-1094973465936-b91b441389dd5f41adba77ce94586498",
                "thumb_360": "https:\/\/files.slack.com\/files-tmb\/T0105GKDN1H-F011K1PFQTC-ae89df9cdf\/image_360.png?t=xoxe-1005563464051-1077300145892-1094973465936-b91b441389dd5f41adba77ce94586498",
                "thumb_360_w": 336,
                "thumb_360_h": 360,
                "thumb_480": "https:\/\/files.slack.com\/files-tmb\/T0105GKDN1H-F011K1PFQTC-ae89df9cdf\/image_480.png?t=xoxe-1005563464051-1077300145892-1094973465936-b91b441389dd5f41adba77ce94586498",
                "thumb_480_w": 448,
                "thumb_480_h": 480,
                "thumb_160": "https:\/\/files.slack.com\/files-tmb\/T0105GKDN1H-F011K1PFQTC-ae89df9cdf\/image_160.png?t=xoxe-1005563464051-1077300145892-1094973465936-b91b441389dd5f41adba77ce94586498",
                "thumb_720": "https:\/\/files.slack.com\/files-tmb\/T0105GKDN1H-F011K1PFQTC-ae89df9cdf\/image_720.png?t=xoxe-1005563464051-1077300145892-1094973465936-b91b441389dd5f41adba77ce94586498",
                "thumb_720_w": 671,
                "thumb_720_h": 720,
                "thumb_800": "https:\/\/files.slack.com\/files-tmb\/T0105GKDN1H-F011K1PFQTC-ae89df9cdf\/image_800.png?t=xoxe-1005563464051-1077300145892-1094973465936-b91b441389dd5f41adba77ce94586498",
                "thumb_800_w": 800,
                "thumb_800_h": 858,
                "thumb_960": "https:\/\/files.slack.com\/files-tmb\/T0105GKDN1H-F011K1PFQTC-ae89df9cdf\/image_960.png?t=xoxe-1005563464051-1077300145892-1094973465936-b91b441389dd5f41adba77ce94586498",
                "thumb_960_w": 895,
                "thumb_960_h": 960,
                "thumb_1024": "https:\/\/files.slack.com\/files-tmb\/T0105GKDN1H-F011K1PFQTC-ae89df9cdf\/image_1024.png?t=xoxe-1005563464051-1077300145892-1094973465936-b91b441389dd5f41adba77ce94586498",
                "thumb_1024_w": 955,
                "thumb_1024_h": 1024,
                "original_w": 964,
                "original_h": 1034,
                "thumb_tiny": "AwAwACyb7FDwMtSi0t8YwT261PketL+dFgITZwHHynj3qwDim\/nR+dACnFI2M9KWo5PvfhQA4wIx3FRk0ruqH5mAqQdKpXAzI2TQ2wSLHmJ\/fFKroxwrAms3zCFxn\/61SRZVQQefakmNo0NtRSjDD6VJEcxKT6U2UEt+FMRKOlZF8xN0wzgA1IXfnbv\/ACNTKrSRlS23ockZpbjM9ZNq4PNOSYquAM\/WtZEVEVThiO+KiaHa7yBxjB+XbRYLkts263QkYyKc\/Ws4s\/IXfj6GrcZOznPtmhMGf\/\/Z",
                "permalink": "https:\/\/uclavirtfsfpt-96r8630.slack.com\/files\/U010Y90H4T0\/F011K1PFQTC\/image.png",
                "permalink_public": "https:\/\/slack-files.com\/T0105GKDN1H-F011K1PFQTC-5b2e109991",
                "is_starred": false,
                "has_rich_preview": false
            }
        ],
        "upload": true,
        "user": "U010Y90H4T0",
        "display_as_bot": false,
        "ts": "1586491027.051200",
        "client_msg_id": "7ccaaec4-2288-4153-891c-64bebc2ff4e3"
    },
    {
        "type": "message",
        "text": "",
        "files": [
            {
                "id": "F011KUTKVC3",
                "created": 1586491115,
                "timestamp": 1586491115,
                "name": "image.png",
                "title": "image.png",
                "mimetype": "image\/png",
                "filetype": "png",
                "pretty_type": "PNG",
                "user": "U010AJPBC3B",
                "editable": false,
                "size": 154461,
                "mode": "hosted",
                "is_external": false,
                "external_type": "",
                "is_public": true,
                "public_url_shared": false,
                "display_as_bot": false,
                "username": "",
                "url_private": "https:\/\/files.slack.com\/files-pri\/T0105GKDN1H-F011KUTKVC3\/image.png?t=xoxe-1005563464051-1077300145892-1094973465936-b91b441389dd5f41adba77ce94586498",
                "url_private_download": "https:\/\/files.slack.com\/files-pri\/T0105GKDN1H-F011KUTKVC3\/download\/image.png?t=xoxe-1005563464051-1077300145892-1094973465936-b91b441389dd5f41adba77ce94586498",
                "thumb_64": "https:\/\/files.slack.com\/files-tmb\/T0105GKDN1H-F011KUTKVC3-7ddb860969\/image_64.png?t=xoxe-1005563464051-1077300145892-1094973465936-b91b441389dd5f41adba77ce94586498",
                "thumb_80": "https:\/\/files.slack.com\/files-tmb\/T0105GKDN1H-F011KUTKVC3-7ddb860969\/image_80.png?t=xoxe-1005563464051-1077300145892-1094973465936-b91b441389dd5f41adba77ce94586498",
                "thumb_360": "https:\/\/files.slack.com\/files-tmb\/T0105GKDN1H-F011KUTKVC3-7ddb860969\/image_360.png?t=xoxe-1005563464051-1077300145892-1094973465936-b91b441389dd5f41adba77ce94586498",
                "thumb_360_w": 360,
                "thumb_360_h": 313,
                "thumb_480": "https:\/\/files.slack.com\/files-tmb\/T0105GKDN1H-F011KUTKVC3-7ddb860969\/image_480.png?t=xoxe-1005563464051-1077300145892-1094973465936-b91b441389dd5f41adba77ce94586498",
                "thumb_480_w": 480,
                "thumb_480_h": 418,
                "thumb_160": "https:\/\/files.slack.com\/files-tmb\/T0105GKDN1H-F011KUTKVC3-7ddb860969\/image_160.png?t=xoxe-1005563464051-1077300145892-1094973465936-b91b441389dd5f41adba77ce94586498",
                "original_w": 681,
                "original_h": 593,
                "thumb_tiny": "AwApADC75YPpQIx6KakCjA5P50u0ep\/OgViPy1\/uijy1\/uipMDOefzpaAsRbF9BSFFweB0qamkHacntQFitFdM6kbQSpweaWG5eS5MZAAAJqokcoLcMoznpU1pHIt0WZTgg8mgZfooooAKRvun6UtI33T9KAIt4zja3\/AHzUoGKSP\/Vr9BTqACiiigApG+6fpS0jfdP0oA\/\/2Q==",
                "permalink": "https:\/\/uclavirtfsfpt-96r8630.slack.com\/files\/U010AJPBC3B\/F011KUTKVC3\/image.png",
                "permalink_public": "https:\/\/slack-files.com\/T0105GKDN1H-F011KUTKVC3-3680ca4a73",
                "is_starred": false,
                "has_rich_preview": false
            }
        ],
        "upload": true,
        "user": "U010AJPBC3B",
        "display_as_bot": false,
        "ts": "1586491118.051500",
        "client_msg_id": "8e63cb4a-dadb-4621-9127-5828ba2a6aad",
        "reactions": [
            {
                "name": "star",
                "users": [
                    "U010ACLHD0R"
                ],
                "count": 1
            },
            {
                "name": "star2",
                "users": [
                    "U010Y90H4T0"
                ],
                "count": 1
            }
        ]
    },
    {
        "type": "message",
        "text": "",
        "files": [
            {
                "id": "F011MRB7QN9",
                "created": 1586491107,
                "timestamp": 1586491107,
                "name": "Screen Shot 2020-04-09 at 8.58.01 PM.png",
                "title": "Screen Shot 2020-04-09 at 8.58.01 PM.png",
                "mimetype": "image\/png",
                "filetype": "png",
                "pretty_type": "PNG",
                "user": "U010B4FCHCZ",
                "editable": false,
                "size": 795678,
                "mode": "hosted",
                "is_external": false,
                "external_type": "",
                "is_public": true,
                "public_url_shared": false,
                "display_as_bot": false,
                "username": "",
                "url_private": "https:\/\/files.slack.com\/files-pri\/T0105GKDN1H-F011MRB7QN9\/screen_shot_2020-04-09_at_8.58.01_pm.png?t=xoxe-1005563464051-1077300145892-1094973465936-b91b441389dd5f41adba77ce94586498",
                "url_private_download": "https:\/\/files.slack.com\/files-pri\/T0105GKDN1H-F011MRB7QN9\/download\/screen_shot_2020-04-09_at_8.58.01_pm.png?t=xoxe-1005563464051-1077300145892-1094973465936-b91b441389dd5f41adba77ce94586498",
                "thumb_64": "https:\/\/files.slack.com\/files-tmb\/T0105GKDN1H-F011MRB7QN9-f0a27f95ae\/screen_shot_2020-04-09_at_8.58.01_pm_64.png?t=xoxe-1005563464051-1077300145892-1094973465936-b91b441389dd5f41adba77ce94586498",
                "thumb_80": "https:\/\/files.slack.com\/files-tmb\/T0105GKDN1H-F011MRB7QN9-f0a27f95ae\/screen_shot_2020-04-09_at_8.58.01_pm_80.png?t=xoxe-1005563464051-1077300145892-1094973465936-b91b441389dd5f41adba77ce94586498",
                "thumb_360": "https:\/\/files.slack.com\/files-tmb\/T0105GKDN1H-F011MRB7QN9-f0a27f95ae\/screen_shot_2020-04-09_at_8.58.01_pm_360.png?t=xoxe-1005563464051-1077300145892-1094973465936-b91b441389dd5f41adba77ce94586498",
                "thumb_360_w": 360,
                "thumb_360_h": 203,
                "thumb_480": "https:\/\/files.slack.com\/files-tmb\/T0105GKDN1H-F011MRB7QN9-f0a27f95ae\/screen_shot_2020-04-09_at_8.58.01_pm_480.png?t=xoxe-1005563464051-1077300145892-1094973465936-b91b441389dd5f41adba77ce94586498",
                "thumb_480_w": 480,
                "thumb_480_h": 271,
                "thumb_160": "https:\/\/files.slack.com\/files-tmb\/T0105GKDN1H-F011MRB7QN9-f0a27f95ae\/screen_shot_2020-04-09_at_8.58.01_pm_160.png?t=xoxe-1005563464051-1077300145892-1094973465936-b91b441389dd5f41adba77ce94586498",
                "thumb_720": "https:\/\/files.slack.com\/files-tmb\/T0105GKDN1H-F011MRB7QN9-f0a27f95ae\/screen_shot_2020-04-09_at_8.58.01_pm_720.png?t=xoxe-1005563464051-1077300145892-1094973465936-b91b441389dd5f41adba77ce94586498",
                "thumb_720_w": 720,
                "thumb_720_h": 406,
                "thumb_800": "https:\/\/files.slack.com\/files-tmb\/T0105GKDN1H-F011MRB7QN9-f0a27f95ae\/screen_shot_2020-04-09_at_8.58.01_pm_800.png?t=xoxe-1005563464051-1077300145892-1094973465936-b91b441389dd5f41adba77ce94586498",
                "thumb_800_w": 800,
                "thumb_800_h": 451,
                "thumb_960": "https:\/\/files.slack.com\/files-tmb\/T0105GKDN1H-F011MRB7QN9-f0a27f95ae\/screen_shot_2020-04-09_at_8.58.01_pm_960.png?t=xoxe-1005563464051-1077300145892-1094973465936-b91b441389dd5f41adba77ce94586498",
                "thumb_960_w": 960,
                "thumb_960_h": 541,
                "thumb_1024": "https:\/\/files.slack.com\/files-tmb\/T0105GKDN1H-F011MRB7QN9-f0a27f95ae\/screen_shot_2020-04-09_at_8.58.01_pm_1024.png?t=xoxe-1005563464051-1077300145892-1094973465936-b91b441389dd5f41adba77ce94586498",
                "thumb_1024_w": 1024,
                "thumb_1024_h": 577,
                "original_w": 3562,
                "original_h": 2008,
                "thumb_tiny": "AwAbADDRpuG7GnBT3VfwqhdtMs2EyBj+HOKAL2DS4PpWWZLjA5ce\/NW7FpGDeZu7YzQBZwaMGnUUAFFFFABRRRQAUUUUAf\/Z",
                "permalink": "https:\/\/uclavirtfsfpt-96r8630.slack.com\/files\/U010B4FCHCZ\/F011MRB7QN9\/screen_shot_2020-04-09_at_8.58.01_pm.png",
                "permalink_public": "https:\/\/slack-files.com\/T0105GKDN1H-F011MRB7QN9-9dfbd851d5",
                "is_starred": false,
                "has_rich_preview": false
            }
        ],
        "upload": true,
        "user": "U010B4FCHCZ",
        "display_as_bot": false,
        "ts": "1586491128.051800",
        "client_msg_id": "db8df37d-d2b4-4d38-92d2-b09b3fbc9eca"
    },
    {
        "type": "message",
        "text": "",
        "files": [
            {
                "id": "F011T73QM9S",
                "created": 1586491126,
                "timestamp": 1586491126,
                "name": "image.png",
                "title": "image.png",
                "mimetype": "image\/png",
                "filetype": "png",
                "pretty_type": "PNG",
                "user": "U010L2Z8M7F",
                "editable": false,
                "size": 460756,
                "mode": "hosted",
                "is_external": false,
                "external_type": "",
                "is_public": true,
                "public_url_shared": false,
                "display_as_bot": false,
                "username": "",
                "url_private": "https:\/\/files.slack.com\/files-pri\/T0105GKDN1H-F011T73QM9S\/image.png?t=xoxe-1005563464051-1077300145892-1094973465936-b91b441389dd5f41adba77ce94586498",
                "url_private_download": "https:\/\/files.slack.com\/files-pri\/T0105GKDN1H-F011T73QM9S\/download\/image.png?t=xoxe-1005563464051-1077300145892-1094973465936-b91b441389dd5f41adba77ce94586498",
                "thumb_64": "https:\/\/files.slack.com\/files-tmb\/T0105GKDN1H-F011T73QM9S-31bf65071a\/image_64.png?t=xoxe-1005563464051-1077300145892-1094973465936-b91b441389dd5f41adba77ce94586498",
                "thumb_80": "https:\/\/files.slack.com\/files-tmb\/T0105GKDN1H-F011T73QM9S-31bf65071a\/image_80.png?t=xoxe-1005563464051-1077300145892-1094973465936-b91b441389dd5f41adba77ce94586498",
                "thumb_360": "https:\/\/files.slack.com\/files-tmb\/T0105GKDN1H-F011T73QM9S-31bf65071a\/image_360.png?t=xoxe-1005563464051-1077300145892-1094973465936-b91b441389dd5f41adba77ce94586498",
                "thumb_360_w": 360,
                "thumb_360_h": 213,
                "thumb_480": "https:\/\/files.slack.com\/files-tmb\/T0105GKDN1H-F011T73QM9S-31bf65071a\/image_480.png?t=xoxe-1005563464051-1077300145892-1094973465936-b91b441389dd5f41adba77ce94586498",
                "thumb_480_w": 480,
                "thumb_480_h": 285,
                "thumb_160": "https:\/\/files.slack.com\/files-tmb\/T0105GKDN1H-F011T73QM9S-31bf65071a\/image_160.png?t=xoxe-1005563464051-1077300145892-1094973465936-b91b441389dd5f41adba77ce94586498",
                "thumb_720": "https:\/\/files.slack.com\/files-tmb\/T0105GKDN1H-F011T73QM9S-31bf65071a\/image_720.png?t=xoxe-1005563464051-1077300145892-1094973465936-b91b441389dd5f41adba77ce94586498",
                "thumb_720_w": 720,
                "thumb_720_h": 427,
                "thumb_800": "https:\/\/files.slack.com\/files-tmb\/T0105GKDN1H-F011T73QM9S-31bf65071a\/image_800.png?t=xoxe-1005563464051-1077300145892-1094973465936-b91b441389dd5f41adba77ce94586498",
                "thumb_800_w": 800,
                "thumb_800_h": 474,
                "thumb_960": "https:\/\/files.slack.com\/files-tmb\/T0105GKDN1H-F011T73QM9S-31bf65071a\/image_960.png?t=xoxe-1005563464051-1077300145892-1094973465936-b91b441389dd5f41adba77ce94586498",
                "thumb_960_w": 960,
                "thumb_960_h": 569,
                "thumb_1024": "https:\/\/files.slack.com\/files-tmb\/T0105GKDN1H-F011T73QM9S-31bf65071a\/image_1024.png?t=xoxe-1005563464051-1077300145892-1094973465936-b91b441389dd5f41adba77ce94586498",
                "thumb_1024_w": 1024,
                "thumb_1024_h": 607,
                "original_w": 1467,
                "original_h": 870,
                "thumb_tiny": "AwAcADC59jg\/ufqabJa26xsxQ4AzwTVmork4tpSP7poAoB7PjKPg+x\/xqeOK1kbasbZ68k1mmYlEXH3TmrunTb5drLzjINAy7HbxxZ2ArnrzSyQRy43gtjpzUlFAgpGAZSGGQRyKAc0tAFf7LB\/zyT8qfHBHGcoiqfUCpMUYoAWiiigD\/9k=",
                "permalink": "https:\/\/uclavirtfsfpt-96r8630.slack.com\/files\/U010L2Z8M7F\/F011T73QM9S\/image.png",
                "permalink_public": "https:\/\/slack-files.com\/T0105GKDN1H-F011T73QM9S-9639af4111",
                "is_starred": false,
                "has_rich_preview": false
            }
        ],
        "upload": true,
        "user": "U010L2Z8M7F",
        "display_as_bot": false,
        "ts": "1586491129.052100",
        "client_msg_id": "8008c230-ddb7-4b4a-9517-aa9b5f2ad562"
    },
    {
        "type": "message",
        "text": "",
        "files": [
            {
                "id": "F0125MNHM40",
                "created": 1586491127,
                "timestamp": 1586491127,
                "name": "image.png",
                "title": "image.png",
                "mimetype": "image\/png",
                "filetype": "png",
                "pretty_type": "PNG",
                "user": "U010KG4F57W",
                "editable": false,
                "size": 2161359,
                "mode": "hosted",
                "is_external": false,
                "external_type": "",
                "is_public": true,
                "public_url_shared": false,
                "display_as_bot": false,
                "username": "",
                "url_private": "https:\/\/files.slack.com\/files-pri\/T0105GKDN1H-F0125MNHM40\/image.png?t=xoxe-1005563464051-1077300145892-1094973465936-b91b441389dd5f41adba77ce94586498",
                "url_private_download": "https:\/\/files.slack.com\/files-pri\/T0105GKDN1H-F0125MNHM40\/download\/image.png?t=xoxe-1005563464051-1077300145892-1094973465936-b91b441389dd5f41adba77ce94586498",
                "thumb_64": "https:\/\/files.slack.com\/files-tmb\/T0105GKDN1H-F0125MNHM40-af3766b426\/image_64.png?t=xoxe-1005563464051-1077300145892-1094973465936-b91b441389dd5f41adba77ce94586498",
                "thumb_80": "https:\/\/files.slack.com\/files-tmb\/T0105GKDN1H-F0125MNHM40-af3766b426\/image_80.png?t=xoxe-1005563464051-1077300145892-1094973465936-b91b441389dd5f41adba77ce94586498",
                "thumb_360": "https:\/\/files.slack.com\/files-tmb\/T0105GKDN1H-F0125MNHM40-af3766b426\/image_360.png?t=xoxe-1005563464051-1077300145892-1094973465936-b91b441389dd5f41adba77ce94586498",
                "thumb_360_w": 360,
                "thumb_360_h": 258,
                "thumb_480": "https:\/\/files.slack.com\/files-tmb\/T0105GKDN1H-F0125MNHM40-af3766b426\/image_480.png?t=xoxe-1005563464051-1077300145892-1094973465936-b91b441389dd5f41adba77ce94586498",
                "thumb_480_w": 480,
                "thumb_480_h": 344,
                "thumb_160": "https:\/\/files.slack.com\/files-tmb\/T0105GKDN1H-F0125MNHM40-af3766b426\/image_160.png?t=xoxe-1005563464051-1077300145892-1094973465936-b91b441389dd5f41adba77ce94586498",
                "thumb_720": "https:\/\/files.slack.com\/files-tmb\/T0105GKDN1H-F0125MNHM40-af3766b426\/image_720.png?t=xoxe-1005563464051-1077300145892-1094973465936-b91b441389dd5f41adba77ce94586498",
                "thumb_720_w": 720,
                "thumb_720_h": 516,
                "thumb_800": "https:\/\/files.slack.com\/files-tmb\/T0105GKDN1H-F0125MNHM40-af3766b426\/image_800.png?t=xoxe-1005563464051-1077300145892-1094973465936-b91b441389dd5f41adba77ce94586498",
                "thumb_800_w": 800,
                "thumb_800_h": 573,
                "thumb_960": "https:\/\/files.slack.com\/files-tmb\/T0105GKDN1H-F0125MNHM40-af3766b426\/image_960.png?t=xoxe-1005563464051-1077300145892-1094973465936-b91b441389dd5f41adba77ce94586498",
                "thumb_960_w": 960,
                "thumb_960_h": 688,
                "thumb_1024": "https:\/\/files.slack.com\/files-tmb\/T0105GKDN1H-F0125MNHM40-af3766b426\/image_1024.png?t=xoxe-1005563464051-1077300145892-1094973465936-b91b441389dd5f41adba77ce94586498",
                "thumb_1024_w": 1024,
                "thumb_1024_h": 734,
                "original_w": 2292,
                "original_h": 1642,
                "thumb_tiny": "AwAiADC\/uAOMH8qUNnpn8qj3\/PjYevXFPx9KdgHZNGTTcfSjHqBSAdmjNJgelGBQBlf2nP8A3Y\/yqWS8uo0DNGmD\/smq8UYWYFhwpqyXJmdWcFNpyKm5diH+05\/7sf5Gl\/tG4\/ux\/lULRkKp6E9al8shUeKIPxzn\/Ci4WHf2hcf3Yz+FN\/tOf+7H+VOKbkLSxCMgcEdz9KgSLdjPc4zRcLF+AAhiQDVUgC4bAx16Vbt+jVUb\/j4b8aQ2XGAMZyB0quQBKMAc1YP+r\/CoG\/1wpDQzALNkdBVh1Xy0+Udu1Qfxt9KsSfcT8KAZ\/9k=",
                "permalink": "https:\/\/uclavirtfsfpt-96r8630.slack.com\/files\/U010KG4F57W\/F0125MNHM40\/image.png",
                "permalink_public": "https:\/\/slack-files.com\/T0105GKDN1H-F0125MNHM40-d0229abf89",
                "is_starred": false,
                "has_rich_preview": false
            }
        ],
        "upload": true,
        "user": "U010KG4F57W",
        "display_as_bot": false,
        "ts": "1586491132.052600",
        "client_msg_id": "b4bbcf2d-9644-41ed-9adc-b5f8d558a014"
    },
    {
        "type": "message",
        "text": "",
        "files": [
            {
                "id": "F0125MNQPUG",
                "created": 1586491141,
                "timestamp": 1586491141,
                "name": "Capture3.JPG",
                "title": "Capture3.JPG",
                "mimetype": "image\/jpeg",
                "filetype": "jpg",
                "pretty_type": "JPEG",
                "user": "U010LUDNEJU",
                "editable": false,
                "size": 154671,
                "mode": "hosted",
                "is_external": false,
                "external_type": "",
                "is_public": true,
                "public_url_shared": false,
                "display_as_bot": false,
                "username": "",
                "url_private": "https:\/\/files.slack.com\/files-pri\/T0105GKDN1H-F0125MNQPUG\/capture3.jpg?t=xoxe-1005563464051-1077300145892-1094973465936-b91b441389dd5f41adba77ce94586498",
                "url_private_download": "https:\/\/files.slack.com\/files-pri\/T0105GKDN1H-F0125MNQPUG\/download\/capture3.jpg?t=xoxe-1005563464051-1077300145892-1094973465936-b91b441389dd5f41adba77ce94586498",
                "thumb_64": "https:\/\/files.slack.com\/files-tmb\/T0105GKDN1H-F0125MNQPUG-5fa8868055\/capture3_64.jpg?t=xoxe-1005563464051-1077300145892-1094973465936-b91b441389dd5f41adba77ce94586498",
                "thumb_80": "https:\/\/files.slack.com\/files-tmb\/T0105GKDN1H-F0125MNQPUG-5fa8868055\/capture3_80.jpg?t=xoxe-1005563464051-1077300145892-1094973465936-b91b441389dd5f41adba77ce94586498",
                "thumb_360": "https:\/\/files.slack.com\/files-tmb\/T0105GKDN1H-F0125MNQPUG-5fa8868055\/capture3_360.jpg?t=xoxe-1005563464051-1077300145892-1094973465936-b91b441389dd5f41adba77ce94586498",
                "thumb_360_w": 360,
                "thumb_360_h": 218,
                "thumb_480": "https:\/\/files.slack.com\/files-tmb\/T0105GKDN1H-F0125MNQPUG-5fa8868055\/capture3_480.jpg?t=xoxe-1005563464051-1077300145892-1094973465936-b91b441389dd5f41adba77ce94586498",
                "thumb_480_w": 480,
                "thumb_480_h": 291,
                "thumb_160": "https:\/\/files.slack.com\/files-tmb\/T0105GKDN1H-F0125MNQPUG-5fa8868055\/capture3_160.jpg?t=xoxe-1005563464051-1077300145892-1094973465936-b91b441389dd5f41adba77ce94586498",
                "thumb_720": "https:\/\/files.slack.com\/files-tmb\/T0105GKDN1H-F0125MNQPUG-5fa8868055\/capture3_720.jpg?t=xoxe-1005563464051-1077300145892-1094973465936-b91b441389dd5f41adba77ce94586498",
                "thumb_720_w": 720,
                "thumb_720_h": 437,
                "thumb_800": "https:\/\/files.slack.com\/files-tmb\/T0105GKDN1H-F0125MNQPUG-5fa8868055\/capture3_800.jpg?t=xoxe-1005563464051-1077300145892-1094973465936-b91b441389dd5f41adba77ce94586498",
                "thumb_800_w": 800,
                "thumb_800_h": 486,
                "thumb_960": "https:\/\/files.slack.com\/files-tmb\/T0105GKDN1H-F0125MNQPUG-5fa8868055\/capture3_960.jpg?t=xoxe-1005563464051-1077300145892-1094973465936-b91b441389dd5f41adba77ce94586498",
                "thumb_960_w": 960,
                "thumb_960_h": 583,
                "thumb_1024": "https:\/\/files.slack.com\/files-tmb\/T0105GKDN1H-F0125MNQPUG-5fa8868055\/capture3_1024.jpg?t=xoxe-1005563464051-1077300145892-1094973465936-b91b441389dd5f41adba77ce94586498",
                "thumb_1024_w": 1024,
                "thumb_1024_h": 621,
                "original_w": 2432,
                "original_h": 1476,
                "thumb_tiny": "AwAdADCQ2a\/88z\/33SrYoeTlfbOasjkn5SPr3paAIPsMH+3+dH2GD\/b\/ADqxRQBX+wwf7X50fYYP9r86sUUAPooooAKKKKACiiigD\/\/Z",
                "permalink": "https:\/\/uclavirtfsfpt-96r8630.slack.com\/files\/U010LUDNEJU\/F0125MNQPUG\/capture3.jpg",
                "permalink_public": "https:\/\/slack-files.com\/T0105GKDN1H-F0125MNQPUG-8a18e66b50",
                "is_starred": false,
                "has_rich_preview": false
            }
        ],
        "upload": true,
        "user": "U010LUDNEJU",
        "display_as_bot": false,
        "ts": "1586491144.052900",
        "client_msg_id": "23ccb327-c501-4678-9b43-574ab3799238"
    },
    {
        "type": "message",
        "text": "",
        "files": [
            {
                "id": "F011K1RRHT4",
                "created": 1586491168,
                "timestamp": 1586491168,
                "name": "bootstrapactivity.jpg",
                "title": "bootstrapactivity.jpg",
                "mimetype": "image\/jpeg",
                "filetype": "jpg",
                "pretty_type": "JPEG",
                "user": "U010PSR7BT6",
                "editable": false,
                "size": 310092,
                "mode": "hosted",
                "is_external": false,
                "external_type": "",
                "is_public": true,
                "public_url_shared": false,
                "display_as_bot": false,
                "username": "",
                "url_private": "https:\/\/files.slack.com\/files-pri\/T0105GKDN1H-F011K1RRHT4\/bootstrapactivity.jpg?t=xoxe-1005563464051-1077300145892-1094973465936-b91b441389dd5f41adba77ce94586498",
                "url_private_download": "https:\/\/files.slack.com\/files-pri\/T0105GKDN1H-F011K1RRHT4\/download\/bootstrapactivity.jpg?t=xoxe-1005563464051-1077300145892-1094973465936-b91b441389dd5f41adba77ce94586498",
                "thumb_64": "https:\/\/files.slack.com\/files-tmb\/T0105GKDN1H-F011K1RRHT4-ee386d894d\/bootstrapactivity_64.jpg?t=xoxe-1005563464051-1077300145892-1094973465936-b91b441389dd5f41adba77ce94586498",
                "thumb_80": "https:\/\/files.slack.com\/files-tmb\/T0105GKDN1H-F011K1RRHT4-ee386d894d\/bootstrapactivity_80.jpg?t=xoxe-1005563464051-1077300145892-1094973465936-b91b441389dd5f41adba77ce94586498",
                "thumb_360": "https:\/\/files.slack.com\/files-tmb\/T0105GKDN1H-F011K1RRHT4-ee386d894d\/bootstrapactivity_360.jpg?t=xoxe-1005563464051-1077300145892-1094973465936-b91b441389dd5f41adba77ce94586498",
                "thumb_360_w": 360,
                "thumb_360_h": 203,
                "thumb_480": "https:\/\/files.slack.com\/files-tmb\/T0105GKDN1H-F011K1RRHT4-ee386d894d\/bootstrapactivity_480.jpg?t=xoxe-1005563464051-1077300145892-1094973465936-b91b441389dd5f41adba77ce94586498",
                "thumb_480_w": 480,
                "thumb_480_h": 270,
                "thumb_160": "https:\/\/files.slack.com\/files-tmb\/T0105GKDN1H-F011K1RRHT4-ee386d894d\/bootstrapactivity_160.jpg?t=xoxe-1005563464051-1077300145892-1094973465936-b91b441389dd5f41adba77ce94586498",
                "thumb_720": "https:\/\/files.slack.com\/files-tmb\/T0105GKDN1H-F011K1RRHT4-ee386d894d\/bootstrapactivity_720.jpg?t=xoxe-1005563464051-1077300145892-1094973465936-b91b441389dd5f41adba77ce94586498",
                "thumb_720_w": 720,
                "thumb_720_h": 405,
                "thumb_800": "https:\/\/files.slack.com\/files-tmb\/T0105GKDN1H-F011K1RRHT4-ee386d894d\/bootstrapactivity_800.jpg?t=xoxe-1005563464051-1077300145892-1094973465936-b91b441389dd5f41adba77ce94586498",
                "thumb_800_w": 800,
                "thumb_800_h": 450,
                "thumb_960": "https:\/\/files.slack.com\/files-tmb\/T0105GKDN1H-F011K1RRHT4-ee386d894d\/bootstrapactivity_960.jpg?t=xoxe-1005563464051-1077300145892-1094973465936-b91b441389dd5f41adba77ce94586498",
                "thumb_960_w": 960,
                "thumb_960_h": 540,
                "thumb_1024": "https:\/\/files.slack.com\/files-tmb\/T0105GKDN1H-F011K1RRHT4-ee386d894d\/bootstrapactivity_1024.jpg?t=xoxe-1005563464051-1077300145892-1094973465936-b91b441389dd5f41adba77ce94586498",
                "thumb_1024_w": 1024,
                "thumb_1024_h": 576,
                "original_w": 1920,
                "original_h": 1080,
                "thumb_tiny": "AwAbADC\/lfQfnTsf7NV2ukjukt9pOeC3v2qxn60AG0f3aNo\/u0ufY0Z9jQAmB\/doP+7S5PpQc4oATAyDgZHANN+ccbCcd8jmmW7s0KMxySOTUOoTSRLH5bFck5oAuLkjkYoxWQbufA\/eH8qf9qnyf3h6UAamKCOKyhdTkD94aRrufcR5hoA\/\/9k=",
                "permalink": "https:\/\/uclavirtfsfpt-96r8630.slack.com\/files\/U010PSR7BT6\/F011K1RRHT4\/bootstrapactivity.jpg",
                "permalink_public": "https:\/\/slack-files.com\/T0105GKDN1H-F011K1RRHT4-0ae384f0d7",
                "is_starred": false,
                "has_rich_preview": false
            }
        ],
        "upload": true,
        "user": "U010PSR7BT6",
        "display_as_bot": false,
        "ts": "1586491172.053200",
        "client_msg_id": "73028a02-b6c2-4a34-ae01-45419cda901a"
    },
    {
        "type": "message",
        "text": "",
        "files": [
            {
                "id": "F0125MPQL64",
                "created": 1586491181,
                "timestamp": 1586491181,
                "name": "Screen Shot 2020-04-09 at 8.56.10 PM.png",
                "title": "Screen Shot 2020-04-09 at 8.56.10 PM.png",
                "mimetype": "image\/png",
                "filetype": "png",
                "pretty_type": "PNG",
                "user": "U010LRKMSKX",
                "editable": false,
                "size": 622178,
                "mode": "hosted",
                "is_external": false,
                "external_type": "",
                "is_public": true,
                "public_url_shared": false,
                "display_as_bot": false,
                "username": "",
                "url_private": "https:\/\/files.slack.com\/files-pri\/T0105GKDN1H-F0125MPQL64\/screen_shot_2020-04-09_at_8.56.10_pm.png?t=xoxe-1005563464051-1077300145892-1094973465936-b91b441389dd5f41adba77ce94586498",
                "url_private_download": "https:\/\/files.slack.com\/files-pri\/T0105GKDN1H-F0125MPQL64\/download\/screen_shot_2020-04-09_at_8.56.10_pm.png?t=xoxe-1005563464051-1077300145892-1094973465936-b91b441389dd5f41adba77ce94586498",
                "thumb_64": "https:\/\/files.slack.com\/files-tmb\/T0105GKDN1H-F0125MPQL64-5e870c2b89\/screen_shot_2020-04-09_at_8.56.10_pm_64.png?t=xoxe-1005563464051-1077300145892-1094973465936-b91b441389dd5f41adba77ce94586498",
                "thumb_80": "https:\/\/files.slack.com\/files-tmb\/T0105GKDN1H-F0125MPQL64-5e870c2b89\/screen_shot_2020-04-09_at_8.56.10_pm_80.png?t=xoxe-1005563464051-1077300145892-1094973465936-b91b441389dd5f41adba77ce94586498",
                "thumb_360": "https:\/\/files.slack.com\/files-tmb\/T0105GKDN1H-F0125MPQL64-5e870c2b89\/screen_shot_2020-04-09_at_8.56.10_pm_360.png?t=xoxe-1005563464051-1077300145892-1094973465936-b91b441389dd5f41adba77ce94586498",
                "thumb_360_w": 360,
                "thumb_360_h": 174,
                "thumb_480": "https:\/\/files.slack.com\/files-tmb\/T0105GKDN1H-F0125MPQL64-5e870c2b89\/screen_shot_2020-04-09_at_8.56.10_pm_480.png?t=xoxe-1005563464051-1077300145892-1094973465936-b91b441389dd5f41adba77ce94586498",
                "thumb_480_w": 480,
                "thumb_480_h": 232,
                "thumb_160": "https:\/\/files.slack.com\/files-tmb\/T0105GKDN1H-F0125MPQL64-5e870c2b89\/screen_shot_2020-04-09_at_8.56.10_pm_160.png?t=xoxe-1005563464051-1077300145892-1094973465936-b91b441389dd5f41adba77ce94586498",
                "thumb_720": "https:\/\/files.slack.com\/files-tmb\/T0105GKDN1H-F0125MPQL64-5e870c2b89\/screen_shot_2020-04-09_at_8.56.10_pm_720.png?t=xoxe-1005563464051-1077300145892-1094973465936-b91b441389dd5f41adba77ce94586498",
                "thumb_720_w": 720,
                "thumb_720_h": 348,
                "thumb_800": "https:\/\/files.slack.com\/files-tmb\/T0105GKDN1H-F0125MPQL64-5e870c2b89\/screen_shot_2020-04-09_at_8.56.10_pm_800.png?t=xoxe-1005563464051-1077300145892-1094973465936-b91b441389dd5f41adba77ce94586498",
                "thumb_800_w": 800,
                "thumb_800_h": 387,
                "thumb_960": "https:\/\/files.slack.com\/files-tmb\/T0105GKDN1H-F0125MPQL64-5e870c2b89\/screen_shot_2020-04-09_at_8.56.10_pm_960.png?t=xoxe-1005563464051-1077300145892-1094973465936-b91b441389dd5f41adba77ce94586498",
                "thumb_960_w": 960,
                "thumb_960_h": 465,
                "thumb_1024": "https:\/\/files.slack.com\/files-tmb\/T0105GKDN1H-F0125MPQL64-5e870c2b89\/screen_shot_2020-04-09_at_8.56.10_pm_1024.png?t=xoxe-1005563464051-1077300145892-1094973465936-b91b441389dd5f41adba77ce94586498",
                "thumb_1024_w": 1024,
                "thumb_1024_h": 496,
                "original_w": 2856,
                "original_h": 1382,
                "thumb_tiny": "AwAXADC\/g5+8aMH+8aeRxxSbsdRQAlFLvHpRvHpQAlFLvHpSjkUAJIwRCxOAKhjjKkfOx3ZJB6Gn3X\/Hu\/0oH3o\/89qAH7PWjYPenUUAN2D3pwGBRRQB\/9k=",
                "permalink": "https:\/\/uclavirtfsfpt-96r8630.slack.com\/files\/U010LRKMSKX\/F0125MPQL64\/screen_shot_2020-04-09_at_8.56.10_pm.png",
                "permalink_public": "https:\/\/slack-files.com\/T0105GKDN1H-F0125MPQL64-81ffa9b025",
                "is_starred": false,
                "has_rich_preview": false
            }
        ],
        "upload": true,
        "user": "U010LRKMSKX",
        "display_as_bot": false,
        "ts": "1586491184.053500",
        "client_msg_id": "f0b77b88-5d59-4443-9900-8a4716527840"
    },
    {
        "type": "message",
        "text": "",
        "files": [
            {
                "id": "F0125MPT8RE",
                "created": 1586491185,
                "timestamp": 1586491185,
                "name": "Screen Shot 2020-04-09 at 8.59.25 PM.png",
                "title": "Screen Shot 2020-04-09 at 8.59.25 PM.png",
                "mimetype": "image\/png",
                "filetype": "png",
                "pretty_type": "PNG",
                "user": "U010T8GS82C",
                "editable": false,
                "size": 530463,
                "mode": "hosted",
                "is_external": false,
                "external_type": "",
                "is_public": true,
                "public_url_shared": false,
                "display_as_bot": false,
                "username": "",
                "url_private": "https:\/\/files.slack.com\/files-pri\/T0105GKDN1H-F0125MPT8RE\/screen_shot_2020-04-09_at_8.59.25_pm.png?t=xoxe-1005563464051-1077300145892-1094973465936-b91b441389dd5f41adba77ce94586498",
                "url_private_download": "https:\/\/files.slack.com\/files-pri\/T0105GKDN1H-F0125MPT8RE\/download\/screen_shot_2020-04-09_at_8.59.25_pm.png?t=xoxe-1005563464051-1077300145892-1094973465936-b91b441389dd5f41adba77ce94586498",
                "thumb_64": "https:\/\/files.slack.com\/files-tmb\/T0105GKDN1H-F0125MPT8RE-85585914af\/screen_shot_2020-04-09_at_8.59.25_pm_64.png?t=xoxe-1005563464051-1077300145892-1094973465936-b91b441389dd5f41adba77ce94586498",
                "thumb_80": "https:\/\/files.slack.com\/files-tmb\/T0105GKDN1H-F0125MPT8RE-85585914af\/screen_shot_2020-04-09_at_8.59.25_pm_80.png?t=xoxe-1005563464051-1077300145892-1094973465936-b91b441389dd5f41adba77ce94586498",
                "thumb_360": "https:\/\/files.slack.com\/files-tmb\/T0105GKDN1H-F0125MPT8RE-85585914af\/screen_shot_2020-04-09_at_8.59.25_pm_360.png?t=xoxe-1005563464051-1077300145892-1094973465936-b91b441389dd5f41adba77ce94586498",
                "thumb_360_w": 360,
                "thumb_360_h": 223,
                "thumb_480": "https:\/\/files.slack.com\/files-tmb\/T0105GKDN1H-F0125MPT8RE-85585914af\/screen_shot_2020-04-09_at_8.59.25_pm_480.png?t=xoxe-1005563464051-1077300145892-1094973465936-b91b441389dd5f41adba77ce94586498",
                "thumb_480_w": 480,
                "thumb_480_h": 298,
                "thumb_160": "https:\/\/files.slack.com\/files-tmb\/T0105GKDN1H-F0125MPT8RE-85585914af\/screen_shot_2020-04-09_at_8.59.25_pm_160.png?t=xoxe-1005563464051-1077300145892-1094973465936-b91b441389dd5f41adba77ce94586498",
                "thumb_720": "https:\/\/files.slack.com\/files-tmb\/T0105GKDN1H-F0125MPT8RE-85585914af\/screen_shot_2020-04-09_at_8.59.25_pm_720.png?t=xoxe-1005563464051-1077300145892-1094973465936-b91b441389dd5f41adba77ce94586498",
                "thumb_720_w": 720,
                "thumb_720_h": 446,
                "thumb_800": "https:\/\/files.slack.com\/files-tmb\/T0105GKDN1H-F0125MPT8RE-85585914af\/screen_shot_2020-04-09_at_8.59.25_pm_800.png?t=xoxe-1005563464051-1077300145892-1094973465936-b91b441389dd5f41adba77ce94586498",
                "thumb_800_w": 800,
                "thumb_800_h": 496,
                "thumb_960": "https:\/\/files.slack.com\/files-tmb\/T0105GKDN1H-F0125MPT8RE-85585914af\/screen_shot_2020-04-09_at_8.59.25_pm_960.png?t=xoxe-1005563464051-1077300145892-1094973465936-b91b441389dd5f41adba77ce94586498",
                "thumb_960_w": 960,
                "thumb_960_h": 595,
                "thumb_1024": "https:\/\/files.slack.com\/files-tmb\/T0105GKDN1H-F0125MPT8RE-85585914af\/screen_shot_2020-04-09_at_8.59.25_pm_1024.png?t=xoxe-1005563464051-1077300145892-1094973465936-b91b441389dd5f41adba77ce94586498",
                "thumb_1024_w": 1024,
                "thumb_1024_h": 635,
                "image_exif_rotation": 1,
                "original_w": 2471,
                "original_h": 1532,
                "thumb_tiny": "AwAdADDTooooAguHaGPeMkDtUijcoO44PvVbUIt6oxJ2qTkAZzSaarLG2flUnIXnIoAujpRRRQAUUUUANfPahM96STDDawyPrQgC\/Ko4+tAD6KKKAP\/Z",
                "permalink": "https:\/\/uclavirtfsfpt-96r8630.slack.com\/files\/U010T8GS82C\/F0125MPT8RE\/screen_shot_2020-04-09_at_8.59.25_pm.png",
                "permalink_public": "https:\/\/slack-files.com\/T0105GKDN1H-F0125MPT8RE-1a1e7233dc",
                "is_starred": false,
                "has_rich_preview": false
            }
        ],
        "upload": true,
        "user": "U010T8GS82C",
        "display_as_bot": false,
        "ts": "1586491188.053800",
        "client_msg_id": "15b819c0-a679-4988-8e66-564b0dd8be86"
    },
    {
        "type": "message",
        "text": "",
        "files": [
            {
                "id": "F011V8LEYQH",
                "created": 1586491224,
                "timestamp": 1586491224,
                "name": "Screen Shot 2020-04-09 at 8.58.34 PM (2).png",
                "title": "Screen Shot 2020-04-09 at 8.58.34 PM (2).png",
                "mimetype": "image\/png",
                "filetype": "png",
                "pretty_type": "PNG",
                "user": "U010HBPMX5G",
                "editable": false,
                "size": 96559,
                "mode": "hosted",
                "is_external": false,
                "external_type": "",
                "is_public": true,
                "public_url_shared": false,
                "display_as_bot": false,
                "username": "",
                "url_private": "https:\/\/files.slack.com\/files-pri\/T0105GKDN1H-F011V8LEYQH\/screen_shot_2020-04-09_at_8.58.34_pm__2_.png?t=xoxe-1005563464051-1077300145892-1094973465936-b91b441389dd5f41adba77ce94586498",
                "url_private_download": "https:\/\/files.slack.com\/files-pri\/T0105GKDN1H-F011V8LEYQH\/download\/screen_shot_2020-04-09_at_8.58.34_pm__2_.png?t=xoxe-1005563464051-1077300145892-1094973465936-b91b441389dd5f41adba77ce94586498",
                "thumb_64": "https:\/\/files.slack.com\/files-tmb\/T0105GKDN1H-F011V8LEYQH-dfbcd49d8d\/screen_shot_2020-04-09_at_8.58.34_pm__2__64.png?t=xoxe-1005563464051-1077300145892-1094973465936-b91b441389dd5f41adba77ce94586498",
                "thumb_80": "https:\/\/files.slack.com\/files-tmb\/T0105GKDN1H-F011V8LEYQH-dfbcd49d8d\/screen_shot_2020-04-09_at_8.58.34_pm__2__80.png?t=xoxe-1005563464051-1077300145892-1094973465936-b91b441389dd5f41adba77ce94586498",
                "thumb_360": "https:\/\/files.slack.com\/files-tmb\/T0105GKDN1H-F011V8LEYQH-dfbcd49d8d\/screen_shot_2020-04-09_at_8.58.34_pm__2__360.png?t=xoxe-1005563464051-1077300145892-1094973465936-b91b441389dd5f41adba77ce94586498",
                "thumb_360_w": 360,
                "thumb_360_h": 288,
                "thumb_480": "https:\/\/files.slack.com\/files-tmb\/T0105GKDN1H-F011V8LEYQH-dfbcd49d8d\/screen_shot_2020-04-09_at_8.58.34_pm__2__480.png?t=xoxe-1005563464051-1077300145892-1094973465936-b91b441389dd5f41adba77ce94586498",
                "thumb_480_w": 480,
                "thumb_480_h": 384,
                "thumb_160": "https:\/\/files.slack.com\/files-tmb\/T0105GKDN1H-F011V8LEYQH-dfbcd49d8d\/screen_shot_2020-04-09_at_8.58.34_pm__2__160.png?t=xoxe-1005563464051-1077300145892-1094973465936-b91b441389dd5f41adba77ce94586498",
                "thumb_720": "https:\/\/files.slack.com\/files-tmb\/T0105GKDN1H-F011V8LEYQH-dfbcd49d8d\/screen_shot_2020-04-09_at_8.58.34_pm__2__720.png?t=xoxe-1005563464051-1077300145892-1094973465936-b91b441389dd5f41adba77ce94586498",
                "thumb_720_w": 720,
                "thumb_720_h": 576,
                "thumb_800": "https:\/\/files.slack.com\/files-tmb\/T0105GKDN1H-F011V8LEYQH-dfbcd49d8d\/screen_shot_2020-04-09_at_8.58.34_pm__2__800.png?t=xoxe-1005563464051-1077300145892-1094973465936-b91b441389dd5f41adba77ce94586498",
                "thumb_800_w": 800,
                "thumb_800_h": 640,
                "thumb_960": "https:\/\/files.slack.com\/files-tmb\/T0105GKDN1H-F011V8LEYQH-dfbcd49d8d\/screen_shot_2020-04-09_at_8.58.34_pm__2__960.png?t=xoxe-1005563464051-1077300145892-1094973465936-b91b441389dd5f41adba77ce94586498",
                "thumb_960_w": 960,
                "thumb_960_h": 768,
                "thumb_1024": "https:\/\/files.slack.com\/files-tmb\/T0105GKDN1H-F011V8LEYQH-dfbcd49d8d\/screen_shot_2020-04-09_at_8.58.34_pm__2__1024.png?t=xoxe-1005563464051-1077300145892-1094973465936-b91b441389dd5f41adba77ce94586498",
                "thumb_1024_w": 1024,
                "thumb_1024_h": 819,
                "original_w": 1280,
                "original_h": 1024,
                "thumb_tiny": "AwAmADB39nf9NP0pf7P\/AOmg\/KrnDHhvyNLsPqfzoApf2cP+eg\/Kk\/s7\/pr+lXdh9W\/OlCkdyfqaAKP9mj\/nr+lL\/Zw\/56D\/AL5q9g0YNAChQOgH5UtFFABRRRQAUUUUAFFFFABRRRQAUUUUAf\/Z",
                "permalink": "https:\/\/uclavirtfsfpt-96r8630.slack.com\/files\/U010HBPMX5G\/F011V8LEYQH\/screen_shot_2020-04-09_at_8.58.34_pm__2_.png",
                "permalink_public": "https:\/\/slack-files.com\/T0105GKDN1H-F011V8LEYQH-30fd2401fc",
                "is_starred": false,
                "has_rich_preview": false
            }
        ],
        "upload": true,
        "user": "U010HBPMX5G",
        "display_as_bot": false,
        "ts": "1586491227.054100",
        "client_msg_id": "87123e8d-f385-49ce-a386-01c5e2be64c5"
    },
    {
        "type": "message",
        "text": "",
        "files": [
            {
                "id": "F011V8M3CQH",
                "created": 1586491244,
                "timestamp": 1586491244,
                "name": "boot testing.png",
                "title": "boot testing.png",
                "mimetype": "image\/png",
                "filetype": "png",
                "pretty_type": "PNG",
                "user": "U01086WUV5Y",
                "editable": false,
                "size": 136995,
                "mode": "hosted",
                "is_external": false,
                "external_type": "",
                "is_public": true,
                "public_url_shared": false,
                "display_as_bot": false,
                "username": "",
                "url_private": "https:\/\/files.slack.com\/files-pri\/T0105GKDN1H-F011V8M3CQH\/boot_testing.png?t=xoxe-1005563464051-1077300145892-1094973465936-b91b441389dd5f41adba77ce94586498",
                "url_private_download": "https:\/\/files.slack.com\/files-pri\/T0105GKDN1H-F011V8M3CQH\/download\/boot_testing.png?t=xoxe-1005563464051-1077300145892-1094973465936-b91b441389dd5f41adba77ce94586498",
                "thumb_64": "https:\/\/files.slack.com\/files-tmb\/T0105GKDN1H-F011V8M3CQH-b5378de83f\/boot_testing_64.png?t=xoxe-1005563464051-1077300145892-1094973465936-b91b441389dd5f41adba77ce94586498",
                "thumb_80": "https:\/\/files.slack.com\/files-tmb\/T0105GKDN1H-F011V8M3CQH-b5378de83f\/boot_testing_80.png?t=xoxe-1005563464051-1077300145892-1094973465936-b91b441389dd5f41adba77ce94586498",
                "thumb_360": "https:\/\/files.slack.com\/files-tmb\/T0105GKDN1H-F011V8M3CQH-b5378de83f\/boot_testing_360.png?t=xoxe-1005563464051-1077300145892-1094973465936-b91b441389dd5f41adba77ce94586498",
                "thumb_360_w": 360,
                "thumb_360_h": 241,
                "thumb_480": "https:\/\/files.slack.com\/files-tmb\/T0105GKDN1H-F011V8M3CQH-b5378de83f\/boot_testing_480.png?t=xoxe-1005563464051-1077300145892-1094973465936-b91b441389dd5f41adba77ce94586498",
                "thumb_480_w": 480,
                "thumb_480_h": 322,
                "thumb_160": "https:\/\/files.slack.com\/files-tmb\/T0105GKDN1H-F011V8M3CQH-b5378de83f\/boot_testing_160.png?t=xoxe-1005563464051-1077300145892-1094973465936-b91b441389dd5f41adba77ce94586498",
                "thumb_720": "https:\/\/files.slack.com\/files-tmb\/T0105GKDN1H-F011V8M3CQH-b5378de83f\/boot_testing_720.png?t=xoxe-1005563464051-1077300145892-1094973465936-b91b441389dd5f41adba77ce94586498",
                "thumb_720_w": 720,
                "thumb_720_h": 483,
                "thumb_800": "https:\/\/files.slack.com\/files-tmb\/T0105GKDN1H-F011V8M3CQH-b5378de83f\/boot_testing_800.png?t=xoxe-1005563464051-1077300145892-1094973465936-b91b441389dd5f41adba77ce94586498",
                "thumb_800_w": 800,
                "thumb_800_h": 536,
                "original_w": 871,
                "original_h": 584,
                "thumb_tiny": "AwAgADCIHAA2gnGTgZqdLRpY1cFADUgtTt3Iw+Yd+3FWoYxFEqA52jGadyeRFP7A\/wDfWj7A\/wDfWr9FFw5EUPsD\/wB9aPsD\/wB9av0UXDkRVgUqqlwCMdMCpwwUYCH6cVDGP3a8dh2FP2+3\/jopFEm\/nGD+lG\/nG01GRk9D+QpNuDwP\/HRQBJv4yFNKHz\/Cf0pgUEdQB6YFLsHZl\/75FAH\/2Q==",
                "permalink": "https:\/\/uclavirtfsfpt-96r8630.slack.com\/files\/U01086WUV5Y\/F011V8M3CQH\/boot_testing.png",
                "permalink_public": "https:\/\/slack-files.com\/T0105GKDN1H-F011V8M3CQH-bfac8bdd5d",
                "is_starred": false,
                "has_rich_preview": false
            }
        ],
        "upload": true,
        "user": "U01086WUV5Y",
        "display_as_bot": false,
        "ts": "1586491246.054400",
        "client_msg_id": "e9bd046f-32c5-4211-92b1-13e071358049"
    },
    {
        "type": "message",
        "text": "",
        "files": [
            {
                "id": "F011T7739KN",
                "created": 1586491332,
                "timestamp": 1586491332,
                "name": "Screen Shot 2020-04-09 at 9.02.00 PM.png",
                "title": "Screen Shot 2020-04-09 at 9.02.00 PM.png",
                "mimetype": "image\/png",
                "filetype": "png",
                "pretty_type": "PNG",
                "user": "U010LJ07DTN",
                "editable": false,
                "size": 38191,
                "mode": "hosted",
                "is_external": false,
                "external_type": "",
                "is_public": true,
                "public_url_shared": false,
                "display_as_bot": false,
                "username": "",
                "url_private": "https:\/\/files.slack.com\/files-pri\/T0105GKDN1H-F011T7739KN\/screen_shot_2020-04-09_at_9.02.00_pm.png?t=xoxe-1005563464051-1077300145892-1094973465936-b91b441389dd5f41adba77ce94586498",
                "url_private_download": "https:\/\/files.slack.com\/files-pri\/T0105GKDN1H-F011T7739KN\/download\/screen_shot_2020-04-09_at_9.02.00_pm.png?t=xoxe-1005563464051-1077300145892-1094973465936-b91b441389dd5f41adba77ce94586498",
                "thumb_64": "https:\/\/files.slack.com\/files-tmb\/T0105GKDN1H-F011T7739KN-699901e9c4\/screen_shot_2020-04-09_at_9.02.00_pm_64.png?t=xoxe-1005563464051-1077300145892-1094973465936-b91b441389dd5f41adba77ce94586498",
                "thumb_80": "https:\/\/files.slack.com\/files-tmb\/T0105GKDN1H-F011T7739KN-699901e9c4\/screen_shot_2020-04-09_at_9.02.00_pm_80.png?t=xoxe-1005563464051-1077300145892-1094973465936-b91b441389dd5f41adba77ce94586498",
                "thumb_360": "https:\/\/files.slack.com\/files-tmb\/T0105GKDN1H-F011T7739KN-699901e9c4\/screen_shot_2020-04-09_at_9.02.00_pm_360.png?t=xoxe-1005563464051-1077300145892-1094973465936-b91b441389dd5f41adba77ce94586498",
                "thumb_360_w": 360,
                "thumb_360_h": 150,
                "thumb_480": "https:\/\/files.slack.com\/files-tmb\/T0105GKDN1H-F011T7739KN-699901e9c4\/screen_shot_2020-04-09_at_9.02.00_pm_480.png?t=xoxe-1005563464051-1077300145892-1094973465936-b91b441389dd5f41adba77ce94586498",
                "thumb_480_w": 480,
                "thumb_480_h": 200,
                "thumb_160": "https:\/\/files.slack.com\/files-tmb\/T0105GKDN1H-F011T7739KN-699901e9c4\/screen_shot_2020-04-09_at_9.02.00_pm_160.png?t=xoxe-1005563464051-1077300145892-1094973465936-b91b441389dd5f41adba77ce94586498",
                "thumb_720": "https:\/\/files.slack.com\/files-tmb\/T0105GKDN1H-F011T7739KN-699901e9c4\/screen_shot_2020-04-09_at_9.02.00_pm_720.png?t=xoxe-1005563464051-1077300145892-1094973465936-b91b441389dd5f41adba77ce94586498",
                "thumb_720_w": 720,
                "thumb_720_h": 300,
                "thumb_800": "https:\/\/files.slack.com\/files-tmb\/T0105GKDN1H-F011T7739KN-699901e9c4\/screen_shot_2020-04-09_at_9.02.00_pm_800.png?t=xoxe-1005563464051-1077300145892-1094973465936-b91b441389dd5f41adba77ce94586498",
                "thumb_800_w": 800,
                "thumb_800_h": 334,
                "original_w": 925,
                "original_h": 386,
                "thumb_tiny": "AwAUADDQphYg\/d\/WnAr\/AHl\/Oj5f7y\/nQA3ef7v60obPUY\/GnAA9CD9KXb9KAG5HrRketO2\/Sjb9KAK4Q\/33\/OpIl+Y5JPHekFPj6mnLccdiQADoKKKKQgooooA\/\/9k=",
                "permalink": "https:\/\/uclavirtfsfpt-96r8630.slack.com\/files\/U010LJ07DTN\/F011T7739KN\/screen_shot_2020-04-09_at_9.02.00_pm.png",
                "permalink_public": "https:\/\/slack-files.com\/T0105GKDN1H-F011T7739KN-bcc5948445",
                "is_starred": false,
                "has_rich_preview": false
            }
        ],
        "upload": true,
        "user": "U010LJ07DTN",
        "display_as_bot": false,
        "ts": "1586491334.054700",
        "client_msg_id": "0fe65f73-9b0d-4b49-ad5d-b5ed03553f72"
    },
    {
        "type": "message",
        "text": "",
        "files": [
            {
                "id": "F011MREANPP",
                "created": 1586491377,
                "timestamp": 1586491377,
                "name": "Chew.png",
                "title": "Chew.png",
                "mimetype": "image\/png",
                "filetype": "png",
                "pretty_type": "PNG",
                "user": "U010P7ZMAP3",
                "editable": false,
                "size": 994292,
                "mode": "hosted",
                "is_external": false,
                "external_type": "",
                "is_public": true,
                "public_url_shared": false,
                "display_as_bot": false,
                "username": "",
                "url_private": "https:\/\/files.slack.com\/files-pri\/T0105GKDN1H-F011MREANPP\/chew.png?t=xoxe-1005563464051-1077300145892-1094973465936-b91b441389dd5f41adba77ce94586498",
                "url_private_download": "https:\/\/files.slack.com\/files-pri\/T0105GKDN1H-F011MREANPP\/download\/chew.png?t=xoxe-1005563464051-1077300145892-1094973465936-b91b441389dd5f41adba77ce94586498",
                "thumb_64": "https:\/\/files.slack.com\/files-tmb\/T0105GKDN1H-F011MREANPP-adce6c3dcb\/chew_64.png?t=xoxe-1005563464051-1077300145892-1094973465936-b91b441389dd5f41adba77ce94586498",
                "thumb_80": "https:\/\/files.slack.com\/files-tmb\/T0105GKDN1H-F011MREANPP-adce6c3dcb\/chew_80.png?t=xoxe-1005563464051-1077300145892-1094973465936-b91b441389dd5f41adba77ce94586498",
                "thumb_360": "https:\/\/files.slack.com\/files-tmb\/T0105GKDN1H-F011MREANPP-adce6c3dcb\/chew_360.png?t=xoxe-1005563464051-1077300145892-1094973465936-b91b441389dd5f41adba77ce94586498",
                "thumb_360_w": 360,
                "thumb_360_h": 193,
                "thumb_480": "https:\/\/files.slack.com\/files-tmb\/T0105GKDN1H-F011MREANPP-adce6c3dcb\/chew_480.png?t=xoxe-1005563464051-1077300145892-1094973465936-b91b441389dd5f41adba77ce94586498",
                "thumb_480_w": 480,
                "thumb_480_h": 257,
                "thumb_160": "https:\/\/files.slack.com\/files-tmb\/T0105GKDN1H-F011MREANPP-adce6c3dcb\/chew_160.png?t=xoxe-1005563464051-1077300145892-1094973465936-b91b441389dd5f41adba77ce94586498",
                "thumb_720": "https:\/\/files.slack.com\/files-tmb\/T0105GKDN1H-F011MREANPP-adce6c3dcb\/chew_720.png?t=xoxe-1005563464051-1077300145892-1094973465936-b91b441389dd5f41adba77ce94586498",
                "thumb_720_w": 720,
                "thumb_720_h": 385,
                "thumb_800": "https:\/\/files.slack.com\/files-tmb\/T0105GKDN1H-F011MREANPP-adce6c3dcb\/chew_800.png?t=xoxe-1005563464051-1077300145892-1094973465936-b91b441389dd5f41adba77ce94586498",
                "thumb_800_w": 800,
                "thumb_800_h": 428,
                "thumb_960": "https:\/\/files.slack.com\/files-tmb\/T0105GKDN1H-F011MREANPP-adce6c3dcb\/chew_960.png?t=xoxe-1005563464051-1077300145892-1094973465936-b91b441389dd5f41adba77ce94586498",
                "thumb_960_w": 960,
                "thumb_960_h": 514,
                "thumb_1024": "https:\/\/files.slack.com\/files-tmb\/T0105GKDN1H-F011MREANPP-adce6c3dcb\/chew_1024.png?t=xoxe-1005563464051-1077300145892-1094973465936-b91b441389dd5f41adba77ce94586498",
                "thumb_1024_w": 1024,
                "thumb_1024_h": 548,
                "original_w": 1920,
                "original_h": 1027,
                "thumb_tiny": "AwAZADCx9kh\/uH8zR9ki\/ufqaqNqEiTuuxWAYgfnU8NzLK3MIC9zk0MCX7JD\/dP\/AH0aPscH90\/99GlMyAc\/Tp1pyvuz8vI6ilzILDPscH90\/wDfRo+yQ\/3D+dPLY\/hqnDqDSzLGY1G44zmhO4FKQ4vGJ\/56H+daE9zjKp1z161nTf8AHzJ\/vn+dWx\/x7P8AWna4DhvZMGMEHj\/69AZ4l3RqykHaSTkVF\/HVlPvrQK5OG3ID0OOR6Vk2f\/H5F\/vVZf7z\/Wq1n\/x+Rf71JKxTP\/\/Z",
                "permalink": "https:\/\/uclavirtfsfpt-96r8630.slack.com\/files\/U010P7ZMAP3\/F011MREANPP\/chew.png",
                "permalink_public": "https:\/\/slack-files.com\/T0105GKDN1H-F011MREANPP-723379091f",
                "is_starred": false,
                "has_rich_preview": false
            }
        ],
        "upload": true,
        "user": "U010P7ZMAP3",
        "display_as_bot": false,
        "ts": "1586491380.055000",
        "client_msg_id": "b3ceedf7-24dc-4f4e-837e-cab5b42d0565"
    },
    {
        "type": "message",
        "text": "",
        "files": [
            {
                "id": "F011MRKA9B7",
                "created": 1586491880,
                "timestamp": 1586491880,
                "name": "Screen Shot 2020-04-09 at 9.11.02 PM.png",
                "title": "Screen Shot 2020-04-09 at 9.11.02 PM.png",
                "mimetype": "image\/png",
                "filetype": "png",
                "pretty_type": "PNG",
                "user": "U0109GZP6HH",
                "editable": false,
                "size": 342059,
                "mode": "hosted",
                "is_external": false,
                "external_type": "",
                "is_public": true,
                "public_url_shared": false,
                "display_as_bot": false,
                "username": "",
                "url_private": "https:\/\/files.slack.com\/files-pri\/T0105GKDN1H-F011MRKA9B7\/screen_shot_2020-04-09_at_9.11.02_pm.png?t=xoxe-1005563464051-1077300145892-1094973465936-b91b441389dd5f41adba77ce94586498",
                "url_private_download": "https:\/\/files.slack.com\/files-pri\/T0105GKDN1H-F011MRKA9B7\/download\/screen_shot_2020-04-09_at_9.11.02_pm.png?t=xoxe-1005563464051-1077300145892-1094973465936-b91b441389dd5f41adba77ce94586498",
                "thumb_64": "https:\/\/files.slack.com\/files-tmb\/T0105GKDN1H-F011MRKA9B7-83387744c5\/screen_shot_2020-04-09_at_9.11.02_pm_64.png?t=xoxe-1005563464051-1077300145892-1094973465936-b91b441389dd5f41adba77ce94586498",
                "thumb_80": "https:\/\/files.slack.com\/files-tmb\/T0105GKDN1H-F011MRKA9B7-83387744c5\/screen_shot_2020-04-09_at_9.11.02_pm_80.png?t=xoxe-1005563464051-1077300145892-1094973465936-b91b441389dd5f41adba77ce94586498",
                "thumb_360": "https:\/\/files.slack.com\/files-tmb\/T0105GKDN1H-F011MRKA9B7-83387744c5\/screen_shot_2020-04-09_at_9.11.02_pm_360.png?t=xoxe-1005563464051-1077300145892-1094973465936-b91b441389dd5f41adba77ce94586498",
                "thumb_360_w": 360,
                "thumb_360_h": 348,
                "thumb_480": "https:\/\/files.slack.com\/files-tmb\/T0105GKDN1H-F011MRKA9B7-83387744c5\/screen_shot_2020-04-09_at_9.11.02_pm_480.png?t=xoxe-1005563464051-1077300145892-1094973465936-b91b441389dd5f41adba77ce94586498",
                "thumb_480_w": 480,
                "thumb_480_h": 465,
                "thumb_160": "https:\/\/files.slack.com\/files-tmb\/T0105GKDN1H-F011MRKA9B7-83387744c5\/screen_shot_2020-04-09_at_9.11.02_pm_160.png?t=xoxe-1005563464051-1077300145892-1094973465936-b91b441389dd5f41adba77ce94586498",
                "original_w": 592,
                "original_h": 573,
                "thumb_tiny": "AwAuADC8ZFUkHigyKMZzgjOaoXF1LHeOgYbQRxgU\/wA+UODuyjdMgcH0p2EW\/MBGQCeM0quGbABzVR5J42OWyp6HApfPcjhsc07BcuUVS86Ujh\/0qzbszRAscnJpNWC5Tu7dWkeTcckj8KQqPI2BuSeT68cVJdnBkOeg6VVimIyVz9CaHdDWpOP9Rz90kcZphVYxxkg9s1GZJGByVx1pjuME9+tSrlNW3JlkyWLoOhIwau2Zzbg5B5PSsyH53IPAx2rTssC3wpJAY9arWxLtfQr3S7pJMZP\/AOqqqQyBT8pzmtcxoTkqCfpR5af3F\/Km2mhK6ZkeVL02GnC0mYZWMkH3ArV8tP7i\/lTgABgDAqUO7e5kpaXKdIx+YrQtVdIAHXa2TxU1FO4j\/9k=",
                "permalink": "https:\/\/uclavirtfsfpt-96r8630.slack.com\/files\/U0109GZP6HH\/F011MRKA9B7\/screen_shot_2020-04-09_at_9.11.02_pm.png",
                "permalink_public": "https:\/\/slack-files.com\/T0105GKDN1H-F011MRKA9B7-54a0796d6e",
                "is_starred": false,
                "has_rich_preview": false
            }
        ],
        "upload": true,
        "user": "U0109GZP6HH",
        "display_as_bot": false,
        "ts": "1586491893.055300",
        "client_msg_id": "69828df8-13a3-423a-9440-9d538dea7581",
        "reactions": [
            {
                "name": "heart",
                "users": [
                    "U010AJPBC3B"
                ],
                "count": 1
            }
        ]
    }
]