[
    {
        "client_msg_id": "bfdb9e41-0046-4dc0-bf52-2123a7b6bb4e",
        "type": "message",
        "text": "<http:\/\/placehold.it\/200x200>",
        "user": "U010Y90H4T0",
        "ts": "1586632316.055800",
        "team": "T0105GKDN1H",
        "user_team": "T0105GKDN1H",
        "source_team": "T0105GKDN1H",
        "user_profile": {
            "avatar_hash": "dab7da854ffb",
            "image_72": "https:\/\/avatars.slack-edge.com\/2020-03-27\/1017678411922_dab7da854ffb816e196d_72.jpg",
            "first_name": "Chris",
            "real_name": "Chris Murphy",
            "display_name": "Chris Murphy",
            "team": "T0105GKDN1H",
            "name": "christoph2005",
            "is_restricted": false,
            "is_ultra_restricted": false
        },
        "attachments": [
            {
                "fallback": "200x200px image",
                "image_url": "http:\/\/placehold.it\/200x200",
                "image_width": 200,
                "image_height": 200,
                "image_bytes": 781,
                "from_url": "http:\/\/placehold.it\/200x200",
                "id": 1,
                "original_url": "http:\/\/placehold.it\/200x200"
            }
        ],
        "blocks": [
            {
                "type": "rich_text",
                "block_id": "pXN=",
                "elements": [
                    {
                        "type": "rich_text_section",
                        "elements": [
                            {
                                "type": "link",
                                "url": "http:\/\/placehold.it\/200x200"
                            }
                        ]
                    }
                ]
            }
        ]
    }
]