[
    {
        "client_msg_id": "789991AE-B2F3-4F7B-BAD0-C3968FB0F94D",
        "type": "message",
        "text": "Hey everyone! I completely spaced on our class yesterday, had my dates mixed up:\/ Was wondering what I missed, so I can get right to it?",
        "user": "U010LUDNEJU",
        "ts": "1585504589.032000",
        "team": "T0105GKDN1H",
        "user_team": "T0105GKDN1H",
        "source_team": "T0105GKDN1H",
        "user_profile": {
            "avatar_hash": "60a42db80d27",
            "image_72": "https:\/\/avatars.slack-edge.com\/2020-04-10\/1056102682051_60a42db80d27d72bc6b0_72.jpg",
            "first_name": "",
            "real_name": "Marc Martinez",
            "display_name": "Marc Martinez",
            "team": "T0105GKDN1H",
            "name": "marcmartinez987",
            "is_restricted": false,
            "is_ultra_restricted": false
        },
        "blocks": [
            {
                "type": "rich_text",
                "block_id": "jHc2N",
                "elements": [
                    {
                        "type": "rich_text_section",
                        "elements": [
                            {
                                "type": "text",
                                "text": "Hey everyone! I completely spaced on our class yesterday, had my dates mixed up:\/ Was wondering what I missed, so I can get right to it?"
                            }
                        ]
                    }
                ]
            }
        ]
    },
    {
        "client_msg_id": "7B70FEB8-7438-4EAB-9129-5B052ABD74E6",
        "type": "message",
        "text": "Sorry, just read the moved chat, going there now",
        "user": "U010LUDNEJU",
        "ts": "1585504782.032700",
        "team": "T0105GKDN1H",
        "user_team": "T0105GKDN1H",
        "source_team": "T0105GKDN1H",
        "user_profile": {
            "avatar_hash": "60a42db80d27",
            "image_72": "https:\/\/avatars.slack-edge.com\/2020-04-10\/1056102682051_60a42db80d27d72bc6b0_72.jpg",
            "first_name": "",
            "real_name": "Marc Martinez",
            "display_name": "Marc Martinez",
            "team": "T0105GKDN1H",
            "name": "marcmartinez987",
            "is_restricted": false,
            "is_ultra_restricted": false
        },
        "blocks": [
            {
                "type": "rich_text",
                "block_id": "pDnt",
                "elements": [
                    {
                        "type": "rich_text_section",
                        "elements": [
                            {
                                "type": "text",
                                "text": "Sorry, just read the moved chat, going there now"
                            }
                        ]
                    }
                ]
            }
        ]
    }
]