[
    {
        "client_msg_id": "788f887f-b739-4ec3-9c92-5a1c85de4d4f",
        "type": "message",
        "text": "how can I turn in my prework? there's no link on my BCS and my github link is still giving me an error message...",
        "user": "U010M34SKMK",
        "ts": "1585332410.009200",
        "team": "T0105GKDN1H",
        "user_team": "T0105GKDN1H",
        "source_team": "T0105GKDN1H",
        "user_profile": {
            "avatar_hash": "0122aab1c9b1",
            "image_72": "https:\/\/avatars.slack-edge.com\/2020-03-23\/1009660365315_0122aab1c9b12475e96c_72.jpg",
            "first_name": "",
            "real_name": "Caroline Lester",
            "display_name": "Caroline Lester",
            "team": "T0105GKDN1H",
            "name": "carolineclester",
            "is_restricted": false,
            "is_ultra_restricted": false
        },
        "blocks": [
            {
                "type": "rich_text",
                "block_id": "OdnB8",
                "elements": [
                    {
                        "type": "rich_text_section",
                        "elements": [
                            {
                                "type": "text",
                                "text": "how can I turn in my prework? there's no link on my BCS and my github link is still giving me an error message..."
                            }
                        ]
                    }
                ]
            }
        ]
    },
    {
        "client_msg_id": "c2308f5a-4629-4f2f-92ba-497155cec605",
        "type": "message",
        "text": "Same.",
        "user": "U010APCDU9F",
        "ts": "1585335568.009400",
        "team": "T0105GKDN1H",
        "user_team": "T0105GKDN1H",
        "source_team": "T0105GKDN1H",
        "user_profile": {
            "avatar_hash": "d44fbe708fa1",
            "image_72": "https:\/\/avatars.slack-edge.com\/2020-03-23\/1020879238357_d44fbe708fa1409cd3b9_72.jpg",
            "first_name": "",
            "real_name": "Eric Z",
            "display_name": "Eric Z",
            "team": "T0105GKDN1H",
            "name": "swissbizz88",
            "is_restricted": false,
            "is_ultra_restricted": false
        },
        "blocks": [
            {
                "type": "rich_text",
                "block_id": "ue\/EV",
                "elements": [
                    {
                        "type": "rich_text_section",
                        "elements": [
                            {
                                "type": "text",
                                "text": "Same."
                            }
                        ]
                    }
                ]
            }
        ]
    },
    {
        "client_msg_id": "29b60132-047d-4d20-9782-6fbe4ddeb83f",
        "type": "message",
        "text": "Anyone else having this issue?",
        "user": "U010APCDU9F",
        "ts": "1585335576.009700",
        "team": "T0105GKDN1H",
        "user_team": "T0105GKDN1H",
        "source_team": "T0105GKDN1H",
        "user_profile": {
            "avatar_hash": "d44fbe708fa1",
            "image_72": "https:\/\/avatars.slack-edge.com\/2020-03-23\/1020879238357_d44fbe708fa1409cd3b9_72.jpg",
            "first_name": "",
            "real_name": "Eric Z",
            "display_name": "Eric Z",
            "team": "T0105GKDN1H",
            "name": "swissbizz88",
            "is_restricted": false,
            "is_ultra_restricted": false
        },
        "blocks": [
            {
                "type": "rich_text",
                "block_id": "RXl0",
                "elements": [
                    {
                        "type": "rich_text_section",
                        "elements": [
                            {
                                "type": "text",
                                "text": "Anyone else having this issue?"
                            }
                        ]
                    }
                ]
            }
        ]
    },
    {
        "client_msg_id": "f74828e6-8ce5-4c4c-b45b-c4ff58072e13",
        "type": "message",
        "text": "So did anyone on step 3 use git bash for Git config?",
        "user": "U010APCDU9F",
        "ts": "1585337056.010200",
        "team": "T0105GKDN1H",
        "user_team": "T0105GKDN1H",
        "source_team": "T0105GKDN1H",
        "user_profile": {
            "avatar_hash": "d44fbe708fa1",
            "image_72": "https:\/\/avatars.slack-edge.com\/2020-03-23\/1020879238357_d44fbe708fa1409cd3b9_72.jpg",
            "first_name": "",
            "real_name": "Eric Z",
            "display_name": "Eric Z",
            "team": "T0105GKDN1H",
            "name": "swissbizz88",
            "is_restricted": false,
            "is_ultra_restricted": false
        },
        "blocks": [
            {
                "type": "rich_text",
                "block_id": "gdcfL",
                "elements": [
                    {
                        "type": "rich_text_section",
                        "elements": [
                            {
                                "type": "text",
                                "text": "So did anyone on step 3 use git bash for Git config?"
                            }
                        ]
                    }
                ]
            }
        ]
    },
    {
        "client_msg_id": "063b484e-77fa-411c-a4fb-4e3a6a6f9fff",
        "type": "message",
        "text": "I'm double checking it now and it's not showing me my directory, but in the video the dude seems to be using VS?",
        "user": "U010APCDU9F",
        "ts": "1585337078.010800",
        "team": "T0105GKDN1H",
        "user_team": "T0105GKDN1H",
        "source_team": "T0105GKDN1H",
        "user_profile": {
            "avatar_hash": "d44fbe708fa1",
            "image_72": "https:\/\/avatars.slack-edge.com\/2020-03-23\/1020879238357_d44fbe708fa1409cd3b9_72.jpg",
            "first_name": "",
            "real_name": "Eric Z",
            "display_name": "Eric Z",
            "team": "T0105GKDN1H",
            "name": "swissbizz88",
            "is_restricted": false,
            "is_ultra_restricted": false
        },
        "blocks": [
            {
                "type": "rich_text",
                "block_id": "S67",
                "elements": [
                    {
                        "type": "rich_text_section",
                        "elements": [
                            {
                                "type": "text",
                                "text": "I'm double checking it now and it's not showing me my directory, but in the video the dude seems to be using VS?"
                            }
                        ]
                    }
                ]
            }
        ]
    },
    {
        "client_msg_id": "a2dc1cb1-471d-440f-9f1e-9a600a6bf68d",
        "type": "message",
        "text": "my problem was made example folder but had issues after to add inside example now all rest says cannot find file",
        "user": "U010H28N18S",
        "ts": "1585337188.012400",
        "team": "T0105GKDN1H",
        "user_team": "T0105GKDN1H",
        "source_team": "T0105GKDN1H",
        "user_profile": {
            "avatar_hash": "84fd88e6f1cb",
            "image_72": "https:\/\/avatars.slack-edge.com\/2020-03-26\/1029561083269_84fd88e6f1cb30ca3348_72.jpg",
            "first_name": "Christine",
            "real_name": "Christine Munoz",
            "display_name": "Christine",
            "team": "T0105GKDN1H",
            "name": "christinezzy5",
            "is_restricted": false,
            "is_ultra_restricted": false
        },
        "blocks": [
            {
                "type": "rich_text",
                "block_id": "cEUn",
                "elements": [
                    {
                        "type": "rich_text_section",
                        "elements": [
                            {
                                "type": "text",
                                "text": "my problem was made example folder but had issues after to add inside example now all rest says cannot find file"
                            }
                        ]
                    }
                ]
            }
        ]
    },
    {
        "client_msg_id": "4cbda19a-cce5-4d47-9a46-5dfb5bc2ee55",
        "type": "message",
        "text": "hmmm",
        "user": "U010APCDU9F",
        "ts": "1585337219.012900",
        "team": "T0105GKDN1H",
        "user_team": "T0105GKDN1H",
        "source_team": "T0105GKDN1H",
        "user_profile": {
            "avatar_hash": "d44fbe708fa1",
            "image_72": "https:\/\/avatars.slack-edge.com\/2020-03-23\/1020879238357_d44fbe708fa1409cd3b9_72.jpg",
            "first_name": "",
            "real_name": "Eric Z",
            "display_name": "Eric Z",
            "team": "T0105GKDN1H",
            "name": "swissbizz88",
            "is_restricted": false,
            "is_ultra_restricted": false
        },
        "blocks": [
            {
                "type": "rich_text",
                "block_id": "bm3H",
                "elements": [
                    {
                        "type": "rich_text_section",
                        "elements": [
                            {
                                "type": "text",
                                "text": "hmmm"
                            }
                        ]
                    }
                ]
            }
        ]
    },
    {
        "client_msg_id": "f5dc34eb-b2ff-4683-8175-83a06c96cfe3",
        "type": "message",
        "text": "for the prework I went on grades and there where I turned in.",
        "user": "U010H28N18S",
        "ts": "1585337233.013200",
        "team": "T0105GKDN1H",
        "user_team": "T0105GKDN1H",
        "source_team": "T0105GKDN1H",
        "user_profile": {
            "avatar_hash": "84fd88e6f1cb",
            "image_72": "https:\/\/avatars.slack-edge.com\/2020-03-26\/1029561083269_84fd88e6f1cb30ca3348_72.jpg",
            "first_name": "Christine",
            "real_name": "Christine Munoz",
            "display_name": "Christine",
            "team": "T0105GKDN1H",
            "name": "christinezzy5",
            "is_restricted": false,
            "is_ultra_restricted": false
        },
        "blocks": [
            {
                "type": "rich_text",
                "block_id": "LU6",
                "elements": [
                    {
                        "type": "rich_text_section",
                        "elements": [
                            {
                                "type": "text",
                                "text": "for the prework I went on grades and there where I turned in."
                            }
                        ]
                    }
                ]
            }
        ]
    },
    {
        "client_msg_id": "ab33f561-a772-4f1a-aaf1-3339882ff46f",
        "type": "message",
        "text": "fixed it",
        "user": "U010H28N18S",
        "ts": "1585337952.013400",
        "team": "T0105GKDN1H",
        "user_team": "T0105GKDN1H",
        "source_team": "T0105GKDN1H",
        "user_profile": {
            "avatar_hash": "84fd88e6f1cb",
            "image_72": "https:\/\/avatars.slack-edge.com\/2020-03-26\/1029561083269_84fd88e6f1cb30ca3348_72.jpg",
            "first_name": "Christine",
            "real_name": "Christine Munoz",
            "display_name": "Christine",
            "team": "T0105GKDN1H",
            "name": "christinezzy5",
            "is_restricted": false,
            "is_ultra_restricted": false
        },
        "blocks": [
            {
                "type": "rich_text",
                "block_id": "U1s",
                "elements": [
                    {
                        "type": "rich_text_section",
                        "elements": [
                            {
                                "type": "text",
                                "text": "fixed it"
                            }
                        ]
                    }
                ]
            }
        ]
    },
    {
        "client_msg_id": "cd27f967-abc0-4a08-89c7-3f326a5fc5a5",
        "type": "message",
        "text": "eric it made a shortcut in terminal to open VS",
        "user": "U010H28N18S",
        "ts": "1585337981.013900",
        "team": "T0105GKDN1H",
        "user_team": "T0105GKDN1H",
        "source_team": "T0105GKDN1H",
        "user_profile": {
            "avatar_hash": "84fd88e6f1cb",
            "image_72": "https:\/\/avatars.slack-edge.com\/2020-03-26\/1029561083269_84fd88e6f1cb30ca3348_72.jpg",
            "first_name": "Christine",
            "real_name": "Christine Munoz",
            "display_name": "Christine",
            "team": "T0105GKDN1H",
            "name": "christinezzy5",
            "is_restricted": false,
            "is_ultra_restricted": false
        },
        "blocks": [
            {
                "type": "rich_text",
                "block_id": "kD+",
                "elements": [
                    {
                        "type": "rich_text_section",
                        "elements": [
                            {
                                "type": "text",
                                "text": "eric it made a shortcut in terminal to open VS"
                            }
                        ]
                    }
                ]
            }
        ]
    },
    {
        "client_msg_id": "e6d80e0d-105c-4f9e-bd66-009bfd310481",
        "type": "message",
        "text": "or gitbash if using windows",
        "user": "U010H28N18S",
        "ts": "1585338017.014200",
        "team": "T0105GKDN1H",
        "user_team": "T0105GKDN1H",
        "source_team": "T0105GKDN1H",
        "user_profile": {
            "avatar_hash": "84fd88e6f1cb",
            "image_72": "https:\/\/avatars.slack-edge.com\/2020-03-26\/1029561083269_84fd88e6f1cb30ca3348_72.jpg",
            "first_name": "Christine",
            "real_name": "Christine Munoz",
            "display_name": "Christine",
            "team": "T0105GKDN1H",
            "name": "christinezzy5",
            "is_restricted": false,
            "is_ultra_restricted": false
        },
        "blocks": [
            {
                "type": "rich_text",
                "block_id": "Y=q",
                "elements": [
                    {
                        "type": "rich_text_section",
                        "elements": [
                            {
                                "type": "text",
                                "text": "or gitbash if using windows"
                            }
                        ]
                    }
                ]
            }
        ]
    },
    {
        "client_msg_id": "8efa6826-4718-4a6a-855b-9b7dfe1baa7e",
        "type": "message",
        "text": "ahhhh ok",
        "user": "U010APCDU9F",
        "ts": "1585338773.014400",
        "team": "T0105GKDN1H",
        "user_team": "T0105GKDN1H",
        "source_team": "T0105GKDN1H",
        "user_profile": {
            "avatar_hash": "d44fbe708fa1",
            "image_72": "https:\/\/avatars.slack-edge.com\/2020-03-23\/1020879238357_d44fbe708fa1409cd3b9_72.jpg",
            "first_name": "",
            "real_name": "Eric Z",
            "display_name": "Eric Z",
            "team": "T0105GKDN1H",
            "name": "swissbizz88",
            "is_restricted": false,
            "is_ultra_restricted": false
        },
        "blocks": [
            {
                "type": "rich_text",
                "block_id": "tLH",
                "elements": [
                    {
                        "type": "rich_text_section",
                        "elements": [
                            {
                                "type": "text",
                                "text": "ahhhh ok"
                            }
                        ]
                    }
                ]
            }
        ]
    },
    {
        "client_msg_id": "6807aad8-47f0-445e-8fbd-ed1c79d00191",
        "type": "message",
        "text": "I think I may have missed that since work has been super draining and the dude in the video was using a mac lol",
        "user": "U010APCDU9F",
        "ts": "1585338799.015000",
        "team": "T0105GKDN1H",
        "user_team": "T0105GKDN1H",
        "source_team": "T0105GKDN1H",
        "user_profile": {
            "avatar_hash": "d44fbe708fa1",
            "image_72": "https:\/\/avatars.slack-edge.com\/2020-03-23\/1020879238357_d44fbe708fa1409cd3b9_72.jpg",
            "first_name": "",
            "real_name": "Eric Z",
            "display_name": "Eric Z",
            "team": "T0105GKDN1H",
            "name": "swissbizz88",
            "is_restricted": false,
            "is_ultra_restricted": false
        },
        "blocks": [
            {
                "type": "rich_text",
                "block_id": "QuUi",
                "elements": [
                    {
                        "type": "rich_text_section",
                        "elements": [
                            {
                                "type": "text",
                                "text": "I think I may have missed that since work has been super draining and the dude in the video was using a mac lol"
                            }
                        ]
                    }
                ]
            }
        ]
    },
    {
        "client_msg_id": "3c5ac115-ba58-46fc-84cd-714a37efb364",
        "type": "message",
        "text": "we turn the prework in on prework folders on Google Drive per Module 1",
        "user": "U010AJPBC3B",
        "ts": "1585339389.015600",
        "team": "T0105GKDN1H",
        "user_team": "T0105GKDN1H",
        "source_team": "T0105GKDN1H",
        "user_profile": {
            "avatar_hash": "a7accc11904a",
            "image_72": "https:\/\/avatars.slack-edge.com\/2020-03-31\/1039823854836_a7accc11904a7e79e199_72.png",
            "first_name": "Krista",
            "real_name": "Krista Clarke",
            "display_name": "Krista C",
            "team": "T0105GKDN1H",
            "name": "kristaclarke82",
            "is_restricted": false,
            "is_ultra_restricted": false
        },
        "blocks": [
            {
                "type": "rich_text",
                "block_id": "Udhz0",
                "elements": [
                    {
                        "type": "rich_text_section",
                        "elements": [
                            {
                                "type": "text",
                                "text": "we turn the prework in on prework folders on Google Drive per Module 1"
                            }
                        ]
                    }
                ]
            }
        ]
    },
    {
        "client_msg_id": "acac1e3b-b60f-4424-b390-0814228c2be0",
        "type": "message",
        "text": "where is everyone in prework?",
        "user": "U010H28N18S",
        "ts": "1585347970.016100",
        "team": "T0105GKDN1H",
        "user_team": "T0105GKDN1H",
        "source_team": "T0105GKDN1H",
        "user_profile": {
            "avatar_hash": "84fd88e6f1cb",
            "image_72": "https:\/\/avatars.slack-edge.com\/2020-03-26\/1029561083269_84fd88e6f1cb30ca3348_72.jpg",
            "first_name": "Christine",
            "real_name": "Christine Munoz",
            "display_name": "Christine",
            "team": "T0105GKDN1H",
            "name": "christinezzy5",
            "is_restricted": false,
            "is_ultra_restricted": false
        },
        "blocks": [
            {
                "type": "rich_text",
                "block_id": "Q343w",
                "elements": [
                    {
                        "type": "rich_text_section",
                        "elements": [
                            {
                                "type": "text",
                                "text": "where is everyone in prework?"
                            }
                        ]
                    }
                ]
            }
        ]
    },
    {
        "client_msg_id": "c6c0cf65-5477-4a7e-b70e-6c2ce5a70d6b",
        "type": "message",
        "text": "Read through all 14, currently working on debugging\/Module 8. You?",
        "user": "U010AJPBC3B",
        "ts": "1585348175.016900",
        "team": "T0105GKDN1H",
        "user_team": "T0105GKDN1H",
        "source_team": "T0105GKDN1H",
        "user_profile": {
            "avatar_hash": "a7accc11904a",
            "image_72": "https:\/\/avatars.slack-edge.com\/2020-03-31\/1039823854836_a7accc11904a7e79e199_72.png",
            "first_name": "Krista",
            "real_name": "Krista Clarke",
            "display_name": "Krista C",
            "team": "T0105GKDN1H",
            "name": "kristaclarke82",
            "is_restricted": false,
            "is_ultra_restricted": false
        },
        "blocks": [
            {
                "type": "rich_text",
                "block_id": "BNGO",
                "elements": [
                    {
                        "type": "rich_text_section",
                        "elements": [
                            {
                                "type": "text",
                                "text": "Read through all 14, currently working on debugging\/Module 8. You?"
                            }
                        ]
                    }
                ]
            }
        ]
    },
    {
        "client_msg_id": "26599fd3-41fe-4630-81a4-1cad6c8c275d",
        "type": "message",
        "text": "i just registered yesterday so far behind on mod 4",
        "user": "U010H28N18S",
        "ts": "1585348391.017500",
        "team": "T0105GKDN1H",
        "user_team": "T0105GKDN1H",
        "source_team": "T0105GKDN1H",
        "user_profile": {
            "avatar_hash": "84fd88e6f1cb",
            "image_72": "https:\/\/avatars.slack-edge.com\/2020-03-26\/1029561083269_84fd88e6f1cb30ca3348_72.jpg",
            "first_name": "Christine",
            "real_name": "Christine Munoz",
            "display_name": "Christine",
            "team": "T0105GKDN1H",
            "name": "christinezzy5",
            "is_restricted": false,
            "is_ultra_restricted": false
        },
        "blocks": [
            {
                "type": "rich_text",
                "block_id": "CveA0",
                "elements": [
                    {
                        "type": "rich_text_section",
                        "elements": [
                            {
                                "type": "text",
                                "text": "i just registered yesterday so far behind on mod 4"
                            }
                        ]
                    }
                ]
            }
        ]
    },
    {
        "client_msg_id": "68f8e0b5-cdcf-46f0-b991-e1420afd4aa1",
        "type": "message",
        "text": "had trouble with 3 but tried it",
        "user": "U010H28N18S",
        "ts": "1585348414.017800",
        "team": "T0105GKDN1H",
        "user_team": "T0105GKDN1H",
        "source_team": "T0105GKDN1H",
        "user_profile": {
            "avatar_hash": "84fd88e6f1cb",
            "image_72": "https:\/\/avatars.slack-edge.com\/2020-03-26\/1029561083269_84fd88e6f1cb30ca3348_72.jpg",
            "first_name": "Christine",
            "real_name": "Christine Munoz",
            "display_name": "Christine",
            "team": "T0105GKDN1H",
            "name": "christinezzy5",
            "is_restricted": false,
            "is_ultra_restricted": false
        },
        "blocks": [
            {
                "type": "rich_text",
                "block_id": "DU9U",
                "elements": [
                    {
                        "type": "rich_text_section",
                        "elements": [
                            {
                                "type": "text",
                                "text": "had trouble with 3 but tried it"
                            }
                        ]
                    }
                ]
            }
        ]
    },
    {
        "client_msg_id": "d08e5f71-f68a-4ea9-978e-e790d8dea4e5",
        "type": "message",
        "text": "sounds like a lot of people had trouble setting up github. I managed to get through it, but think some of it was luck, so not sure I'd be very helpful. Maybe we have someone here more familiar with github that could offer some advice?",
        "user": "U010AJPBC3B",
        "ts": "1585349401.019000",
        "team": "T0105GKDN1H",
        "user_team": "T0105GKDN1H",
        "source_team": "T0105GKDN1H",
        "user_profile": {
            "avatar_hash": "a7accc11904a",
            "image_72": "https:\/\/avatars.slack-edge.com\/2020-03-31\/1039823854836_a7accc11904a7e79e199_72.png",
            "first_name": "Krista",
            "real_name": "Krista Clarke",
            "display_name": "Krista C",
            "team": "T0105GKDN1H",
            "name": "kristaclarke82",
            "is_restricted": false,
            "is_ultra_restricted": false
        },
        "blocks": [
            {
                "type": "rich_text",
                "block_id": "D=zGP",
                "elements": [
                    {
                        "type": "rich_text_section",
                        "elements": [
                            {
                                "type": "text",
                                "text": "sounds like a lot of people had trouble setting up github. I managed to get through it, but think some of it was luck, so not sure I'd be very helpful. Maybe we have someone here more familiar with github that could offer some advice?"
                            }
                        ]
                    }
                ]
            }
        ]
    },
    {
        "client_msg_id": "c43f35bc-112e-4fc9-98a2-a7bc685b621c",
        "type": "message",
        "text": "I had some issues with that as well. But i do know they’re dedicating time on saturday to go over the tools we have to download onto your computers",
        "user": "U010M0LB2V6",
        "ts": "1585349554.019900",
        "team": "T0105GKDN1H",
        "user_team": "T0105GKDN1H",
        "source_team": "T0105GKDN1H",
        "user_profile": {
            "avatar_hash": "995068df2993",
            "image_72": "https:\/\/avatars.slack-edge.com\/2020-03-28\/1035266841158_995068df29932789a9e3_72.png",
            "first_name": "Allen",
            "real_name": "Allen Sales",
            "display_name": "Allen Sales",
            "team": "T0105GKDN1H",
            "name": "allen.dale310",
            "is_restricted": false,
            "is_ultra_restricted": false
        },
        "blocks": [
            {
                "type": "rich_text",
                "block_id": "rjx",
                "elements": [
                    {
                        "type": "rich_text_section",
                        "elements": [
                            {
                                "type": "text",
                                "text": "I had some issues with that as well. But i do know they’re dedicating time on saturday to go over the tools we have to download onto your computers"
                            }
                        ]
                    }
                ]
            }
        ]
    },
    {
        "client_msg_id": "e50e0fc2-9833-4e94-a382-589e9a384bbb",
        "type": "message",
        "text": "I guess working in VS rather than terminal you can push there and was able to do changes I THINK",
        "user": "U010H28N18S",
        "ts": "1585350982.020800",
        "team": "T0105GKDN1H",
        "user_team": "T0105GKDN1H",
        "source_team": "T0105GKDN1H",
        "user_profile": {
            "avatar_hash": "84fd88e6f1cb",
            "image_72": "https:\/\/avatars.slack-edge.com\/2020-03-26\/1029561083269_84fd88e6f1cb30ca3348_72.jpg",
            "first_name": "Christine",
            "real_name": "Christine Munoz",
            "display_name": "Christine",
            "team": "T0105GKDN1H",
            "name": "christinezzy5",
            "is_restricted": false,
            "is_ultra_restricted": false
        },
        "blocks": [
            {
                "type": "rich_text",
                "block_id": "USDa",
                "elements": [
                    {
                        "type": "rich_text_section",
                        "elements": [
                            {
                                "type": "text",
                                "text": "I guess working in VS rather than terminal you can push there and was able to do changes I THINK"
                            }
                        ]
                    }
                ]
            }
        ]
    },
    {
        "client_msg_id": "a0dc0c26-e42e-44f6-9dc5-8c9e6fc11549",
        "type": "message",
        "text": "got through module  3 ....yaaaaa",
        "user": "U010H28N18S",
        "ts": "1585363237.021400",
        "team": "T0105GKDN1H",
        "user_team": "T0105GKDN1H",
        "source_team": "T0105GKDN1H",
        "user_profile": {
            "avatar_hash": "84fd88e6f1cb",
            "image_72": "https:\/\/avatars.slack-edge.com\/2020-03-26\/1029561083269_84fd88e6f1cb30ca3348_72.jpg",
            "first_name": "Christine",
            "real_name": "Christine Munoz",
            "display_name": "Christine",
            "team": "T0105GKDN1H",
            "name": "christinezzy5",
            "is_restricted": false,
            "is_ultra_restricted": false
        },
        "blocks": [
            {
                "type": "rich_text",
                "block_id": "DSNrG",
                "elements": [
                    {
                        "type": "rich_text_section",
                        "elements": [
                            {
                                "type": "text",
                                "text": "got through module  3 ....yaaaaa"
                            }
                        ]
                    }
                ]
            }
        ]
    },
    {
        "client_msg_id": "d19dae51-15fa-439a-97ec-5409f0a327c7",
        "type": "message",
        "text": "yay!",
        "user": "U010AJPBC3B",
        "ts": "1585363629.021600",
        "team": "T0105GKDN1H",
        "user_team": "T0105GKDN1H",
        "source_team": "T0105GKDN1H",
        "user_profile": {
            "avatar_hash": "a7accc11904a",
            "image_72": "https:\/\/avatars.slack-edge.com\/2020-03-31\/1039823854836_a7accc11904a7e79e199_72.png",
            "first_name": "Krista",
            "real_name": "Krista Clarke",
            "display_name": "Krista C",
            "team": "T0105GKDN1H",
            "name": "kristaclarke82",
            "is_restricted": false,
            "is_ultra_restricted": false
        },
        "blocks": [
            {
                "type": "rich_text",
                "block_id": "ZNkv+",
                "elements": [
                    {
                        "type": "rich_text_section",
                        "elements": [
                            {
                                "type": "text",
                                "text": "yay!"
                            }
                        ]
                    }
                ]
            }
        ]
    },
    {
        "client_msg_id": "0fc3902d-579e-4ea0-b8f3-dea7c47d2386",
        "type": "message",
        "text": ":blush:",
        "user": "U010H28N18S",
        "ts": "1585363651.021800",
        "team": "T0105GKDN1H",
        "user_team": "T0105GKDN1H",
        "source_team": "T0105GKDN1H",
        "user_profile": {
            "avatar_hash": "84fd88e6f1cb",
            "image_72": "https:\/\/avatars.slack-edge.com\/2020-03-26\/1029561083269_84fd88e6f1cb30ca3348_72.jpg",
            "first_name": "Christine",
            "real_name": "Christine Munoz",
            "display_name": "Christine",
            "team": "T0105GKDN1H",
            "name": "christinezzy5",
            "is_restricted": false,
            "is_ultra_restricted": false
        },
        "blocks": [
            {
                "type": "rich_text",
                "block_id": "FHZzj",
                "elements": [
                    {
                        "type": "rich_text_section",
                        "elements": [
                            {
                                "type": "emoji",
                                "name": "blush"
                            }
                        ]
                    }
                ]
            }
        ]
    }
]