[
    {
        "type": "message",
        "subtype": "channel_join",
        "ts": "1584982796.000100",
        "user": "U010H0ZEZJL",
        "text": "<@U010H0ZEZJL> has joined the channel"
    },
    {
        "type": "message",
        "subtype": "channel_join",
        "ts": "1584983695.000300",
        "user": "U010KG4F57W",
        "text": "<@U010KG4F57W> has joined the channel"
    },
    {
        "type": "message",
        "subtype": "channel_join",
        "ts": "1584985149.000500",
        "user": "U010L2Z8M7F",
        "text": "<@U010L2Z8M7F> has joined the channel"
    },
    {
        "type": "message",
        "subtype": "channel_join",
        "ts": "1584987271.000700",
        "user": "U010NBVRB62",
        "text": "<@U010NBVRB62> has joined the channel"
    },
    {
        "client_msg_id": "61feb29c-adc2-47d9-b7f8-42d082ea693d",
        "type": "message",
        "text": "Hello",
        "user": "U010NBVRB62",
        "ts": "1584987897.000800",
        "team": "T0105GKDN1H",
        "user_team": "T0105GKDN1H",
        "source_team": "T0105GKDN1H",
        "user_profile": {
            "avatar_hash": "9dc9506399f1",
            "image_72": "https:\/\/avatars.slack-edge.com\/2020-03-23\/1008753568403_9dc9506399f1d5a0c153_72.jpg",
            "first_name": "",
            "real_name": "Robert Hock",
            "display_name": "Robert Hock",
            "team": "T0105GKDN1H",
            "name": "roberthock83",
            "is_restricted": false,
            "is_ultra_restricted": false
        },
        "blocks": [
            {
                "type": "rich_text",
                "block_id": "v1J",
                "elements": [
                    {
                        "type": "rich_text_section",
                        "elements": [
                            {
                                "type": "text",
                                "text": "Hello"
                            }
                        ]
                    }
                ]
            }
        ]
    },
    {
        "type": "message",
        "subtype": "channel_join",
        "ts": "1584994054.001400",
        "user": "U0107MTT526",
        "text": "<@U0107MTT526> has joined the channel"
    },
    {
        "type": "message",
        "subtype": "channel_join",
        "ts": "1584995206.001500",
        "user": "U010ACLHD0R",
        "text": "<@U010ACLHD0R> has joined the channel"
    },
    {
        "type": "message",
        "subtype": "channel_join",
        "ts": "1584995394.001700",
        "user": "U010AFPTJP3",
        "text": "<@U010AFPTJP3> has joined the channel"
    },
    {
        "client_msg_id": "549919b0-19d9-4843-8ab7-f73a50a1098e",
        "type": "message",
        "text": "Ready and waiting.",
        "user": "U010AFPTJP3",
        "ts": "1584995444.001800",
        "team": "T0105GKDN1H",
        "user_team": "T0105GKDN1H",
        "source_team": "T0105GKDN1H",
        "user_profile": {
            "avatar_hash": "69861d17cd07",
            "image_72": "https:\/\/avatars.slack-edge.com\/2020-03-23\/1020633507168_69861d17cd0737018148_72.jpg",
            "first_name": "Michael",
            "real_name": "Michael Solorzano",
            "display_name": "Michael Solorzano",
            "team": "T0105GKDN1H",
            "name": "imsolo90",
            "is_restricted": false,
            "is_ultra_restricted": false
        },
        "blocks": [
            {
                "type": "rich_text",
                "block_id": "9qNO",
                "elements": [
                    {
                        "type": "rich_text_section",
                        "elements": [
                            {
                                "type": "text",
                                "text": "Ready and waiting."
                            }
                        ]
                    }
                ]
            }
        ]
    },
    {
        "type": "message",
        "subtype": "channel_join",
        "ts": "1584997011.002200",
        "user": "U010LEW7V2R",
        "text": "<@U010LEW7V2R> has joined the channel"
    },
    {
        "type": "message",
        "subtype": "channel_join",
        "ts": "1584997429.002900",
        "user": "U010AJPBC3B",
        "text": "<@U010AJPBC3B> has joined the channel"
    },
    {
        "type": "message",
        "subtype": "channel_join",
        "ts": "1584998093.003100",
        "user": "U010L7X7YJG",
        "text": "<@U010L7X7YJG> has joined the channel"
    },
    {
        "client_msg_id": "790d9335-b2d8-4ecf-9e52-30aee4b0c4a1",
        "type": "message",
        "text": "Hello, all!",
        "user": "U010KG4F57W",
        "ts": "1584999840.003200",
        "team": "T0105GKDN1H",
        "user_team": "T0105GKDN1H",
        "source_team": "T0105GKDN1H",
        "user_profile": {
            "avatar_hash": "499eac0d340b",
            "image_72": "https:\/\/avatars.slack-edge.com\/2020-03-23\/1022568785783_499eac0d340bd5faa6c9_72.jpg",
            "first_name": "",
            "real_name": "Eddie Kim",
            "display_name": "Eddie Kim",
            "team": "T0105GKDN1H",
            "name": "eddienakkim",
            "is_restricted": false,
            "is_ultra_restricted": false
        },
        "blocks": [
            {
                "type": "rich_text",
                "block_id": "F9E",
                "elements": [
                    {
                        "type": "rich_text_section",
                        "elements": [
                            {
                                "type": "text",
                                "text": "Hello, all!"
                            }
                        ]
                    }
                ]
            }
        ]
    },
    {
        "type": "message",
        "subtype": "channel_join",
        "ts": "1585001117.003400",
        "user": "U010AP9JH4Z",
        "text": "<@U010AP9JH4Z> has joined the channel"
    },
    {
        "type": "message",
        "subtype": "channel_join",
        "ts": "1585001133.003600",
        "user": "U010LRKMSKX",
        "text": "<@U010LRKMSKX> has joined the channel"
    },
    {
        "client_msg_id": "ded1ba27-92ff-465c-9ab3-a437d91d93bf",
        "type": "message",
        "text": "Hi!",
        "user": "U010LRKMSKX",
        "ts": "1585001156.003700",
        "team": "T0105GKDN1H",
        "user_team": "T0105GKDN1H",
        "source_team": "T0105GKDN1H",
        "user_profile": {
            "avatar_hash": "ae27f99c40c3",
            "image_72": "https:\/\/avatars.slack-edge.com\/2020-03-23\/1022872147895_ae27f99c40c3c34dd86b_72.jpg",
            "first_name": "",
            "real_name": "Yssabel Pangilinan",
            "display_name": "Yssabel Pangilinan",
            "team": "T0105GKDN1H",
            "name": "yssabelpangilinan",
            "is_restricted": false,
            "is_ultra_restricted": false
        },
        "blocks": [
            {
                "type": "rich_text",
                "block_id": "7Qw",
                "elements": [
                    {
                        "type": "rich_text_section",
                        "elements": [
                            {
                                "type": "text",
                                "text": "Hi!"
                            }
                        ]
                    }
                ]
            }
        ]
    },
    {
        "type": "message",
        "subtype": "channel_join",
        "ts": "1585001192.003900",
        "user": "U010APCDU9F",
        "text": "<@U010APCDU9F> has joined the channel"
    },
    {
        "client_msg_id": "510efa35-2482-4a65-9044-618a4121ebd1",
        "type": "message",
        "text": "Howdy y'all!",
        "user": "U010APCDU9F",
        "ts": "1585001437.004000",
        "team": "T0105GKDN1H",
        "user_team": "T0105GKDN1H",
        "source_team": "T0105GKDN1H",
        "user_profile": {
            "avatar_hash": "d44fbe708fa1",
            "image_72": "https:\/\/avatars.slack-edge.com\/2020-03-23\/1020879238357_d44fbe708fa1409cd3b9_72.jpg",
            "first_name": "",
            "real_name": "Eric Z",
            "display_name": "Eric Z",
            "team": "T0105GKDN1H",
            "name": "swissbizz88",
            "is_restricted": false,
            "is_ultra_restricted": false
        },
        "blocks": [
            {
                "type": "rich_text",
                "block_id": "MqZ1",
                "elements": [
                    {
                        "type": "rich_text_section",
                        "elements": [
                            {
                                "type": "text",
                                "text": "Howdy y'all!"
                            }
                        ]
                    }
                ]
            }
        ]
    },
    {
        "type": "message",
        "subtype": "channel_join",
        "ts": "1585003991.004200",
        "user": "U010NLX5YVD",
        "text": "<@U010NLX5YVD> has joined the channel"
    },
    {
        "type": "message",
        "subtype": "channel_join",
        "ts": "1585004413.004400",
        "user": "U010853J6DQ",
        "text": "<@U010853J6DQ> has joined the channel"
    },
    {
        "type": "message",
        "subtype": "channel_join",
        "ts": "1585004657.004600",
        "user": "U010LUDNEJU",
        "text": "<@U010LUDNEJU> has joined the channel"
    },
    {
        "client_msg_id": "26f9bece-b2bf-4d63-895a-6c991c108d57",
        "type": "message",
        "text": "Hello there!",
        "user": "U010LUDNEJU",
        "ts": "1585004703.004700",
        "team": "T0105GKDN1H",
        "user_team": "T0105GKDN1H",
        "source_team": "T0105GKDN1H",
        "user_profile": {
            "avatar_hash": "60a42db80d27",
            "image_72": "https:\/\/avatars.slack-edge.com\/2020-04-10\/1056102682051_60a42db80d27d72bc6b0_72.jpg",
            "first_name": "",
            "real_name": "Marc Martinez",
            "display_name": "Marc Martinez",
            "team": "T0105GKDN1H",
            "name": "marcmartinez987",
            "is_restricted": false,
            "is_ultra_restricted": false
        },
        "blocks": [
            {
                "type": "rich_text",
                "block_id": "+mC",
                "elements": [
                    {
                        "type": "rich_text_section",
                        "elements": [
                            {
                                "type": "text",
                                "text": "Hello there!"
                            }
                        ]
                    }
                ]
            }
        ]
    },
    {
        "client_msg_id": "5aa66fdd-5931-4618-bcc0-424711b76ea9",
        "type": "message",
        "text": "excited to begin!",
        "user": "U010AJPBC3B",
        "ts": "1585005665.004800",
        "team": "T0105GKDN1H",
        "user_team": "T0105GKDN1H",
        "source_team": "T0105GKDN1H",
        "user_profile": {
            "avatar_hash": "a7accc11904a",
            "image_72": "https:\/\/avatars.slack-edge.com\/2020-03-31\/1039823854836_a7accc11904a7e79e199_72.png",
            "first_name": "Krista",
            "real_name": "Krista Clarke",
            "display_name": "Krista C",
            "team": "T0105GKDN1H",
            "name": "kristaclarke82",
            "is_restricted": false,
            "is_ultra_restricted": false
        },
        "blocks": [
            {
                "type": "rich_text",
                "block_id": "s3vL",
                "elements": [
                    {
                        "type": "rich_text_section",
                        "elements": [
                            {
                                "type": "text",
                                "text": "excited to begin!"
                            }
                        ]
                    }
                ]
            }
        ]
    },
    {
        "type": "message",
        "subtype": "channel_join",
        "ts": "1585006792.005000",
        "user": "U01086WUV5Y",
        "text": "<@U01086WUV5Y> has joined the channel"
    },
    {
        "client_msg_id": "acda8de7-21a7-45cf-bf7b-1a8134462643",
        "type": "message",
        "text": ":wave:",
        "user": "U01086WUV5Y",
        "ts": "1585007572.005200",
        "team": "T0105GKDN1H",
        "user_team": "T0105GKDN1H",
        "source_team": "T0105GKDN1H",
        "user_profile": {
            "avatar_hash": "dbd0fdef4a3e",
            "image_72": "https:\/\/avatars.slack-edge.com\/2020-03-23\/1021057228709_dbd0fdef4a3eff468eb3_72.jpg",
            "first_name": "",
            "real_name": "Jeff Turner",
            "display_name": "Jeff Turner",
            "team": "T0105GKDN1H",
            "name": "turner7350",
            "is_restricted": false,
            "is_ultra_restricted": false
        },
        "blocks": [
            {
                "type": "rich_text",
                "block_id": "rDBn",
                "elements": [
                    {
                        "type": "rich_text_section",
                        "elements": [
                            {
                                "type": "emoji",
                                "name": "wave"
                            }
                        ]
                    }
                ]
            }
        ]
    },
    {
        "client_msg_id": "f60d2063-5b57-446c-b230-7659cd7e4ba1",
        "type": "message",
        "text": "hello",
        "user": "U0109GZP6HH",
        "ts": "1585007892.005500",
        "team": "T0105GKDN1H",
        "user_team": "T0105GKDN1H",
        "source_team": "T0105GKDN1H",
        "user_profile": {
            "avatar_hash": "dcfd7b601289",
            "image_72": "https:\/\/avatars.slack-edge.com\/2020-03-27\/1034775747879_dcfd7b601289e2bf7f73_72.jpg",
            "first_name": "",
            "real_name": "Jessica Vaiana-Cavanagh",
            "display_name": "Jessica Vaiana-Cavanagh",
            "team": "T0105GKDN1H",
            "name": "jessica.vaicav",
            "is_restricted": false,
            "is_ultra_restricted": false
        },
        "blocks": [
            {
                "type": "rich_text",
                "block_id": "4XqL",
                "elements": [
                    {
                        "type": "rich_text_section",
                        "elements": [
                            {
                                "type": "text",
                                "text": "hello"
                            }
                        ]
                    }
                ]
            }
        ]
    },
    {
        "client_msg_id": "d7d1d965-7ae8-4990-98ed-61848e3ebf2c",
        "type": "message",
        "text": "Hello",
        "user": "U010LHWSG4U",
        "ts": "1585008620.006100",
        "team": "T0105GKDN1H",
        "user_team": "T0105GKDN1H",
        "source_team": "T0105GKDN1H",
        "user_profile": {
            "avatar_hash": "94c7660ade93",
            "image_72": "https:\/\/avatars.slack-edge.com\/2020-03-25\/1015453574355_94c7660ade93297788be_72.jpg",
            "first_name": "",
            "real_name": "Sandra Romero",
            "display_name": "Sandra Romero",
            "team": "T0105GKDN1H",
            "name": "sandymarieromero",
            "is_restricted": false,
            "is_ultra_restricted": false
        },
        "blocks": [
            {
                "type": "rich_text",
                "block_id": "S\/UK",
                "elements": [
                    {
                        "type": "rich_text_section",
                        "elements": [
                            {
                                "type": "text",
                                "text": "Hello"
                            }
                        ]
                    }
                ]
            }
        ]
    },
    {
        "client_msg_id": "cfceb7e5-ed25-4590-99a6-f797b40cdb29",
        "type": "message",
        "text": "hiii",
        "user": "U010M34SKMK",
        "ts": "1585009711.006800",
        "team": "T0105GKDN1H",
        "user_team": "T0105GKDN1H",
        "source_team": "T0105GKDN1H",
        "user_profile": {
            "avatar_hash": "0122aab1c9b1",
            "image_72": "https:\/\/avatars.slack-edge.com\/2020-03-23\/1009660365315_0122aab1c9b12475e96c_72.jpg",
            "first_name": "",
            "real_name": "Caroline Lester",
            "display_name": "Caroline Lester",
            "team": "T0105GKDN1H",
            "name": "carolineclester",
            "is_restricted": false,
            "is_ultra_restricted": false
        },
        "blocks": [
            {
                "type": "rich_text",
                "block_id": "m5Dxq",
                "elements": [
                    {
                        "type": "rich_text_section",
                        "elements": [
                            {
                                "type": "text",
                                "text": "hiii"
                            }
                        ]
                    }
                ]
            }
        ]
    },
    {
        "client_msg_id": "5767e407-cc49-48cf-b344-6b7ca3fc34ff",
        "type": "message",
        "text": "Nice seeing everyone. :slightly_smiling_face:",
        "user": "U010LJKUX44",
        "ts": "1585009839.007200",
        "team": "T0105GKDN1H",
        "user_team": "T0105GKDN1H",
        "source_team": "T0105GKDN1H",
        "user_profile": {
            "avatar_hash": "76dca6aade71",
            "image_72": "https:\/\/avatars.slack-edge.com\/2020-03-23\/1022739361382_76dca6aade71042586a7_72.png",
            "first_name": "",
            "real_name": "Hazel Kasusky",
            "display_name": "Hazel Kasusky",
            "team": "T0105GKDN1H",
            "name": "kasusky.music",
            "is_restricted": false,
            "is_ultra_restricted": false
        },
        "blocks": [
            {
                "type": "rich_text",
                "block_id": "aL2Ea",
                "elements": [
                    {
                        "type": "rich_text_section",
                        "elements": [
                            {
                                "type": "text",
                                "text": "Nice seeing everyone. "
                            },
                            {
                                "type": "emoji",
                                "name": "slightly_smiling_face"
                            }
                        ]
                    }
                ]
            }
        ]
    },
    {
        "client_msg_id": "33ffcda0-c130-4342-8271-a04323bae622",
        "type": "message",
        "text": "Concurred!",
        "user": "U010APCDU9F",
        "ts": "1585009845.007400",
        "team": "T0105GKDN1H",
        "user_team": "T0105GKDN1H",
        "source_team": "T0105GKDN1H",
        "user_profile": {
            "avatar_hash": "d44fbe708fa1",
            "image_72": "https:\/\/avatars.slack-edge.com\/2020-03-23\/1020879238357_d44fbe708fa1409cd3b9_72.jpg",
            "first_name": "",
            "real_name": "Eric Z",
            "display_name": "Eric Z",
            "team": "T0105GKDN1H",
            "name": "swissbizz88",
            "is_restricted": false,
            "is_ultra_restricted": false
        },
        "blocks": [
            {
                "type": "rich_text",
                "block_id": "uiUw\/",
                "elements": [
                    {
                        "type": "rich_text_section",
                        "elements": [
                            {
                                "type": "text",
                                "text": "Concurred!"
                            }
                        ]
                    }
                ]
            }
        ]
    },
    {
        "client_msg_id": "7ecda780-b1d5-4e08-aaf5-c9d4af8829e6",
        "type": "message",
        "text": "Looking forward to working with you all!",
        "user": "U010LUDNEJU",
        "ts": "1585009867.008200",
        "team": "T0105GKDN1H",
        "user_team": "T0105GKDN1H",
        "source_team": "T0105GKDN1H",
        "user_profile": {
            "avatar_hash": "60a42db80d27",
            "image_72": "https:\/\/avatars.slack-edge.com\/2020-04-10\/1056102682051_60a42db80d27d72bc6b0_72.jpg",
            "first_name": "",
            "real_name": "Marc Martinez",
            "display_name": "Marc Martinez",
            "team": "T0105GKDN1H",
            "name": "marcmartinez987",
            "is_restricted": false,
            "is_ultra_restricted": false
        },
        "blocks": [
            {
                "type": "rich_text",
                "block_id": "D9o",
                "elements": [
                    {
                        "type": "rich_text_section",
                        "elements": [
                            {
                                "type": "text",
                                "text": "Looking forward to working with you all!"
                            }
                        ]
                    }
                ]
            }
        ]
    },
    {
        "client_msg_id": "b7771ab2-cada-40b3-a553-1406b8d645c5",
        "type": "message",
        "text": "Looking forward to getting to know y'all better and if anyone wants to do a study group I have a house with beer and scotch and tea that we could do it at :smile:",
        "user": "U010APCDU9F",
        "ts": "1585009871.008400",
        "team": "T0105GKDN1H",
        "user_team": "T0105GKDN1H",
        "source_team": "T0105GKDN1H",
        "user_profile": {
            "avatar_hash": "d44fbe708fa1",
            "image_72": "https:\/\/avatars.slack-edge.com\/2020-03-23\/1020879238357_d44fbe708fa1409cd3b9_72.jpg",
            "first_name": "",
            "real_name": "Eric Z",
            "display_name": "Eric Z",
            "team": "T0105GKDN1H",
            "name": "swissbizz88",
            "is_restricted": false,
            "is_ultra_restricted": false
        },
        "blocks": [
            {
                "type": "rich_text",
                "block_id": "wF6\/+",
                "elements": [
                    {
                        "type": "rich_text_section",
                        "elements": [
                            {
                                "type": "text",
                                "text": "Looking forward to getting to know y'all better and if anyone wants to do a study group I have a house with beer and scotch and tea that we could do it at "
                            },
                            {
                                "type": "emoji",
                                "name": "smile"
                            }
                        ]
                    }
                ]
            }
        ],
        "reactions": [
            {
                "name": "100",
                "users": [
                    "U010M0LB2V6"
                ],
                "count": 1
            },
            {
                "name": "heart_eyes",
                "users": [
                    "U010AFPTJP3"
                ],
                "count": 1
            },
            {
                "name": "beer",
                "users": [
                    "U010LJ07DTN"
                ],
                "count": 1
            }
        ]
    },
    {
        "client_msg_id": "8ae70050-57f5-42da-984c-501f1a4fd83b",
        "type": "message",
        "text": "see you guys on Saturday :slightly_smiling_face:",
        "user": "U010KG4F57W",
        "ts": "1585009874.008700",
        "team": "T0105GKDN1H",
        "user_team": "T0105GKDN1H",
        "source_team": "T0105GKDN1H",
        "user_profile": {
            "avatar_hash": "499eac0d340b",
            "image_72": "https:\/\/avatars.slack-edge.com\/2020-03-23\/1022568785783_499eac0d340bd5faa6c9_72.jpg",
            "first_name": "",
            "real_name": "Eddie Kim",
            "display_name": "Eddie Kim",
            "team": "T0105GKDN1H",
            "name": "eddienakkim",
            "is_restricted": false,
            "is_ultra_restricted": false
        },
        "blocks": [
            {
                "type": "rich_text",
                "block_id": "hhZ",
                "elements": [
                    {
                        "type": "rich_text_section",
                        "elements": [
                            {
                                "type": "text",
                                "text": "see you guys on Saturday "
                            },
                            {
                                "type": "emoji",
                                "name": "slightly_smiling_face"
                            }
                        ]
                    }
                ]
            }
        ]
    },
    {
        "client_msg_id": "f08ac8a8-7585-4d89-9f9f-27f4b48916fa",
        "type": "message",
        "text": "Likewise :call_me_hand::skin-tone-3:",
        "user": "U010M0LB2V6",
        "ts": "1585009884.008900",
        "team": "T0105GKDN1H",
        "user_team": "T0105GKDN1H",
        "source_team": "T0105GKDN1H",
        "user_profile": {
            "avatar_hash": "995068df2993",
            "image_72": "https:\/\/avatars.slack-edge.com\/2020-03-28\/1035266841158_995068df29932789a9e3_72.png",
            "first_name": "Allen",
            "real_name": "Allen Sales",
            "display_name": "Allen Sales",
            "team": "T0105GKDN1H",
            "name": "allen.dale310",
            "is_restricted": false,
            "is_ultra_restricted": false
        },
        "blocks": [
            {
                "type": "rich_text",
                "block_id": "l1\/v",
                "elements": [
                    {
                        "type": "rich_text_section",
                        "elements": [
                            {
                                "type": "text",
                                "text": "Likewise "
                            },
                            {
                                "type": "emoji",
                                "name": "call_me_hand",
                                "skin_tone": 3
                            }
                        ]
                    }
                ]
            }
        ]
    },
    {
        "client_msg_id": "6421def1-c28a-40d5-8d91-c94bb5866ffe",
        "type": "message",
        "text": "I'm in for the scotch and tea... probably too far a drive though :yum:",
        "user": "U010AJPBC3B",
        "ts": "1585009910.009300",
        "team": "T0105GKDN1H",
        "user_team": "T0105GKDN1H",
        "source_team": "T0105GKDN1H",
        "user_profile": {
            "avatar_hash": "a7accc11904a",
            "image_72": "https:\/\/avatars.slack-edge.com\/2020-03-31\/1039823854836_a7accc11904a7e79e199_72.png",
            "first_name": "Krista",
            "real_name": "Krista Clarke",
            "display_name": "Krista C",
            "team": "T0105GKDN1H",
            "name": "kristaclarke82",
            "is_restricted": false,
            "is_ultra_restricted": false
        },
        "blocks": [
            {
                "type": "rich_text",
                "block_id": "hS1",
                "elements": [
                    {
                        "type": "rich_text_section",
                        "elements": [
                            {
                                "type": "text",
                                "text": "I'm in for the scotch and tea... probably too far a drive though "
                            },
                            {
                                "type": "emoji",
                                "name": "yum"
                            }
                        ]
                    }
                ]
            }
        ]
    },
    {
        "client_msg_id": "e71c45a8-60b6-4f7d-b01b-b64ce69a1b63",
        "type": "message",
        "text": "is everyone from the LA area??",
        "user": "U010M0LB2V6",
        "ts": "1585009928.009600",
        "team": "T0105GKDN1H",
        "user_team": "T0105GKDN1H",
        "source_team": "T0105GKDN1H",
        "user_profile": {
            "avatar_hash": "995068df2993",
            "image_72": "https:\/\/avatars.slack-edge.com\/2020-03-28\/1035266841158_995068df29932789a9e3_72.png",
            "first_name": "Allen",
            "real_name": "Allen Sales",
            "display_name": "Allen Sales",
            "team": "T0105GKDN1H",
            "name": "allen.dale310",
            "is_restricted": false,
            "is_ultra_restricted": false
        },
        "blocks": [
            {
                "type": "rich_text",
                "block_id": "sq8",
                "elements": [
                    {
                        "type": "rich_text_section",
                        "elements": [
                            {
                                "type": "text",
                                "text": "is everyone from the LA area??"
                            }
                        ]
                    }
                ]
            }
        ]
    },
    {
        "bot_id": "B010LRTTHPX",
        "type": "message",
        "text": "",
        "user": "U010LJ07DTN",
        "ts": "1585009940.009900",
        "team": "T0105GKDN1H",
        "bot_profile": {
            "id": "B010LRTTHPX",
            "deleted": false,
            "name": "giphy",
            "updated": 1585001354,
            "app_id": "A0F827J2C",
            "icons": {
                "image_36": "https:\/\/a.slack-edge.com\/80588\/img\/plugins\/giphy\/service_36.png",
                "image_48": "https:\/\/a.slack-edge.com\/80588\/img\/plugins\/giphy\/service_48.png",
                "image_72": "https:\/\/a.slack-edge.com\/80588\/img\/plugins\/giphy\/service_72.png"
            },
            "team_id": "T0105GKDN1H"
        },
        "attachments": [
            {
                "fallback": "giphy: https:\/\/giphy.com\/gifs\/excited-screaming-jonah-hill-5GoVLqeAOo6PK",
                "image_url": "https:\/\/media3.giphy.com\/media\/5GoVLqeAOo6PK\/giphy.gif?cid=6104955e69259cfd763149d0b4136905cf707c375524689e&rid=giphy.gif",
                "image_width": 237,
                "image_height": 185,
                "image_bytes": 408356,
                "is_animated": true,
                "title": "excited",
                "footer": "Posted using \/giphy",
                "id": 1,
                "title_link": "https:\/\/giphy.com\/gifs\/excited-screaming-jonah-hill-5GoVLqeAOo6PK"
            }
        ]
    },
    {
        "client_msg_id": "0f6fb561-bc27-4c58-a96b-618db59a6144",
        "type": "message",
        "text": "I'm out here in the bay!",
        "user": "U010LRKMSKX",
        "ts": "1585009943.010100",
        "team": "T0105GKDN1H",
        "user_team": "T0105GKDN1H",
        "source_team": "T0105GKDN1H",
        "user_profile": {
            "avatar_hash": "ae27f99c40c3",
            "image_72": "https:\/\/avatars.slack-edge.com\/2020-03-23\/1022872147895_ae27f99c40c3c34dd86b_72.jpg",
            "first_name": "",
            "real_name": "Yssabel Pangilinan",
            "display_name": "Yssabel Pangilinan",
            "team": "T0105GKDN1H",
            "name": "yssabelpangilinan",
            "is_restricted": false,
            "is_ultra_restricted": false
        },
        "blocks": [
            {
                "type": "rich_text",
                "block_id": "WxY",
                "elements": [
                    {
                        "type": "rich_text_section",
                        "elements": [
                            {
                                "type": "text",
                                "text": "I'm out here in the bay!"
                            }
                        ]
                    }
                ]
            }
        ]
    },
    {
        "client_msg_id": "29d27533-d158-4984-a1a7-19666affa52b",
        "type": "message",
        "text": "I'm up here in Oregon now",
        "user": "U010AJPBC3B",
        "ts": "1585009955.010400",
        "team": "T0105GKDN1H",
        "user_team": "T0105GKDN1H",
        "source_team": "T0105GKDN1H",
        "user_profile": {
            "avatar_hash": "a7accc11904a",
            "image_72": "https:\/\/avatars.slack-edge.com\/2020-03-31\/1039823854836_a7accc11904a7e79e199_72.png",
            "first_name": "Krista",
            "real_name": "Krista Clarke",
            "display_name": "Krista C",
            "team": "T0105GKDN1H",
            "name": "kristaclarke82",
            "is_restricted": false,
            "is_ultra_restricted": false
        },
        "blocks": [
            {
                "type": "rich_text",
                "block_id": "1u\/m",
                "elements": [
                    {
                        "type": "rich_text_section",
                        "elements": [
                            {
                                "type": "text",
                                "text": "I'm up here in Oregon now"
                            }
                        ]
                    }
                ]
            }
        ]
    },
    {
        "client_msg_id": "2f7cef43-b1cc-4678-af69-8ff23ab3b395",
        "type": "message",
        "text": "Yeah, out here in LA.",
        "user": "U010LJKUX44",
        "ts": "1585010173.010800",
        "team": "T0105GKDN1H",
        "user_team": "T0105GKDN1H",
        "source_team": "T0105GKDN1H",
        "user_profile": {
            "avatar_hash": "76dca6aade71",
            "image_72": "https:\/\/avatars.slack-edge.com\/2020-03-23\/1022739361382_76dca6aade71042586a7_72.png",
            "first_name": "",
            "real_name": "Hazel Kasusky",
            "display_name": "Hazel Kasusky",
            "team": "T0105GKDN1H",
            "name": "kasusky.music",
            "is_restricted": false,
            "is_ultra_restricted": false
        },
        "blocks": [
            {
                "type": "rich_text",
                "block_id": "xys53",
                "elements": [
                    {
                        "type": "rich_text_section",
                        "elements": [
                            {
                                "type": "text",
                                "text": "Yeah, out here in LA."
                            }
                        ]
                    }
                ]
            }
        ]
    },
    {
        "client_msg_id": "69f95aa2-6f2d-47e1-924d-b9ce716d3bc8",
        "type": "message",
        "text": "I'm just a bit north of LA",
        "user": "U010LJ07DTN",
        "ts": "1585010424.011800",
        "team": "T0105GKDN1H",
        "user_team": "T0105GKDN1H",
        "source_team": "T0105GKDN1H",
        "user_profile": {
            "avatar_hash": "2c52031105bc",
            "image_72": "https:\/\/avatars.slack-edge.com\/2020-03-23\/1009630606675_2c52031105bc8cd04410_72.jpg",
            "first_name": "",
            "real_name": "Juliana Hernandez",
            "display_name": "Juliana Hernandez",
            "team": "T0105GKDN1H",
            "name": "juliana88h",
            "is_restricted": false,
            "is_ultra_restricted": false
        },
        "blocks": [
            {
                "type": "rich_text",
                "block_id": "HGK\/L",
                "elements": [
                    {
                        "type": "rich_text_section",
                        "elements": [
                            {
                                "type": "text",
                                "text": "I'm just a bit north of LA"
                            }
                        ]
                    }
                ]
            }
        ]
    },
    {
        "client_msg_id": "39780ef9-2aa3-4f88-b0b6-eefa88cc00c6",
        "type": "message",
        "text": "i'm in the valley",
        "user": "U010NQC5BN3",
        "ts": "1585010805.012000",
        "team": "T0105GKDN1H",
        "user_team": "T0105GKDN1H",
        "source_team": "T0105GKDN1H",
        "user_profile": {
            "avatar_hash": "gcf515384db7",
            "image_72": "https:\/\/secure.gravatar.com\/avatar\/cf515384db782a18ba9b300901b0728e.jpg?s=72&d=https%3A%2F%2Fa.slack-edge.com%2Fdf10d%2Fimg%2Favatars%2Fava_0014-72.png",
            "first_name": "",
            "real_name": "Vivian( Weiwen) Sheng",
            "display_name": "Vivian( Weiwen) Sheng",
            "team": "T0105GKDN1H",
            "name": "wenwenjzx",
            "is_restricted": false,
            "is_ultra_restricted": false
        },
        "blocks": [
            {
                "type": "rich_text",
                "block_id": "\/oOh",
                "elements": [
                    {
                        "type": "rich_text_section",
                        "elements": [
                            {
                                "type": "text",
                                "text": "i'm in the valley"
                            }
                        ]
                    }
                ]
            }
        ]
    },
    {
        "client_msg_id": "5c9fe967-c9d6-444f-85fa-44112028980e",
        "type": "message",
        "text": "I'm in Savannah, GA but when this corona slows down i'm moving to Santa Monica",
        "user": "U010M34SKMK",
        "ts": "1585010865.012600",
        "team": "T0105GKDN1H",
        "user_team": "T0105GKDN1H",
        "source_team": "T0105GKDN1H",
        "user_profile": {
            "avatar_hash": "0122aab1c9b1",
            "image_72": "https:\/\/avatars.slack-edge.com\/2020-03-23\/1009660365315_0122aab1c9b12475e96c_72.jpg",
            "first_name": "",
            "real_name": "Caroline Lester",
            "display_name": "Caroline Lester",
            "team": "T0105GKDN1H",
            "name": "carolineclester",
            "is_restricted": false,
            "is_ultra_restricted": false
        },
        "blocks": [
            {
                "type": "rich_text",
                "block_id": "q\/kD2",
                "elements": [
                    {
                        "type": "rich_text_section",
                        "elements": [
                            {
                                "type": "text",
                                "text": "I'm in Savannah, GA but when this corona slows down i'm moving to Santa Monica"
                            }
                        ]
                    }
                ]
            }
        ]
    },
    {
        "client_msg_id": "59538e29-0cc2-4673-a845-ed0a5fa06677",
        "type": "message",
        "text": "Pretty spread out group!  But when we’re not on lockdown maybe we could get a study group going in the LA area like <@U010APCDU9F> said",
        "user": "U010M0LB2V6",
        "ts": "1585011201.014600",
        "team": "T0105GKDN1H",
        "user_team": "T0105GKDN1H",
        "source_team": "T0105GKDN1H",
        "user_profile": {
            "avatar_hash": "995068df2993",
            "image_72": "https:\/\/avatars.slack-edge.com\/2020-03-28\/1035266841158_995068df29932789a9e3_72.png",
            "first_name": "Allen",
            "real_name": "Allen Sales",
            "display_name": "Allen Sales",
            "team": "T0105GKDN1H",
            "name": "allen.dale310",
            "is_restricted": false,
            "is_ultra_restricted": false
        },
        "blocks": [
            {
                "type": "rich_text",
                "block_id": "0HoB4",
                "elements": [
                    {
                        "type": "rich_text_section",
                        "elements": [
                            {
                                "type": "text",
                                "text": "Pretty spread out group!  But when we’re not on lockdown maybe we could get a study group going in the LA area like "
                            },
                            {
                                "type": "user",
                                "user_id": "U010APCDU9F"
                            },
                            {
                                "type": "text",
                                "text": " said"
                            }
                        ]
                    }
                ]
            }
        ]
    },
    {
        "client_msg_id": "16902f17-bdc7-4709-97d1-2060976f5c87",
        "type": "message",
        "text": "Yeah man",
        "user": "U010APCDU9F",
        "ts": "1585011219.014800",
        "team": "T0105GKDN1H",
        "user_team": "T0105GKDN1H",
        "source_team": "T0105GKDN1H",
        "user_profile": {
            "avatar_hash": "d44fbe708fa1",
            "image_72": "https:\/\/avatars.slack-edge.com\/2020-03-23\/1020879238357_d44fbe708fa1409cd3b9_72.jpg",
            "first_name": "",
            "real_name": "Eric Z",
            "display_name": "Eric Z",
            "team": "T0105GKDN1H",
            "name": "swissbizz88",
            "is_restricted": false,
            "is_ultra_restricted": false
        },
        "blocks": [
            {
                "type": "rich_text",
                "block_id": "Qjbh",
                "elements": [
                    {
                        "type": "rich_text_section",
                        "elements": [
                            {
                                "type": "text",
                                "text": "Yeah man"
                            }
                        ]
                    }
                ]
            }
        ]
    },
    {
        "client_msg_id": "2f6e0052-7b8a-437d-bd43-428de2cd5260",
        "type": "message",
        "text": "If y'all are interested here's my number: <tel:8187046799|(818)704-6799>\n\nor DM me. Coding, Anime, or the wing speed and velocity of an African swallow down to do the class bonding thing and get to know y'all better :slightly_smiling_face:\n\n#PlusUltra",
        "user": "U010APCDU9F",
        "ts": "1585011277.016000",
        "team": "T0105GKDN1H",
        "user_team": "T0105GKDN1H",
        "source_team": "T0105GKDN1H",
        "user_profile": {
            "avatar_hash": "d44fbe708fa1",
            "image_72": "https:\/\/avatars.slack-edge.com\/2020-03-23\/1020879238357_d44fbe708fa1409cd3b9_72.jpg",
            "first_name": "",
            "real_name": "Eric Z",
            "display_name": "Eric Z",
            "team": "T0105GKDN1H",
            "name": "swissbizz88",
            "is_restricted": false,
            "is_ultra_restricted": false
        },
        "blocks": [
            {
                "type": "rich_text",
                "block_id": "E23pC",
                "elements": [
                    {
                        "type": "rich_text_section",
                        "elements": [
                            {
                                "type": "text",
                                "text": "If y'all are interested here's my number: "
                            },
                            {
                                "type": "link",
                                "url": "tel:8187046799",
                                "text": "(818)704-6799"
                            },
                            {
                                "type": "text",
                                "text": "\n\nor DM me. Coding, Anime, or the wing speed and velocity of an African swallow down to do the class bonding thing and get to know y'all better "
                            },
                            {
                                "type": "emoji",
                                "name": "slightly_smiling_face"
                            },
                            {
                                "type": "text",
                                "text": "\n\n#PlusUltra"
                            }
                        ]
                    }
                ]
            }
        ],
        "reactions": [
            {
                "name": "joy",
                "users": [
                    "U010M0LB2V6",
                    "U010LJKUX44",
                    "U010LJ07DTN",
                    "U010LUDNEJU"
                ],
                "count": 4
            }
        ]
    },
    {
        "client_msg_id": "4f3a4d6e-b372-493f-8428-b19d21463774",
        "type": "message",
        "text": "would that be an unladen swallow?",
        "user": "U010AJPBC3B",
        "ts": "1585011319.016500",
        "team": "T0105GKDN1H",
        "user_team": "T0105GKDN1H",
        "source_team": "T0105GKDN1H",
        "user_profile": {
            "avatar_hash": "a7accc11904a",
            "image_72": "https:\/\/avatars.slack-edge.com\/2020-03-31\/1039823854836_a7accc11904a7e79e199_72.png",
            "first_name": "Krista",
            "real_name": "Krista Clarke",
            "display_name": "Krista C",
            "team": "T0105GKDN1H",
            "name": "kristaclarke82",
            "is_restricted": false,
            "is_ultra_restricted": false
        },
        "blocks": [
            {
                "type": "rich_text",
                "block_id": "z8s",
                "elements": [
                    {
                        "type": "rich_text_section",
                        "elements": [
                            {
                                "type": "text",
                                "text": "would that be an unladen swallow?"
                            }
                        ]
                    }
                ]
            }
        ],
        "reactions": [
            {
                "name": "heart",
                "users": [
                    "U010APCDU9F"
                ],
                "count": 1
            }
        ]
    },
    {
        "client_msg_id": "866d46de-8a12-4147-a950-b8ca61018292",
        "type": "message",
        "text": "Oh derp. Ty :stuck_out_tongue:",
        "user": "U010APCDU9F",
        "ts": "1585011332.016800",
        "team": "T0105GKDN1H",
        "user_team": "T0105GKDN1H",
        "source_team": "T0105GKDN1H",
        "user_profile": {
            "avatar_hash": "d44fbe708fa1",
            "image_72": "https:\/\/avatars.slack-edge.com\/2020-03-23\/1020879238357_d44fbe708fa1409cd3b9_72.jpg",
            "first_name": "",
            "real_name": "Eric Z",
            "display_name": "Eric Z",
            "team": "T0105GKDN1H",
            "name": "swissbizz88",
            "is_restricted": false,
            "is_ultra_restricted": false
        },
        "blocks": [
            {
                "type": "rich_text",
                "block_id": "UIpAY",
                "elements": [
                    {
                        "type": "rich_text_section",
                        "elements": [
                            {
                                "type": "text",
                                "text": "Oh derp. Ty "
                            },
                            {
                                "type": "emoji",
                                "name": "stuck_out_tongue"
                            }
                        ]
                    }
                ]
            }
        ]
    },
    {
        "client_msg_id": "ee0efe64-fc33-4ad0-8f1a-c847c77282eb",
        "type": "message",
        "text": "my pleasure! always love to talk Python",
        "user": "U010AJPBC3B",
        "ts": "1585011353.017200",
        "team": "T0105GKDN1H",
        "user_team": "T0105GKDN1H",
        "source_team": "T0105GKDN1H",
        "user_profile": {
            "avatar_hash": "a7accc11904a",
            "image_72": "https:\/\/avatars.slack-edge.com\/2020-03-31\/1039823854836_a7accc11904a7e79e199_72.png",
            "first_name": "Krista",
            "real_name": "Krista Clarke",
            "display_name": "Krista C",
            "team": "T0105GKDN1H",
            "name": "kristaclarke82",
            "is_restricted": false,
            "is_ultra_restricted": false
        },
        "blocks": [
            {
                "type": "rich_text",
                "block_id": "+Re",
                "elements": [
                    {
                        "type": "rich_text_section",
                        "elements": [
                            {
                                "type": "text",
                                "text": "my pleasure! always love to talk Python"
                            }
                        ]
                    }
                ]
            }
        ],
        "reactions": [
            {
                "name": "heart",
                "users": [
                    "U010APCDU9F"
                ],
                "count": 1
            }
        ]
    },
    {
        "client_msg_id": "ffa5f6e9-8158-4eed-8f57-bdd2de36770d",
        "type": "message",
        "text": "Hello Everyone !!!",
        "user": "U010B4FCHCZ",
        "ts": "1585016365.017500",
        "team": "T0105GKDN1H",
        "user_team": "T0105GKDN1H",
        "source_team": "T0105GKDN1H",
        "user_profile": {
            "avatar_hash": "95e91a16d45e",
            "image_72": "https:\/\/avatars.slack-edge.com\/2020-03-23\/1023056229415_95e91a16d45eaa901d97_72.jpg",
            "first_name": "Kanyarut",
            "real_name": "Kanyarut Pornamnuay",
            "display_name": "Kanyarut (Ben)",
            "team": "T0105GKDN1H",
            "name": "benbaba2525",
            "is_restricted": false,
            "is_ultra_restricted": false
        },
        "blocks": [
            {
                "type": "rich_text",
                "block_id": "iRfXd",
                "elements": [
                    {
                        "type": "rich_text_section",
                        "elements": [
                            {
                                "type": "text",
                                "text": "Hello Everyone !!!"
                            }
                        ]
                    }
                ]
            }
        ],
        "reactions": [
            {
                "name": "man-raising-hand::skin-tone-3",
                "users": [
                    "U010M0LB2V6"
                ],
                "count": 1
            }
        ]
    }
]