[
    {
        "client_msg_id": "0a81a7c0-e248-4b80-b532-241465130129",
        "type": "message",
        "text": "Video for Tuesday is linked in BCS now. I'll also repost in classroom slack soon.",
        "user": "U010Y90H4T0",
        "ts": "1585897713.035300",
        "team": "T0105GKDN1H",
        "user_team": "T0105GKDN1H",
        "source_team": "T0105GKDN1H",
        "user_profile": {
            "avatar_hash": "dab7da854ffb",
            "image_72": "https:\/\/avatars.slack-edge.com\/2020-03-27\/1017678411922_dab7da854ffb816e196d_72.jpg",
            "first_name": "Chris",
            "real_name": "Chris Murphy",
            "display_name": "Chris Murphy",
            "team": "T0105GKDN1H",
            "name": "christoph2005",
            "is_restricted": false,
            "is_ultra_restricted": false
        },
        "blocks": [
            {
                "type": "rich_text",
                "block_id": "OHHZk",
                "elements": [
                    {
                        "type": "rich_text_section",
                        "elements": [
                            {
                                "type": "text",
                                "text": "Video for Tuesday is linked in BCS now. I'll also repost in classroom slack soon."
                            }
                        ]
                    }
                ]
            }
        ]
    }
]