[
    {
        "client_msg_id": "4096329a-f48a-4b55-b2bb-3e0965a41c07",
        "type": "message",
        "text": "<https:\/\/www.youtube.com\/watch?v=pQN-pnXPaVg> Found this video to be pretty helpful if you're  a noob like me",
        "user": "U010LHWSG4U",
        "ts": "1586562966.002900",
        "team": "T0105GKDN1H",
        "user_team": "T0105GKDN1H",
        "source_team": "T0105GKDN1H",
        "user_profile": {
            "avatar_hash": "94c7660ade93",
            "image_72": "https:\/\/avatars.slack-edge.com\/2020-03-25\/1015453574355_94c7660ade93297788be_72.jpg",
            "first_name": "",
            "real_name": "Sandra Romero",
            "display_name": "Sandra Romero",
            "team": "T0105GKDN1H",
            "name": "sandymarieromero",
            "is_restricted": false,
            "is_ultra_restricted": false
        },
        "attachments": [
            {
                "service_name": "YouTube",
                "service_url": "https:\/\/www.youtube.com\/",
                "title": "HTML Full Course - Build a Website Tutorial",
                "title_link": "https:\/\/www.youtube.com\/watch?v=pQN-pnXPaVg",
                "author_name": "freeCodeCamp.org",
                "author_link": "https:\/\/www.youtube.com\/channel\/UC8butISFwT-Wl7EV0hUK0BQ",
                "thumb_url": "https:\/\/i.ytimg.com\/vi\/pQN-pnXPaVg\/hqdefault.jpg",
                "thumb_width": 480,
                "thumb_height": 360,
                "fallback": "YouTube Video: HTML Full Course - Build a Website Tutorial",
                "video_html": "<iframe width=\"400\" height=\"225\" src=\"https:\/\/www.youtube.com\/embed\/pQN-pnXPaVg?feature=oembed&autoplay=1&iv_load_policy=3\" frameborder=\"0\" allow=\"accelerometer; autoplay; encrypted-media; gyroscope; picture-in-picture\" allowfullscreen><\/iframe>",
                "video_html_width": 400,
                "video_html_height": 225,
                "from_url": "https:\/\/www.youtube.com\/watch?v=pQN-pnXPaVg",
                "service_icon": "https:\/\/a.slack-edge.com\/80588\/img\/unfurl_icons\/youtube.png",
                "id": 1,
                "original_url": "https:\/\/www.youtube.com\/watch?v=pQN-pnXPaVg"
            }
        ],
        "blocks": [
            {
                "type": "rich_text",
                "block_id": "ZM1",
                "elements": [
                    {
                        "type": "rich_text_section",
                        "elements": [
                            {
                                "type": "link",
                                "url": "https:\/\/www.youtube.com\/watch?v=pQN-pnXPaVg"
                            },
                            {
                                "type": "text",
                                "text": " Found this video to be pretty helpful if you're  a noob like me"
                            }
                        ]
                    }
                ]
            }
        ],
        "reactions": [
            {
                "name": "+1",
                "users": [
                    "U010AFPTJP3",
                    "U010APCDU9F",
                    "U010KG4F57W"
                ],
                "count": 3
            }
        ]
    }
]