[
    {
        "client_msg_id": "8acb79f5-f056-4602-826c-b8b21ab91264",
        "type": "message",
        "text": "Interesting resource that I'm unsure if we've talked about or not:\n<https:\/\/scrimba.com\/>\n\nNot only does it offer several free courses on programming languages (including Bootstrap, CSS, HTML, and Javascript) but it also offers \"Playgrounds\" where you can input and run Javascript code on a console.\n\nVery cool.",
        "user": "U010L2Z8M7F",
        "ts": "1586745123.005000",
        "team": "T0105GKDN1H",
        "user_team": "T0105GKDN1H",
        "source_team": "T0105GKDN1H",
        "user_profile": {
            "avatar_hash": "d530d6a49334",
            "image_72": "https:\/\/avatars.slack-edge.com\/2020-03-23\/1010225799969_d530d6a493349354556a_72.jpg",
            "first_name": "",
            "real_name": "Mark Fullton",
            "display_name": "Mark Fullton",
            "team": "T0105GKDN1H",
            "name": "the.mark.fullton",
            "is_restricted": false,
            "is_ultra_restricted": false
        },
        "attachments": [
            {
                "service_name": "Scrimba",
                "title": "Learn to Code with Interactive Tutorials | Scrimba",
                "title_link": "https:\/\/scrimba.com\/",
                "text": "Scrimba is a fun and fast way of learning to code! Our interactive courses and tutorials will teach you React, Vue, Angular, JavaScript, HTML, CSS, and more.",
                "fallback": "Scrimba: Learn to Code with Interactive Tutorials | Scrimba",
                "image_url": "https:\/\/scrimba.com\/static\/art\/maincover.png",
                "from_url": "https:\/\/scrimba.com\/",
                "image_width": 500,
                "image_height": 250,
                "image_bytes": 101796,
                "service_icon": "https:\/\/scrimba.com\/static\/cached\/favico1\/apple-touch-icon.png",
                "id": 1,
                "original_url": "https:\/\/scrimba.com\/"
            }
        ],
        "blocks": [
            {
                "type": "rich_text",
                "block_id": "hC+PX",
                "elements": [
                    {
                        "type": "rich_text_section",
                        "elements": [
                            {
                                "type": "text",
                                "text": "Interesting resource that I'm unsure if we've talked about or not:\n"
                            },
                            {
                                "type": "link",
                                "url": "https:\/\/scrimba.com\/"
                            },
                            {
                                "type": "text",
                                "text": "\n\nNot only does it offer several free courses on programming languages (including Bootstrap, CSS, HTML, and Javascript) but it also offers \"Playgrounds\" where you can input and run Javascript code on a console.\n\nVery cool."
                            }
                        ]
                    }
                ]
            }
        ]
    }
]