[
    {
        "client_msg_id": "591edf24-7f7c-4faf-8a08-3bf9138cc0ec",
        "type": "message",
        "text": "We are still in grading homework at the moment :smile:",
        "user": "U010LEW4XPX",
        "ts": "1587049904.018500",
        "team": "T0105GKDN1H",
        "user_team": "T0105GKDN1H",
        "source_team": "T0105GKDN1H",
        "user_profile": {
            "avatar_hash": "g15b31306bf8",
            "image_72": "https:\/\/secure.gravatar.com\/avatar\/15b31306bf891aa1da33301277c37bc4.jpg?s=72&d=https%3A%2F%2Fa.slack-edge.com%2Fdf10d%2Fimg%2Favatars%2Fava_0008-72.png",
            "first_name": "",
            "real_name": "michaelpopedeveloper",
            "display_name": "michaelpopedeveloper",
            "team": "T0105GKDN1H",
            "name": "michaelpopedeveloper",
            "is_restricted": false,
            "is_ultra_restricted": false
        },
        "blocks": [
            {
                "type": "rich_text",
                "block_id": "wVb1",
                "elements": [
                    {
                        "type": "rich_text_section",
                        "elements": [
                            {
                                "type": "text",
                                "text": "We are still in grading homework at the moment "
                            },
                            {
                                "type": "emoji",
                                "name": "smile"
                            }
                        ]
                    }
                ]
            }
        ],
        "thread_ts": "1586992217.018100",
        "parent_user_id": "U010H28N18S"
    },
    {
        "client_msg_id": "02476dfe-1a4f-43e3-95ab-c7fa5929b5fb",
        "type": "message",
        "text": "Ok..ty",
        "user": "U010H28N18S",
        "ts": "1587058860.018700",
        "team": "T0105GKDN1H",
        "user_team": "T0105GKDN1H",
        "source_team": "T0105GKDN1H",
        "user_profile": {
            "avatar_hash": "84fd88e6f1cb",
            "image_72": "https:\/\/avatars.slack-edge.com\/2020-03-26\/1029561083269_84fd88e6f1cb30ca3348_72.jpg",
            "first_name": "Christine",
            "real_name": "Christine Munoz",
            "display_name": "Christine",
            "team": "T0105GKDN1H",
            "name": "christinezzy5",
            "is_restricted": false,
            "is_ultra_restricted": false
        },
        "blocks": [
            {
                "type": "rich_text",
                "block_id": "zWBHx",
                "elements": [
                    {
                        "type": "rich_text_section",
                        "elements": [
                            {
                                "type": "text",
                                "text": "Ok..ty"
                            }
                        ]
                    }
                ]
            }
        ],
        "thread_ts": "1586992217.018100",
        "parent_user_id": "U010H28N18S"
    },
    {
        "client_msg_id": "d8d1a214-aab5-47c0-baf2-777d76fe978c",
        "type": "message",
        "text": "<https:\/\/uclax.bootcampcontent.com\/UCLA-Coding-Boot-Camp\/ucla-virt-fsf-pt-03-2020-u-lol\/blob\/master\/03-Week\/03-LectureSlides\/live-online-webdev-03-2-jumping-for-js.pdf|Lecture Slides for 4\/16\/2020>",
        "user": "U010Y90H4T0",
        "ts": "1587059943.019000",
        "team": "T0105GKDN1H",
        "user_team": "T0105GKDN1H",
        "source_team": "T0105GKDN1H",
        "user_profile": {
            "avatar_hash": "dab7da854ffb",
            "image_72": "https:\/\/avatars.slack-edge.com\/2020-03-27\/1017678411922_dab7da854ffb816e196d_72.jpg",
            "first_name": "Chris",
            "real_name": "Chris Murphy",
            "display_name": "Chris Murphy",
            "team": "T0105GKDN1H",
            "name": "christoph2005",
            "is_restricted": false,
            "is_ultra_restricted": false
        },
        "attachments": [
            {
                "service_name": "GitLab",
                "title": "Sign in",
                "title_link": "https:\/\/uclax.bootcampcontent.com\/UCLA-Coding-Boot-Camp\/ucla-virt-fsf-pt-03-2020-u-lol\/blob\/master\/03-Week\/03-LectureSlides\/live-online-webdev-03-2-jumping-for-js.pdf",
                "text": "GitLab Community Edition",
                "fallback": "GitLab: Sign in",
                "thumb_url": "https:\/\/uclax.bootcampcontent.com\/assets\/gitlab_logo-7ae504fe4f68fdebb3c2034e36621930cd36ea87924c11ff65dbcb8ed50dca58.png",
                "from_url": "https:\/\/uclax.bootcampcontent.com\/UCLA-Coding-Boot-Camp\/ucla-virt-fsf-pt-03-2020-u-lol\/blob\/master\/03-Week\/03-LectureSlides\/live-online-webdev-03-2-jumping-for-js.pdf",
                "thumb_width": 128,
                "thumb_height": 128,
                "service_icon": "https:\/\/uclax.bootcampcontent.com\/assets\/touch-icon-iphone-5a9cee0e8a51212e70b90c87c12f382c428870c0ff67d1eb034d884b78d2dae7.png",
                "id": 1,
                "original_url": "https:\/\/uclax.bootcampcontent.com\/UCLA-Coding-Boot-Camp\/ucla-virt-fsf-pt-03-2020-u-lol\/blob\/master\/03-Week\/03-LectureSlides\/live-online-webdev-03-2-jumping-for-js.pdf"
            }
        ],
        "blocks": [
            {
                "type": "rich_text",
                "block_id": "uL0",
                "elements": [
                    {
                        "type": "rich_text_section",
                        "elements": [
                            {
                                "type": "link",
                                "url": "https:\/\/uclax.bootcampcontent.com\/UCLA-Coding-Boot-Camp\/ucla-virt-fsf-pt-03-2020-u-lol\/blob\/master\/03-Week\/03-LectureSlides\/live-online-webdev-03-2-jumping-for-js.pdf",
                                "text": "Lecture Slides for 4\/16\/2020"
                            }
                        ]
                    }
                ]
            }
        ]
    },
    {
        "client_msg_id": "0f3e7ac8-2231-4801-ad92-7f34512568af",
        "type": "message",
        "text": "Classroom: <https:\/\/zoom.us\/j\/823356662>\nOffice Hours: 5:45 PDT",
        "user": "U010Y90H4T0",
        "ts": "1587083796.019300",
        "team": "T0105GKDN1H",
        "user_team": "T0105GKDN1H",
        "source_team": "T0105GKDN1H",
        "user_profile": {
            "avatar_hash": "dab7da854ffb",
            "image_72": "https:\/\/avatars.slack-edge.com\/2020-03-27\/1017678411922_dab7da854ffb816e196d_72.jpg",
            "first_name": "Chris",
            "real_name": "Chris Murphy",
            "display_name": "Chris Murphy",
            "team": "T0105GKDN1H",
            "name": "christoph2005",
            "is_restricted": false,
            "is_ultra_restricted": false
        },
        "blocks": [
            {
                "type": "rich_text",
                "block_id": "gJoB",
                "elements": [
                    {
                        "type": "rich_text_section",
                        "elements": [
                            {
                                "type": "text",
                                "text": "Classroom: "
                            },
                            {
                                "type": "link",
                                "url": "https:\/\/zoom.us\/j\/823356662"
                            },
                            {
                                "type": "text",
                                "text": "\nOffice Hours: 5:45 PDT"
                            }
                        ]
                    }
                ]
            }
        ]
    },
    {
        "client_msg_id": "a477d4ff-9fc1-4e3e-9a35-64223d341822",
        "type": "message",
        "text": "in waiting room",
        "user": "U010LHWSG4U",
        "ts": "1587084604.019500",
        "team": "T0105GKDN1H",
        "user_team": "T0105GKDN1H",
        "source_team": "T0105GKDN1H",
        "user_profile": {
            "avatar_hash": "94c7660ade93",
            "image_72": "https:\/\/avatars.slack-edge.com\/2020-03-25\/1015453574355_94c7660ade93297788be_72.jpg",
            "first_name": "",
            "real_name": "Sandra Romero",
            "display_name": "Sandra Romero",
            "team": "T0105GKDN1H",
            "name": "sandymarieromero",
            "is_restricted": false,
            "is_ultra_restricted": false
        },
        "blocks": [
            {
                "type": "rich_text",
                "block_id": "sIc",
                "elements": [
                    {
                        "type": "rich_text_section",
                        "elements": [
                            {
                                "type": "text",
                                "text": "in waiting room"
                            }
                        ]
                    }
                ]
            }
        ]
    },
    {
        "client_msg_id": "fabdfb35-536a-478d-bb86-3116b2662d58",
        "type": "message",
        "text": "Office Hour Activity Starter Code:\n```\/\/ Fill in the body of each function with the code required\n\nvar add = function(num1, num2) {};\n\nvar subtract = function(num1, num2) {};\n\nvar multiply = function(num1, num2) {};\n\nvar divide = function(num1, num2) {};```",
        "user": "U010Y90H4T0",
        "ts": "1587085039.020000",
        "team": "T0105GKDN1H",
        "user_team": "T0105GKDN1H",
        "source_team": "T0105GKDN1H",
        "user_profile": {
            "avatar_hash": "dab7da854ffb",
            "image_72": "https:\/\/avatars.slack-edge.com\/2020-03-27\/1017678411922_dab7da854ffb816e196d_72.jpg",
            "first_name": "Chris",
            "real_name": "Chris Murphy",
            "display_name": "Chris Murphy",
            "team": "T0105GKDN1H",
            "name": "christoph2005",
            "is_restricted": false,
            "is_ultra_restricted": false
        },
        "edited": {
            "user": "U010Y90H4T0",
            "ts": "1587085048.000000"
        },
        "blocks": [
            {
                "type": "rich_text",
                "block_id": "Bs01V",
                "elements": [
                    {
                        "type": "rich_text_section",
                        "elements": [
                            {
                                "type": "text",
                                "text": "Office Hour Activity Starter Code:\n"
                            }
                        ]
                    },
                    {
                        "type": "rich_text_preformatted",
                        "elements": [
                            {
                                "type": "text",
                                "text": "\/\/ Fill in the body of each function with the code required\n\nvar add = function(num1, num2) {};\n\nvar subtract = function(num1, num2) {};\n\nvar multiply = function(num1, num2) {};\n\nvar divide = function(num1, num2) {};"
                            }
                        ]
                    }
                ]
            }
        ]
    },
    {
        "client_msg_id": "87e42877-6b9c-4b90-ab57-391b8d0fbdb1",
        "type": "message",
        "text": "HTML for the Activity:\n```&lt;!-- OPEN THIS FILE IN YOUR WEB BROWSER TO SEE THE TEST RESULTS\nDO NOT MODIFY THIS FILE --&gt;\n<!DOCTYPE html>\n&lt;html lang=\"en\"&gt;\n  &lt;head&gt;\n    &lt;meta charset=\"UTF-8\" \/&gt;\n    &lt;meta name=\"viewport\" content=\"width=device-width, initial-scale=1.0\" \/&gt;\n    &lt;meta http-equiv=\"X-UA-Compatible\" content=\"ie=edge\" \/&gt;\n    &lt;title&gt;Arithmetic Tests&lt;\/title&gt;\n    &lt;link\n      rel=\"stylesheet\"\n      href=\"<https:\/\/cdnjs.cloudflare.com\/ajax\/libs\/mocha\/5.2.0\/mocha.min.css>\"\n    \/&gt;\n    &lt;script src=\"<https:\/\/cdnjs.cloudflare.com\/ajax\/libs\/mocha\/5.2.0\/mocha.min.js>\"&gt;&lt;\/script&gt;\n    &lt;script src=\"<https:\/\/cdnjs.cloudflare.com\/ajax\/libs\/chai\/4.2.0\/chai.min.js>\"&gt;&lt;\/script&gt;\n  &lt;\/head&gt;\n  &lt;!-- OPEN THIS FILE IN YOUR WEB BROWSER TO SEE THE TEST RESULTS\nDO NOT MODIFY THIS FILE --&gt;\n  &lt;body&gt;\n    &lt;div id=\"mocha\"&gt;&lt;\/div&gt;\n    &lt;script&gt;\n      mocha.setup(\"bdd\");\n    &lt;\/script&gt;\n    &lt;script src=\"arithmetic.js\"&gt;&lt;\/script&gt;\n    &lt;script src=\"test\/arithmetic.test.js\"&gt;&lt;\/script&gt;\n    &lt;script&gt;\n      mocha.run();\n    &lt;\/script&gt;\n  &lt;\/body&gt;\n&lt;\/html&gt;```",
        "user": "U010Y90H4T0",
        "ts": "1587085138.020400",
        "team": "T0105GKDN1H",
        "user_team": "T0105GKDN1H",
        "source_team": "T0105GKDN1H",
        "user_profile": {
            "avatar_hash": "dab7da854ffb",
            "image_72": "https:\/\/avatars.slack-edge.com\/2020-03-27\/1017678411922_dab7da854ffb816e196d_72.jpg",
            "first_name": "Chris",
            "real_name": "Chris Murphy",
            "display_name": "Chris Murphy",
            "team": "T0105GKDN1H",
            "name": "christoph2005",
            "is_restricted": false,
            "is_ultra_restricted": false
        },
        "blocks": [
            {
                "type": "rich_text",
                "block_id": "qY=",
                "elements": [
                    {
                        "type": "rich_text_section",
                        "elements": [
                            {
                                "type": "text",
                                "text": "HTML for the Activity:\n"
                            }
                        ]
                    },
                    {
                        "type": "rich_text_preformatted",
                        "elements": [
                            {
                                "type": "text",
                                "text": "<!-- OPEN THIS FILE IN YOUR WEB BROWSER TO SEE THE TEST RESULTS\nDO NOT MODIFY THIS FILE -->\n<!DOCTYPE html>\n<html lang=\"en\">\n  <head>\n    <meta charset=\"UTF-8\" \/>\n    <meta name=\"viewport\" content=\"width=device-width, initial-scale=1.0\" \/>\n    <meta http-equiv=\"X-UA-Compatible\" content=\"ie=edge\" \/>\n    <title>Arithmetic Tests<\/title>\n    <link\n      rel=\"stylesheet\"\n      href=\""
                            },
                            {
                                "type": "link",
                                "url": "https:\/\/cdnjs.cloudflare.com\/ajax\/libs\/mocha\/5.2.0\/mocha.min.css"
                            },
                            {
                                "type": "text",
                                "text": "\"\n    \/>\n    <script src=\""
                            },
                            {
                                "type": "link",
                                "url": "https:\/\/cdnjs.cloudflare.com\/ajax\/libs\/mocha\/5.2.0\/mocha.min.js"
                            },
                            {
                                "type": "text",
                                "text": "\"><\/script>\n    <script src=\""
                            },
                            {
                                "type": "link",
                                "url": "https:\/\/cdnjs.cloudflare.com\/ajax\/libs\/chai\/4.2.0\/chai.min.js"
                            },
                            {
                                "type": "text",
                                "text": "\"><\/script>\n  <\/head>\n  <!-- OPEN THIS FILE IN YOUR WEB BROWSER TO SEE THE TEST RESULTS\nDO NOT MODIFY THIS FILE -->\n  <body>\n    <div id=\"mocha\"><\/div>\n    <script>\n      mocha.setup(\"bdd\");\n    <\/script>\n    <script src=\"arithmetic.js\"><\/script>\n    <script src=\"test\/arithmetic.test.js\"><\/script>\n    <script>\n      mocha.run();\n    <\/script>\n  <\/body>\n<\/html>"
                            }
                        ]
                    }
                ]
            }
        ]
    },
    {
        "client_msg_id": "d0b42c84-2610-435e-aa6c-bf3e5da7f4e3",
        "type": "message",
        "text": "arithmetic.test.js\n```var expect = chai.expect;\n\ndescribe(\"add\", function() {\n  it(\"should add two numbers\", function() {\n    var num1 = 10;\n    var num2 = 24;\n\n    var result = add(num1, num2);\n\n    expect(result).to.eql(34);\n  });\n});\n\ndescribe(\"subtract\", function() {\n  it(\"should subtract the second number from the first number\", function() {\n    var num1 = 100;\n    var num2 = 91;\n\n    var result = subtract(num1, num2);\n\n    expect(result).to.eql(9);\n  });\n});\n\ndescribe(\"multiply\", function() {\n  it(\"should multiply the two numbers\", function() {\n    var num1 = 7;\n    var num2 = 70;\n\n    var result = multiply(num1, num2);\n\n    expect(result).to.eql(490);\n  });\n});\n\ndescribe(\"divide\", function() {\n  it(\"should divide the first number by the second number\", function() {\n    var num1 = 33;\n    var num2 = 11;\n\n    var result = divide(num1, num2);\n\n    expect(result).to.eql(3);\n  });\n});```",
        "user": "U010Y90H4T0",
        "ts": "1587085193.020600",
        "team": "T0105GKDN1H",
        "user_team": "T0105GKDN1H",
        "source_team": "T0105GKDN1H",
        "user_profile": {
            "avatar_hash": "dab7da854ffb",
            "image_72": "https:\/\/avatars.slack-edge.com\/2020-03-27\/1017678411922_dab7da854ffb816e196d_72.jpg",
            "first_name": "Chris",
            "real_name": "Chris Murphy",
            "display_name": "Chris Murphy",
            "team": "T0105GKDN1H",
            "name": "christoph2005",
            "is_restricted": false,
            "is_ultra_restricted": false
        },
        "edited": {
            "user": "U010Y90H4T0",
            "ts": "1587085204.000000"
        },
        "blocks": [
            {
                "type": "rich_text",
                "block_id": "r0rw",
                "elements": [
                    {
                        "type": "rich_text_section",
                        "elements": [
                            {
                                "type": "text",
                                "text": "arithmetic.test.js\n"
                            }
                        ]
                    },
                    {
                        "type": "rich_text_preformatted",
                        "elements": [
                            {
                                "type": "text",
                                "text": "var expect = chai.expect;\n\ndescribe(\"add\", function() {\n  it(\"should add two numbers\", function() {\n    var num1 = 10;\n    var num2 = 24;\n\n    var result = add(num1, num2);\n\n    expect(result).to.eql(34);\n  });\n});\n\ndescribe(\"subtract\", function() {\n  it(\"should subtract the second number from the first number\", function() {\n    var num1 = 100;\n    var num2 = 91;\n\n    var result = subtract(num1, num2);\n\n    expect(result).to.eql(9);\n  });\n});\n\ndescribe(\"multiply\", function() {\n  it(\"should multiply the two numbers\", function() {\n    var num1 = 7;\n    var num2 = 70;\n\n    var result = multiply(num1, num2);\n\n    expect(result).to.eql(490);\n  });\n});\n\ndescribe(\"divide\", function() {\n  it(\"should divide the first number by the second number\", function() {\n    var num1 = 33;\n    var num2 = 11;\n\n    var result = divide(num1, num2);\n\n    expect(result).to.eql(3);\n  });\n});"
                            }
                        ]
                    }
                ]
            }
        ]
    },
    {
        "client_msg_id": "a9fe17a6-78ca-45e2-8ad0-9b94a0e034d9",
        "type": "message",
        "text": "Activity 2 Instructions:\n\nOdd or Even\nIn this activity you will be writing code to create a function that determines whether a number is odd or even.\n\nInstructions\n• Open <https:\/\/github.com\/coding-boot-camp\/fullstack-ground\/blob\/master\/01-Class-Content\/03-JavaScript\/03-Algorithms\/02-odd-or-even\/Unsolved\/odd-or-even.js|Unsolved\/odd-or-even.js> in your code editor -- this is the only file you will modify in this activity.\n• In this file you will be writing code in the body of the `oddOrEven` function to achieve the following:\n• If `num` is evenly divisible by 2, return the string \"even\".\n• If `num` is NOT evenly divisible by 2, return the string \"odd\".\n• You can check to see if your function works properly by opening <https:\/\/github.com\/coding-boot-camp\/fullstack-ground\/blob\/master\/01-Class-Content\/03-JavaScript\/03-Algorithms\/02-odd-or-even\/Unsolved\/test.html|Unsolved\/test.html> in your web browser.\n• Functions that _pass_ the tests will be denoted with a green check mark.\n• Functions that _fail_ the tests will be denoted with a red x and an error message.\n",
        "user": "U010Y90H4T0",
        "ts": "1587085692.021000",
        "team": "T0105GKDN1H",
        "user_team": "T0105GKDN1H",
        "source_team": "T0105GKDN1H",
        "user_profile": {
            "avatar_hash": "dab7da854ffb",
            "image_72": "https:\/\/avatars.slack-edge.com\/2020-03-27\/1017678411922_dab7da854ffb816e196d_72.jpg",
            "first_name": "Chris",
            "real_name": "Chris Murphy",
            "display_name": "Chris Murphy",
            "team": "T0105GKDN1H",
            "name": "christoph2005",
            "is_restricted": false,
            "is_ultra_restricted": false
        },
        "blocks": [
            {
                "type": "rich_text",
                "block_id": "kCTR",
                "elements": [
                    {
                        "type": "rich_text_section",
                        "elements": [
                            {
                                "type": "text",
                                "text": "Activity 2 Instructions:\n\nOdd or Even\nIn this activity you will be writing code to create a function that determines whether a number is odd or even.\n\nInstructions\n"
                            }
                        ]
                    },
                    {
                        "type": "rich_text_list",
                        "elements": [
                            {
                                "type": "rich_text_section",
                                "elements": [
                                    {
                                        "type": "text",
                                        "text": "Open "
                                    },
                                    {
                                        "type": "link",
                                        "url": "https:\/\/github.com\/coding-boot-camp\/fullstack-ground\/blob\/master\/01-Class-Content\/03-JavaScript\/03-Algorithms\/02-odd-or-even\/Unsolved\/odd-or-even.js",
                                        "text": "Unsolved\/odd-or-even.js"
                                    },
                                    {
                                        "type": "text",
                                        "text": " in your code editor -- this is the only file you will modify in this activity."
                                    }
                                ]
                            },
                            {
                                "type": "rich_text_section",
                                "elements": [
                                    {
                                        "type": "text",
                                        "text": "In this file you will be writing code in the body of the "
                                    },
                                    {
                                        "type": "text",
                                        "text": "oddOrEven",
                                        "style": {
                                            "code": true
                                        }
                                    },
                                    {
                                        "type": "text",
                                        "text": " function to achieve the following:"
                                    }
                                ]
                            },
                            {
                                "type": "rich_text_section",
                                "elements": [
                                    {
                                        "type": "text",
                                        "text": "If "
                                    },
                                    {
                                        "type": "text",
                                        "text": "num",
                                        "style": {
                                            "code": true
                                        }
                                    },
                                    {
                                        "type": "text",
                                        "text": " is evenly divisible by 2, return the string \"even\"."
                                    }
                                ]
                            },
                            {
                                "type": "rich_text_section",
                                "elements": [
                                    {
                                        "type": "text",
                                        "text": "If "
                                    },
                                    {
                                        "type": "text",
                                        "text": "num",
                                        "style": {
                                            "code": true
                                        }
                                    },
                                    {
                                        "type": "text",
                                        "text": " is NOT evenly divisible by 2, return the string \"odd\"."
                                    }
                                ]
                            },
                            {
                                "type": "rich_text_section",
                                "elements": [
                                    {
                                        "type": "text",
                                        "text": "You can check to see if your function works properly by opening "
                                    },
                                    {
                                        "type": "link",
                                        "url": "https:\/\/github.com\/coding-boot-camp\/fullstack-ground\/blob\/master\/01-Class-Content\/03-JavaScript\/03-Algorithms\/02-odd-or-even\/Unsolved\/test.html",
                                        "text": "Unsolved\/test.html"
                                    },
                                    {
                                        "type": "text",
                                        "text": " in your web browser."
                                    }
                                ]
                            },
                            {
                                "type": "rich_text_section",
                                "elements": [
                                    {
                                        "type": "text",
                                        "text": "Functions that "
                                    },
                                    {
                                        "type": "text",
                                        "text": "pass",
                                        "style": {
                                            "italic": true
                                        }
                                    },
                                    {
                                        "type": "text",
                                        "text": " the tests will be denoted with a green check mark."
                                    }
                                ]
                            },
                            {
                                "type": "rich_text_section",
                                "elements": [
                                    {
                                        "type": "text",
                                        "text": "Functions that "
                                    },
                                    {
                                        "type": "text",
                                        "text": "fail",
                                        "style": {
                                            "italic": true
                                        }
                                    },
                                    {
                                        "type": "text",
                                        "text": " the tests will be denoted with a red x and an error message."
                                    }
                                ]
                            }
                        ],
                        "style": "bullet",
                        "indent": 0
                    },
                    {
                        "type": "rich_text_section",
                        "elements": []
                    }
                ]
            }
        ]
    },
    {
        "client_msg_id": "792b0c08-dfde-494d-9780-c45328332cdb",
        "type": "message",
        "text": "odd-or-even.js\n```\/\/ Write code to return the string \"odd\" if `num` is an odd number\n\/\/ and return the string \"even\" if `num` is an even number\n\nvar oddOrEven = function(num) {};```",
        "user": "U010Y90H4T0",
        "ts": "1587085747.021500",
        "team": "T0105GKDN1H",
        "user_team": "T0105GKDN1H",
        "source_team": "T0105GKDN1H",
        "user_profile": {
            "avatar_hash": "dab7da854ffb",
            "image_72": "https:\/\/avatars.slack-edge.com\/2020-03-27\/1017678411922_dab7da854ffb816e196d_72.jpg",
            "first_name": "Chris",
            "real_name": "Chris Murphy",
            "display_name": "Chris Murphy",
            "team": "T0105GKDN1H",
            "name": "christoph2005",
            "is_restricted": false,
            "is_ultra_restricted": false
        },
        "blocks": [
            {
                "type": "rich_text",
                "block_id": "R2t",
                "elements": [
                    {
                        "type": "rich_text_section",
                        "elements": [
                            {
                                "type": "text",
                                "text": "odd-or-even.js\n"
                            }
                        ]
                    },
                    {
                        "type": "rich_text_preformatted",
                        "elements": [
                            {
                                "type": "text",
                                "text": "\/\/ Write code to return the string \"odd\" if `num` is an odd number\n\/\/ and return the string \"even\" if `num` is an even number\n\nvar oddOrEven = function(num) {};"
                            }
                        ]
                    }
                ]
            }
        ]
    },
    {
        "client_msg_id": "e905d19e-14fd-4640-96ae-ef19f64bc3cf",
        "type": "message",
        "text": "test.html\n```&lt;!-- OPEN THIS FILE IN YOUR WEB BROWSER TO SEE THE TEST RESULTS\nDO NOT MODIFY THIS FILE --&gt;\n<!DOCTYPE html>\n&lt;html lang=\"en\"&gt;\n  &lt;head&gt;\n    &lt;meta charset=\"UTF-8\" \/&gt;\n    &lt;meta name=\"viewport\" content=\"width=device-width, initial-scale=1.0\" \/&gt;\n    &lt;meta http-equiv=\"X-UA-Compatible\" content=\"ie=edge\" \/&gt;\n    &lt;title&gt;Odd or Even Tests&lt;\/title&gt;\n    &lt;link\n      rel=\"stylesheet\"\n      href=\"<https:\/\/cdnjs.cloudflare.com\/ajax\/libs\/mocha\/5.2.0\/mocha.min.css>\"\n    \/&gt;\n    &lt;script src=\"<https:\/\/cdnjs.cloudflare.com\/ajax\/libs\/mocha\/5.2.0\/mocha.min.js>\"&gt;&lt;\/script&gt;\n    &lt;script src=\"<https:\/\/cdnjs.cloudflare.com\/ajax\/libs\/chai\/4.2.0\/chai.min.js>\"&gt;&lt;\/script&gt;\n  &lt;\/head&gt;\n  &lt;!-- OPEN THIS FILE IN YOUR WEB BROWSER TO SEE THE TEST RESULTS\nDO NOT MODIFY THIS FILE --&gt;\n  &lt;body&gt;\n    &lt;div id=\"mocha\"&gt;&lt;\/div&gt;\n    &lt;script&gt;\n      mocha.setup(\"bdd\");\n    &lt;\/script&gt;\n    &lt;script src=\"odd-or-even.js\"&gt;&lt;\/script&gt;\n    &lt;script src=\"test\/odd-or-even.test.js\"&gt;&lt;\/script&gt;\n    &lt;script&gt;\n      mocha.run();\n    &lt;\/script&gt;\n  &lt;\/body&gt;\n&lt;\/html&gt;```",
        "user": "U010Y90H4T0",
        "ts": "1587085766.021700",
        "team": "T0105GKDN1H",
        "user_team": "T0105GKDN1H",
        "source_team": "T0105GKDN1H",
        "user_profile": {
            "avatar_hash": "dab7da854ffb",
            "image_72": "https:\/\/avatars.slack-edge.com\/2020-03-27\/1017678411922_dab7da854ffb816e196d_72.jpg",
            "first_name": "Chris",
            "real_name": "Chris Murphy",
            "display_name": "Chris Murphy",
            "team": "T0105GKDN1H",
            "name": "christoph2005",
            "is_restricted": false,
            "is_ultra_restricted": false
        },
        "blocks": [
            {
                "type": "rich_text",
                "block_id": "2nfh",
                "elements": [
                    {
                        "type": "rich_text_section",
                        "elements": [
                            {
                                "type": "text",
                                "text": "test.html\n"
                            }
                        ]
                    },
                    {
                        "type": "rich_text_preformatted",
                        "elements": [
                            {
                                "type": "text",
                                "text": "<!-- OPEN THIS FILE IN YOUR WEB BROWSER TO SEE THE TEST RESULTS\nDO NOT MODIFY THIS FILE -->\n<!DOCTYPE html>\n<html lang=\"en\">\n  <head>\n    <meta charset=\"UTF-8\" \/>\n    <meta name=\"viewport\" content=\"width=device-width, initial-scale=1.0\" \/>\n    <meta http-equiv=\"X-UA-Compatible\" content=\"ie=edge\" \/>\n    <title>Odd or Even Tests<\/title>\n    <link\n      rel=\"stylesheet\"\n      href=\""
                            },
                            {
                                "type": "link",
                                "url": "https:\/\/cdnjs.cloudflare.com\/ajax\/libs\/mocha\/5.2.0\/mocha.min.css"
                            },
                            {
                                "type": "text",
                                "text": "\"\n    \/>\n    <script src=\""
                            },
                            {
                                "type": "link",
                                "url": "https:\/\/cdnjs.cloudflare.com\/ajax\/libs\/mocha\/5.2.0\/mocha.min.js"
                            },
                            {
                                "type": "text",
                                "text": "\"><\/script>\n    <script src=\""
                            },
                            {
                                "type": "link",
                                "url": "https:\/\/cdnjs.cloudflare.com\/ajax\/libs\/chai\/4.2.0\/chai.min.js"
                            },
                            {
                                "type": "text",
                                "text": "\"><\/script>\n  <\/head>\n  <!-- OPEN THIS FILE IN YOUR WEB BROWSER TO SEE THE TEST RESULTS\nDO NOT MODIFY THIS FILE -->\n  <body>\n    <div id=\"mocha\"><\/div>\n    <script>\n      mocha.setup(\"bdd\");\n    <\/script>\n    <script src=\"odd-or-even.js\"><\/script>\n    <script src=\"test\/odd-or-even.test.js\"><\/script>\n    <script>\n      mocha.run();\n    <\/script>\n  <\/body>\n<\/html>"
                            }
                        ]
                    }
                ]
            }
        ]
    },
    {
        "client_msg_id": "97a2d0a4-4512-4229-b84d-064738eccaaf",
        "type": "message",
        "text": "odd-or-even.test.js\n```var expect = chai.expect;\n\ndescribe(\"oddOrEven\", function() {\n  it('should return the string \"odd\" if a number IS NOT evenly divisible by 2', function() {\n    var num = 777;\n\n    var result = oddOrEven(num);\n\n    expect(result).to.eql(\"odd\");\n  });\n\n  it('should return the string \"even\" if a number IS evenly divisible by 2', function() {\n    var num = 1002;\n\n    var result = oddOrEven(num);\n\n    expect(result).to.eql(\"even\");\n  });\n});```",
        "user": "U010Y90H4T0",
        "ts": "1587085806.022000",
        "team": "T0105GKDN1H",
        "user_team": "T0105GKDN1H",
        "source_team": "T0105GKDN1H",
        "user_profile": {
            "avatar_hash": "dab7da854ffb",
            "image_72": "https:\/\/avatars.slack-edge.com\/2020-03-27\/1017678411922_dab7da854ffb816e196d_72.jpg",
            "first_name": "Chris",
            "real_name": "Chris Murphy",
            "display_name": "Chris Murphy",
            "team": "T0105GKDN1H",
            "name": "christoph2005",
            "is_restricted": false,
            "is_ultra_restricted": false
        },
        "blocks": [
            {
                "type": "rich_text",
                "block_id": "R=4",
                "elements": [
                    {
                        "type": "rich_text_section",
                        "elements": [
                            {
                                "type": "text",
                                "text": "odd-or-even.test.js\n"
                            }
                        ]
                    },
                    {
                        "type": "rich_text_preformatted",
                        "elements": [
                            {
                                "type": "text",
                                "text": "var expect = chai.expect;\n\ndescribe(\"oddOrEven\", function() {\n  it('should return the string \"odd\" if a number IS NOT evenly divisible by 2', function() {\n    var num = 777;\n\n    var result = oddOrEven(num);\n\n    expect(result).to.eql(\"odd\");\n  });\n\n  it('should return the string \"even\" if a number IS evenly divisible by 2', function() {\n    var num = 1002;\n\n    var result = oddOrEven(num);\n\n    expect(result).to.eql(\"even\");\n  });\n});"
                            }
                        ]
                    }
                ]
            }
        ]
    },
    {
        "client_msg_id": "d472901b-9ec9-4b3b-ae77-9ea8aa12826c",
        "type": "message",
        "text": "still in waiting room :slightly_smiling_face:",
        "user": "U010M34SKMK",
        "ts": "1587086912.022500",
        "team": "T0105GKDN1H",
        "user_team": "T0105GKDN1H",
        "source_team": "T0105GKDN1H",
        "user_profile": {
            "avatar_hash": "0122aab1c9b1",
            "image_72": "https:\/\/avatars.slack-edge.com\/2020-03-23\/1009660365315_0122aab1c9b12475e96c_72.jpg",
            "first_name": "",
            "real_name": "Caroline Lester",
            "display_name": "Caroline Lester",
            "team": "T0105GKDN1H",
            "name": "carolineclester",
            "is_restricted": false,
            "is_ultra_restricted": false
        },
        "blocks": [
            {
                "type": "rich_text",
                "block_id": "sOx",
                "elements": [
                    {
                        "type": "rich_text_section",
                        "elements": [
                            {
                                "type": "text",
                                "text": "still in waiting room "
                            },
                            {
                                "type": "emoji",
                                "name": "slightly_smiling_face"
                            }
                        ]
                    }
                ]
            }
        ]
    },
    {
        "type": "message",
        "text": "",
        "files": [
            {
                "id": "F0126GNV7QC",
                "created": 1587083332,
                "timestamp": 1587083332,
                "name": "14-JSDissect.zip",
                "title": "14-JSDissect.zip",
                "mimetype": "application\/zip",
                "filetype": "zip",
                "pretty_type": "Zip",
                "user": "U010Y90H4T0",
                "editable": false,
                "size": 1443,
                "mode": "hosted",
                "is_external": false,
                "external_type": "",
                "is_public": true,
                "public_url_shared": false,
                "display_as_bot": false,
                "username": "",
                "url_private": "https:\/\/files.slack.com\/files-pri\/T0105GKDN1H-F0126GNV7QC\/14-jsdissect.zip?t=xoxe-1005563464051-1077300145892-1094973465936-b91b441389dd5f41adba77ce94586498",
                "url_private_download": "https:\/\/files.slack.com\/files-pri\/T0105GKDN1H-F0126GNV7QC\/download\/14-jsdissect.zip?t=xoxe-1005563464051-1077300145892-1094973465936-b91b441389dd5f41adba77ce94586498",
                "permalink": "https:\/\/uclavirtfsfpt-96r8630.slack.com\/files\/U010Y90H4T0\/F0126GNV7QC\/14-jsdissect.zip",
                "permalink_public": "https:\/\/slack-files.com\/T0105GKDN1H-F0126GNV7QC-5592f56624",
                "is_starred": false,
                "has_rich_preview": false
            }
        ],
        "upload": false,
        "user": "U010LEW7V2R",
        "display_as_bot": false,
        "ts": "1587087542.022600"
    },
    {
        "type": "message",
        "text": "",
        "files": [
            {
                "id": "F0120BQPUQ2",
                "created": 1587083338,
                "timestamp": 1587083338,
                "name": "15-CoolPeopleArray.zip",
                "title": "15-CoolPeopleArray.zip",
                "mimetype": "application\/zip",
                "filetype": "zip",
                "pretty_type": "Zip",
                "user": "U010Y90H4T0",
                "editable": false,
                "size": 1210,
                "mode": "hosted",
                "is_external": false,
                "external_type": "",
                "is_public": true,
                "public_url_shared": false,
                "display_as_bot": false,
                "username": "",
                "url_private": "https:\/\/files.slack.com\/files-pri\/T0105GKDN1H-F0120BQPUQ2\/15-coolpeoplearray.zip?t=xoxe-1005563464051-1077300145892-1094973465936-b91b441389dd5f41adba77ce94586498",
                "url_private_download": "https:\/\/files.slack.com\/files-pri\/T0105GKDN1H-F0120BQPUQ2\/download\/15-coolpeoplearray.zip?t=xoxe-1005563464051-1077300145892-1094973465936-b91b441389dd5f41adba77ce94586498",
                "permalink": "https:\/\/uclavirtfsfpt-96r8630.slack.com\/files\/U010Y90H4T0\/F0120BQPUQ2\/15-coolpeoplearray.zip",
                "permalink_public": "https:\/\/slack-files.com\/T0105GKDN1H-F0120BQPUQ2-16219e9ee8",
                "is_starred": false,
                "has_rich_preview": false
            }
        ],
        "upload": false,
        "user": "U010LEW7V2R",
        "display_as_bot": false,
        "ts": "1587088381.023000"
    },
    {
        "type": "message",
        "text": "",
        "files": [
            {
                "id": "F012Q72H4HW",
                "created": 1587083343,
                "timestamp": 1587083343,
                "name": "16-ArraySetting.zip",
                "title": "16-ArraySetting.zip",
                "mimetype": "application\/zip",
                "filetype": "zip",
                "pretty_type": "Zip",
                "user": "U010Y90H4T0",
                "editable": false,
                "size": 1323,
                "mode": "hosted",
                "is_external": false,
                "external_type": "",
                "is_public": true,
                "public_url_shared": false,
                "display_as_bot": false,
                "username": "",
                "url_private": "https:\/\/files.slack.com\/files-pri\/T0105GKDN1H-F012Q72H4HW\/16-arraysetting.zip?t=xoxe-1005563464051-1077300145892-1094973465936-b91b441389dd5f41adba77ce94586498",
                "url_private_download": "https:\/\/files.slack.com\/files-pri\/T0105GKDN1H-F012Q72H4HW\/download\/16-arraysetting.zip?t=xoxe-1005563464051-1077300145892-1094973465936-b91b441389dd5f41adba77ce94586498",
                "permalink": "https:\/\/uclavirtfsfpt-96r8630.slack.com\/files\/U010Y90H4T0\/F012Q72H4HW\/16-arraysetting.zip",
                "permalink_public": "https:\/\/slack-files.com\/T0105GKDN1H-F012Q72H4HW-746db4b7fb",
                "is_starred": false,
                "has_rich_preview": false
            }
        ],
        "upload": false,
        "user": "U010LEW7V2R",
        "display_as_bot": false,
        "ts": "1587088783.023300"
    },
    {
        "type": "message",
        "text": "",
        "files": [
            {
                "id": "F012Q72NKLY",
                "created": 1587083347,
                "timestamp": 1587083347,
                "name": "17-MyFirstLoop.zip",
                "title": "17-MyFirstLoop.zip",
                "mimetype": "application\/zip",
                "filetype": "zip",
                "pretty_type": "Zip",
                "user": "U010Y90H4T0",
                "editable": false,
                "size": 1035,
                "mode": "hosted",
                "is_external": false,
                "external_type": "",
                "is_public": true,
                "public_url_shared": false,
                "display_as_bot": false,
                "username": "",
                "url_private": "https:\/\/files.slack.com\/files-pri\/T0105GKDN1H-F012Q72NKLY\/17-myfirstloop.zip?t=xoxe-1005563464051-1077300145892-1094973465936-b91b441389dd5f41adba77ce94586498",
                "url_private_download": "https:\/\/files.slack.com\/files-pri\/T0105GKDN1H-F012Q72NKLY\/download\/17-myfirstloop.zip?t=xoxe-1005563464051-1077300145892-1094973465936-b91b441389dd5f41adba77ce94586498",
                "permalink": "https:\/\/uclavirtfsfpt-96r8630.slack.com\/files\/U010Y90H4T0\/F012Q72NKLY\/17-myfirstloop.zip",
                "permalink_public": "https:\/\/slack-files.com\/T0105GKDN1H-F012Q72NKLY-be07ce1e18",
                "is_starred": false,
                "has_rich_preview": false
            }
        ],
        "upload": false,
        "user": "U010LEW7V2R",
        "display_as_bot": false,
        "ts": "1587089361.023600"
    },
    {
        "type": "message",
        "text": "",
        "files": [
            {
                "id": "F011Z0K51LM",
                "created": 1587083353,
                "timestamp": 1587083353,
                "name": "18-ZooLoop.zip",
                "title": "18-ZooLoop.zip",
                "mimetype": "application\/zip",
                "filetype": "zip",
                "pretty_type": "Zip",
                "user": "U010Y90H4T0",
                "editable": false,
                "size": 1140,
                "mode": "hosted",
                "is_external": false,
                "external_type": "",
                "is_public": true,
                "public_url_shared": false,
                "display_as_bot": false,
                "username": "",
                "url_private": "https:\/\/files.slack.com\/files-pri\/T0105GKDN1H-F011Z0K51LM\/18-zooloop.zip?t=xoxe-1005563464051-1077300145892-1094973465936-b91b441389dd5f41adba77ce94586498",
                "url_private_download": "https:\/\/files.slack.com\/files-pri\/T0105GKDN1H-F011Z0K51LM\/download\/18-zooloop.zip?t=xoxe-1005563464051-1077300145892-1094973465936-b91b441389dd5f41adba77ce94586498",
                "permalink": "https:\/\/uclavirtfsfpt-96r8630.slack.com\/files\/U010Y90H4T0\/F011Z0K51LM\/18-zooloop.zip",
                "permalink_public": "https:\/\/slack-files.com\/T0105GKDN1H-F011Z0K51LM-79f2e446c6",
                "is_starred": false,
                "has_rich_preview": false
            }
        ],
        "upload": false,
        "user": "U010LEW7V2R",
        "display_as_bot": false,
        "ts": "1587090192.023900"
    },
    {
        "client_msg_id": "97cc0427-5e38-4595-b93f-f47391ba66ac",
        "type": "message",
        "text": "Video Review of ZooLoop:\n<https:\/\/www.youtube.com\/watch?v=zJO9g7S2_Xo>",
        "user": "U010LEW7V2R",
        "ts": "1587091160.024400",
        "team": "T0105GKDN1H",
        "user_team": "T0105GKDN1H",
        "source_team": "T0105GKDN1H",
        "user_profile": {
            "avatar_hash": "d3ca0dce327c",
            "image_72": "https:\/\/avatars.slack-edge.com\/2020-03-23\/1020683219136_d3ca0dce327cf88e2c77_72.jpg",
            "first_name": "Stacy",
            "real_name": "Stacy Keown",
            "display_name": "Stacy Keown",
            "team": "T0105GKDN1H",
            "name": "code",
            "is_restricted": false,
            "is_ultra_restricted": false
        },
        "blocks": [
            {
                "type": "rich_text",
                "block_id": "ec=\/E",
                "elements": [
                    {
                        "type": "rich_text_section",
                        "elements": [
                            {
                                "type": "text",
                                "text": "Video Review of ZooLoop:\n"
                            },
                            {
                                "type": "link",
                                "url": "https:\/\/www.youtube.com\/watch?v=zJO9g7S2_Xo"
                            }
                        ]
                    }
                ]
            }
        ],
        "reactions": [
            {
                "name": "+1",
                "users": [
                    "U010H28N18S",
                    "U010KG4F57W"
                ],
                "count": 2
            }
        ]
    },
    {
        "client_msg_id": "ee980540-ddd8-4ab5-9f11-c2a1d86ba23e",
        "type": "message",
        "text": "can you explain why he used another var for the function?",
        "user": "U010NLX5YVD",
        "ts": "1587092801.025000",
        "team": "T0105GKDN1H",
        "user_team": "T0105GKDN1H",
        "source_team": "T0105GKDN1H",
        "user_profile": {
            "avatar_hash": "g1146ac96ea0",
            "image_72": "https:\/\/secure.gravatar.com\/avatar\/1146ac96ea01d01b2cda88e5d9c36cc3.jpg?s=72&d=https%3A%2F%2Fa.slack-edge.com%2Fdf10d%2Fimg%2Favatars%2Fava_0013-72.png",
            "first_name": "",
            "real_name": "Michael Hoffman",
            "display_name": "",
            "team": "T0105GKDN1H",
            "name": "maaronhoffman",
            "is_restricted": false,
            "is_ultra_restricted": false
        },
        "blocks": [
            {
                "type": "rich_text",
                "block_id": "usrsv",
                "elements": [
                    {
                        "type": "rich_text_section",
                        "elements": [
                            {
                                "type": "text",
                                "text": "can you explain why he used another var for the function?"
                            }
                        ]
                    }
                ]
            }
        ],
        "thread_ts": "1587092801.025000",
        "reply_count": 1,
        "reply_users_count": 1,
        "latest_reply": "1587151868.026400",
        "reply_users": [
            "U010Y90H4T0"
        ],
        "replies": [
            {
                "user": "U010Y90H4T0",
                "ts": "1587151868.026400"
            }
        ],
        "subscribed": false
    },
    {
        "type": "message",
        "text": "",
        "files": [
            {
                "id": "F0120HXALQ3",
                "created": 1587083363,
                "timestamp": 1587083363,
                "name": "20-HardLoop.zip",
                "title": "20-HardLoop.zip",
                "mimetype": "application\/zip",
                "filetype": "zip",
                "pretty_type": "Zip",
                "user": "U010Y90H4T0",
                "editable": false,
                "size": 627,
                "mode": "hosted",
                "is_external": false,
                "external_type": "",
                "is_public": true,
                "public_url_shared": false,
                "display_as_bot": false,
                "username": "",
                "url_private": "https:\/\/files.slack.com\/files-pri\/T0105GKDN1H-F0120HXALQ3\/20-hardloop.zip?t=xoxe-1005563464051-1077300145892-1094973465936-b91b441389dd5f41adba77ce94586498",
                "url_private_download": "https:\/\/files.slack.com\/files-pri\/T0105GKDN1H-F0120HXALQ3\/download\/20-hardloop.zip?t=xoxe-1005563464051-1077300145892-1094973465936-b91b441389dd5f41adba77ce94586498",
                "permalink": "https:\/\/uclavirtfsfpt-96r8630.slack.com\/files\/U010Y90H4T0\/F0120HXALQ3\/20-hardloop.zip",
                "permalink_public": "https:\/\/slack-files.com\/T0105GKDN1H-F0120HXALQ3-70a12e969a",
                "is_starred": false,
                "has_rich_preview": false
            }
        ],
        "upload": false,
        "user": "U010LEW7V2R",
        "display_as_bot": false,
        "ts": "1587092971.025400"
    },
    {
        "client_msg_id": "47a9c055-f02e-4d60-aab0-4b748393e555",
        "type": "message",
        "text": "In the waiting room. I had internet issues.",
        "user": "U010Z0MUSN4",
        "ts": "1587094148.026000",
        "team": "T0105GKDN1H",
        "user_team": "T0105GKDN1H",
        "source_team": "T0105GKDN1H",
        "user_profile": {
            "avatar_hash": "g07c56cb5199",
            "image_72": "https:\/\/secure.gravatar.com\/avatar\/07c56cb5199d21b2c0b096b66e7d0fed.jpg?s=72&d=https%3A%2F%2Fa.slack-edge.com%2Fdf10d%2Fimg%2Favatars%2Fava_0002-72.png",
            "first_name": "",
            "real_name": "Bongani Moyo",
            "display_name": "Bongani Moyo",
            "team": "T0105GKDN1H",
            "name": "bngnmoyo",
            "is_restricted": false,
            "is_ultra_restricted": false
        },
        "blocks": [
            {
                "type": "rich_text",
                "block_id": "ci=r",
                "elements": [
                    {
                        "type": "rich_text_section",
                        "elements": [
                            {
                                "type": "text",
                                "text": "In the waiting room. I had internet issues."
                            }
                        ]
                    }
                ]
            }
        ]
    },
    {
        "type": "message",
        "text": "",
        "files": [
            {
                "id": "F0126GPP6UU",
                "created": 1587083369,
                "timestamp": 1587083369,
                "name": "22-PseudoCode.zip",
                "title": "22-PseudoCode.zip",
                "mimetype": "application\/zip",
                "filetype": "zip",
                "pretty_type": "Zip",
                "user": "U010Y90H4T0",
                "editable": false,
                "size": 552,
                "mode": "hosted",
                "is_external": false,
                "external_type": "",
                "is_public": true,
                "public_url_shared": false,
                "display_as_bot": false,
                "username": "",
                "url_private": "https:\/\/files.slack.com\/files-pri\/T0105GKDN1H-F0126GPP6UU\/22-pseudocode.zip?t=xoxe-1005563464051-1077300145892-1094973465936-b91b441389dd5f41adba77ce94586498",
                "url_private_download": "https:\/\/files.slack.com\/files-pri\/T0105GKDN1H-F0126GPP6UU\/download\/22-pseudocode.zip?t=xoxe-1005563464051-1077300145892-1094973465936-b91b441389dd5f41adba77ce94586498",
                "permalink": "https:\/\/uclavirtfsfpt-96r8630.slack.com\/files\/U010Y90H4T0\/F0126GPP6UU\/22-pseudocode.zip",
                "permalink_public": "https:\/\/slack-files.com\/T0105GKDN1H-F0126GPP6UU-eb1edffb07",
                "is_starred": false,
                "has_rich_preview": false
            }
        ],
        "upload": false,
        "user": "U010LEW7V2R",
        "display_as_bot": false,
        "ts": "1587094480.026100"
    }
]