[
    {
        "client_msg_id": "8b6e4fb5-16a0-4029-914a-589a0457cc7b",
        "type": "message",
        "text": "Have you graded HW?",
        "user": "U010H28N18S",
        "ts": "1586992217.018100",
        "team": "T0105GKDN1H",
        "user_team": "T0105GKDN1H",
        "source_team": "T0105GKDN1H",
        "user_profile": {
            "avatar_hash": "84fd88e6f1cb",
            "image_72": "https:\/\/avatars.slack-edge.com\/2020-03-26\/1029561083269_84fd88e6f1cb30ca3348_72.jpg",
            "first_name": "Christine",
            "real_name": "Christine Munoz",
            "display_name": "Christine",
            "team": "T0105GKDN1H",
            "name": "christinezzy5",
            "is_restricted": false,
            "is_ultra_restricted": false
        },
        "blocks": [
            {
                "type": "rich_text",
                "block_id": "hO2Df",
                "elements": [
                    {
                        "type": "rich_text_section",
                        "elements": [
                            {
                                "type": "text",
                                "text": "Have you graded HW?"
                            }
                        ]
                    }
                ]
            }
        ],
        "thread_ts": "1586992217.018100",
        "reply_count": 2,
        "reply_users_count": 2,
        "latest_reply": "1587058860.018700",
        "reply_users": [
            "U010LEW4XPX",
            "U010H28N18S"
        ],
        "replies": [
            {
                "user": "U010LEW4XPX",
                "ts": "1587049904.018500"
            },
            {
                "user": "U010H28N18S",
                "ts": "1587058860.018700"
            }
        ],
        "subscribed": false
    },
    {
        "client_msg_id": "d66b2e82-2b82-4fdd-9709-b1b3d50a9b47",
        "type": "message",
        "text": "<https:\/\/codingbootcamp.hosted.panopto.com\/Panopto\/Pages\/Viewer.aspx?id=f3c1f30d-08c9-4244-9427-ab9e008bec56|Class Video Recording for 4\/14\/2020>",
        "user": "U010Y90H4T0",
        "ts": "1587016412.018300",
        "team": "T0105GKDN1H",
        "user_team": "T0105GKDN1H",
        "source_team": "T0105GKDN1H",
        "user_profile": {
            "avatar_hash": "dab7da854ffb",
            "image_72": "https:\/\/avatars.slack-edge.com\/2020-03-27\/1017678411922_dab7da854ffb816e196d_72.jpg",
            "first_name": "Chris",
            "real_name": "Chris Murphy",
            "display_name": "Chris Murphy",
            "team": "T0105GKDN1H",
            "name": "christoph2005",
            "is_restricted": false,
            "is_ultra_restricted": false
        },
        "attachments": [
            {
                "service_name": "Panopto",
                "title": "Main Classroom",
                "title_link": "https:\/\/codingbootcamp.hosted.panopto.com\/Panopto\/Pages\/Viewer.aspx?id=f3c1f30d-08c9-4244-9427-ab9e008bec56",
                "text": "Main Classroom",
                "fallback": "Panopto: Main Classroom",
                "thumb_url": "https:\/\/codingbootcamp.hosted.panopto.com\/Panopto\/Services\/FrameGrabber.svc\/FrameRedirect?objectId=f3c1f30d-08c9-4244-9427-ab9e008bec56&mode=Delivery&random=0.30359304850157&usePng=False",
                "video_html_width": 800,
                "video_html_height": 600,
                "video_url": "https:\/\/codingbootcamp.hosted.panopto.com\/Panopto\/Podcast\/Social\/f3c1f30d-08c9-4244-9427-ab9e008bec56.mp4?mediaTargetType=videoPodcast",
                "from_url": "https:\/\/codingbootcamp.hosted.panopto.com\/Panopto\/Pages\/Viewer.aspx?id=f3c1f30d-08c9-4244-9427-ab9e008bec56",
                "thumb_width": 740,
                "thumb_height": 416,
                "id": 1,
                "original_url": "https:\/\/codingbootcamp.hosted.panopto.com\/Panopto\/Pages\/Viewer.aspx?id=f3c1f30d-08c9-4244-9427-ab9e008bec56"
            }
        ],
        "blocks": [
            {
                "type": "rich_text",
                "block_id": "a1Le",
                "elements": [
                    {
                        "type": "rich_text_section",
                        "elements": [
                            {
                                "type": "link",
                                "url": "https:\/\/codingbootcamp.hosted.panopto.com\/Panopto\/Pages\/Viewer.aspx?id=f3c1f30d-08c9-4244-9427-ab9e008bec56",
                                "text": "Class Video Recording for 4\/14\/2020"
                            }
                        ]
                    }
                ]
            }
        ]
    }
]