[
    {
        "type": "message",
        "subtype": "channel_join",
        "ts": "1586879816.000200",
        "user": "U010Y90H4T0",
        "text": "<@U010Y90H4T0> has joined the channel"
    },
    {
        "type": "message",
        "subtype": "channel_purpose",
        "ts": "1586879817.000300",
        "user": "U010Y90H4T0",
        "text": "<@U010Y90H4T0> set the channel purpose: Slack channel for class week 3",
        "purpose": "Slack channel for class week 3"
    },
    {
        "type": "message",
        "subtype": "channel_join",
        "ts": "1586879819.000600",
        "user": "U0107MTT526",
        "text": "<@U0107MTT526> has joined the channel",
        "inviter": "U010Y90H4T0"
    },
    {
        "type": "message",
        "subtype": "channel_join",
        "ts": "1586879819.000800",
        "user": "U010853J6DQ",
        "text": "<@U010853J6DQ> has joined the channel",
        "inviter": "U010Y90H4T0"
    },
    {
        "type": "message",
        "subtype": "channel_join",
        "ts": "1586879819.001000",
        "user": "U01086WUV5Y",
        "text": "<@U01086WUV5Y> has joined the channel",
        "inviter": "U010Y90H4T0"
    },
    {
        "type": "message",
        "subtype": "channel_join",
        "ts": "1586879820.001200",
        "user": "U010884RC58",
        "text": "<@U010884RC58> has joined the channel",
        "inviter": "U010Y90H4T0"
    },
    {
        "type": "message",
        "subtype": "channel_join",
        "ts": "1586879820.001400",
        "user": "U0109GZP6HH",
        "text": "<@U0109GZP6HH> has joined the channel",
        "inviter": "U010Y90H4T0"
    },
    {
        "type": "message",
        "subtype": "channel_join",
        "ts": "1586879820.001600",
        "user": "U0109HQ4UQ3",
        "text": "<@U0109HQ4UQ3> has joined the channel",
        "inviter": "U010Y90H4T0"
    },
    {
        "type": "message",
        "subtype": "channel_join",
        "ts": "1586879820.001800",
        "user": "U010ACLHD0R",
        "text": "<@U010ACLHD0R> has joined the channel",
        "inviter": "U010Y90H4T0"
    },
    {
        "type": "message",
        "subtype": "channel_join",
        "ts": "1586879820.002000",
        "user": "U010AFPTJP3",
        "text": "<@U010AFPTJP3> has joined the channel",
        "inviter": "U010Y90H4T0"
    },
    {
        "type": "message",
        "subtype": "channel_join",
        "ts": "1586879820.002200",
        "user": "U010AJPBC3B",
        "text": "<@U010AJPBC3B> has joined the channel",
        "inviter": "U010Y90H4T0"
    },
    {
        "type": "message",
        "subtype": "channel_join",
        "ts": "1586879820.002400",
        "user": "U010AP9JH4Z",
        "text": "<@U010AP9JH4Z> has joined the channel",
        "inviter": "U010Y90H4T0"
    },
    {
        "type": "message",
        "subtype": "channel_join",
        "ts": "1586879820.002600",
        "user": "U010APCDU9F",
        "text": "<@U010APCDU9F> has joined the channel",
        "inviter": "U010Y90H4T0"
    },
    {
        "type": "message",
        "subtype": "channel_join",
        "ts": "1586879821.002800",
        "user": "U010B06SPMX",
        "text": "<@U010B06SPMX> has joined the channel",
        "inviter": "U010Y90H4T0"
    },
    {
        "type": "message",
        "subtype": "channel_join",
        "ts": "1586879821.003000",
        "user": "U010B4FCHCZ",
        "text": "<@U010B4FCHCZ> has joined the channel",
        "inviter": "U010Y90H4T0"
    },
    {
        "type": "message",
        "subtype": "channel_join",
        "ts": "1586879821.003200",
        "user": "U010B5G5KHP",
        "text": "<@U010B5G5KHP> has joined the channel",
        "inviter": "U010Y90H4T0"
    },
    {
        "type": "message",
        "subtype": "channel_join",
        "ts": "1586879821.003400",
        "user": "U010H0ZEZJL",
        "text": "<@U010H0ZEZJL> has joined the channel",
        "inviter": "U010Y90H4T0"
    },
    {
        "type": "message",
        "subtype": "channel_join",
        "ts": "1586879821.003600",
        "user": "U010H28N18S",
        "text": "<@U010H28N18S> has joined the channel",
        "inviter": "U010Y90H4T0"
    },
    {
        "type": "message",
        "subtype": "channel_join",
        "ts": "1586879821.003800",
        "user": "U010H71MH8A",
        "text": "<@U010H71MH8A> has joined the channel",
        "inviter": "U010Y90H4T0"
    },
    {
        "type": "message",
        "subtype": "channel_join",
        "ts": "1586879821.004000",
        "user": "U010HBPMX5G",
        "text": "<@U010HBPMX5G> has joined the channel",
        "inviter": "U010Y90H4T0"
    },
    {
        "type": "message",
        "subtype": "channel_join",
        "ts": "1586879822.004200",
        "user": "U010K745JMU",
        "text": "<@U010K745JMU> has joined the channel",
        "inviter": "U010Y90H4T0"
    },
    {
        "type": "message",
        "subtype": "channel_join",
        "ts": "1586879822.004400",
        "user": "U010KG4F57W",
        "text": "<@U010KG4F57W> has joined the channel",
        "inviter": "U010Y90H4T0"
    },
    {
        "type": "message",
        "subtype": "channel_join",
        "ts": "1586879822.004600",
        "user": "U010L2Z8M7F",
        "text": "<@U010L2Z8M7F> has joined the channel",
        "inviter": "U010Y90H4T0"
    },
    {
        "type": "message",
        "subtype": "channel_join",
        "ts": "1586879822.004800",
        "user": "U010L7X7YJG",
        "text": "<@U010L7X7YJG> has joined the channel",
        "inviter": "U010Y90H4T0"
    },
    {
        "type": "message",
        "subtype": "channel_join",
        "ts": "1586879822.005000",
        "user": "U010LEW4XPX",
        "text": "<@U010LEW4XPX> has joined the channel",
        "inviter": "U010Y90H4T0"
    },
    {
        "type": "message",
        "subtype": "channel_join",
        "ts": "1586879822.005200",
        "user": "U010LEW7V2R",
        "text": "<@U010LEW7V2R> has joined the channel",
        "inviter": "U010Y90H4T0"
    },
    {
        "type": "message",
        "subtype": "channel_join",
        "ts": "1586879822.005400",
        "user": "U010LHWSG4U",
        "text": "<@U010LHWSG4U> has joined the channel",
        "inviter": "U010Y90H4T0"
    },
    {
        "type": "message",
        "subtype": "channel_join",
        "ts": "1586879822.005600",
        "user": "U010LJ07DTN",
        "text": "<@U010LJ07DTN> has joined the channel",
        "inviter": "U010Y90H4T0"
    },
    {
        "type": "message",
        "subtype": "channel_join",
        "ts": "1586879823.005800",
        "user": "U010LJKUX44",
        "text": "<@U010LJKUX44> has joined the channel",
        "inviter": "U010Y90H4T0"
    },
    {
        "type": "message",
        "subtype": "channel_join",
        "ts": "1586879823.006000",
        "user": "U010LRKMSKX",
        "text": "<@U010LRKMSKX> has joined the channel",
        "inviter": "U010Y90H4T0"
    },
    {
        "type": "message",
        "subtype": "channel_join",
        "ts": "1586879823.006200",
        "user": "U010LUDNEJU",
        "text": "<@U010LUDNEJU> has joined the channel",
        "inviter": "U010Y90H4T0"
    },
    {
        "type": "message",
        "subtype": "channel_join",
        "ts": "1586879823.006400",
        "user": "U010M13U1FS",
        "text": "<@U010M13U1FS> has joined the channel",
        "inviter": "U010Y90H4T0"
    },
    {
        "type": "message",
        "subtype": "channel_join",
        "ts": "1586879823.006600",
        "user": "U010M2FV6HK",
        "text": "<@U010M2FV6HK> has joined the channel",
        "inviter": "U010Y90H4T0"
    },
    {
        "type": "message",
        "subtype": "channel_join",
        "ts": "1586879823.006800",
        "user": "U010M34SKMK",
        "text": "<@U010M34SKMK> has joined the channel",
        "inviter": "U010Y90H4T0"
    },
    {
        "type": "message",
        "subtype": "channel_join",
        "ts": "1586879823.007000",
        "user": "U010NLDPJ2J",
        "text": "<@U010NLDPJ2J> has joined the channel",
        "inviter": "U010Y90H4T0"
    },
    {
        "type": "message",
        "subtype": "channel_join",
        "ts": "1586879823.007200",
        "user": "U010NLX5YVD",
        "text": "<@U010NLX5YVD> has joined the channel",
        "inviter": "U010Y90H4T0"
    },
    {
        "type": "message",
        "subtype": "channel_join",
        "ts": "1586879824.007400",
        "user": "U010NQC5BN3",
        "text": "<@U010NQC5BN3> has joined the channel",
        "inviter": "U010Y90H4T0"
    },
    {
        "type": "message",
        "subtype": "channel_join",
        "ts": "1586879824.007600",
        "user": "U010NQCT52B",
        "text": "<@U010NQCT52B> has joined the channel",
        "inviter": "U010Y90H4T0"
    },
    {
        "type": "message",
        "subtype": "channel_join",
        "ts": "1586879824.007800",
        "user": "U010P7ZMAP3",
        "text": "<@U010P7ZMAP3> has joined the channel",
        "inviter": "U010Y90H4T0"
    },
    {
        "type": "message",
        "subtype": "channel_join",
        "ts": "1586879824.008000",
        "user": "U010PSR7BT6",
        "text": "<@U010PSR7BT6> has joined the channel",
        "inviter": "U010Y90H4T0"
    },
    {
        "type": "message",
        "subtype": "channel_join",
        "ts": "1586879824.008200",
        "user": "U010T8GS82C",
        "text": "<@U010T8GS82C> has joined the channel",
        "inviter": "U010Y90H4T0"
    },
    {
        "type": "message",
        "subtype": "channel_join",
        "ts": "1586879824.008500",
        "user": "U010Z0MUSN4",
        "text": "<@U010Z0MUSN4> has joined the channel",
        "inviter": "U010Y90H4T0"
    },
    {
        "client_msg_id": "b50feeef-2376-434c-8a7e-5f0212609a73",
        "type": "message",
        "text": "<https:\/\/uclax.bootcampcontent.com\/UCLA-Coding-Boot-Camp\/ucla-virt-fsf-pt-03-2020-u-lol\/blob\/master\/03-Week\/03-LectureSlides\/WebDev%2003.1%20Joys%20of%20JavaScript.pdf|WebDev 03.1 Joys of JavaScript.pdf> - Lecture Slides 4-14-2020",
        "user": "U010Y90H4T0",
        "ts": "1586879843.008800",
        "team": "T0105GKDN1H",
        "user_team": "T0105GKDN1H",
        "source_team": "T0105GKDN1H",
        "user_profile": {
            "avatar_hash": "dab7da854ffb",
            "image_72": "https:\/\/avatars.slack-edge.com\/2020-03-27\/1017678411922_dab7da854ffb816e196d_72.jpg",
            "first_name": "Chris",
            "real_name": "Chris Murphy",
            "display_name": "Chris Murphy",
            "team": "T0105GKDN1H",
            "name": "christoph2005",
            "is_restricted": false,
            "is_ultra_restricted": false
        },
        "attachments": [
            {
                "service_name": "GitLab",
                "title": "Sign in",
                "title_link": "https:\/\/uclax.bootcampcontent.com\/UCLA-Coding-Boot-Camp\/ucla-virt-fsf-pt-03-2020-u-lol\/blob\/master\/03-Week\/03-LectureSlides\/WebDev%2003.1%20Joys%20of%20JavaScript.pdf",
                "text": "GitLab Community Edition",
                "fallback": "GitLab: Sign in",
                "thumb_url": "https:\/\/uclax.bootcampcontent.com\/assets\/gitlab_logo-7ae504fe4f68fdebb3c2034e36621930cd36ea87924c11ff65dbcb8ed50dca58.png",
                "from_url": "https:\/\/uclax.bootcampcontent.com\/UCLA-Coding-Boot-Camp\/ucla-virt-fsf-pt-03-2020-u-lol\/blob\/master\/03-Week\/03-LectureSlides\/WebDev%2003.1%20Joys%20of%20JavaScript.pdf",
                "thumb_width": 128,
                "thumb_height": 128,
                "service_icon": "https:\/\/uclax.bootcampcontent.com\/assets\/touch-icon-iphone-5a9cee0e8a51212e70b90c87c12f382c428870c0ff67d1eb034d884b78d2dae7.png",
                "id": 1,
                "original_url": "https:\/\/uclax.bootcampcontent.com\/UCLA-Coding-Boot-Camp\/ucla-virt-fsf-pt-03-2020-u-lol\/blob\/master\/03-Week\/03-LectureSlides\/WebDev%2003.1%20Joys%20of%20JavaScript.pdf"
            }
        ],
        "blocks": [
            {
                "type": "rich_text",
                "block_id": "UlPlS",
                "elements": [
                    {
                        "type": "rich_text_section",
                        "elements": [
                            {
                                "type": "link",
                                "url": "https:\/\/uclax.bootcampcontent.com\/UCLA-Coding-Boot-Camp\/ucla-virt-fsf-pt-03-2020-u-lol\/blob\/master\/03-Week\/03-LectureSlides\/WebDev%2003.1%20Joys%20of%20JavaScript.pdf",
                                "text": "WebDev 03.1 Joys of JavaScript.pdf"
                            },
                            {
                                "type": "text",
                                "text": " - Lecture Slides 4-14-2020"
                            }
                        ]
                    }
                ]
            }
        ]
    },
    {
        "client_msg_id": "d3e9ecc0-1ff3-4818-ad91-ad5211bc8973",
        "type": "message",
        "text": "Classroom: <https:\/\/zoom.us\/j\/823356662>\nOffice Hours: 5:45 PDT",
        "user": "U010Y90H4T0",
        "ts": "1586911445.009100",
        "team": "T0105GKDN1H",
        "user_team": "T0105GKDN1H",
        "source_team": "T0105GKDN1H",
        "user_profile": {
            "avatar_hash": "dab7da854ffb",
            "image_72": "https:\/\/avatars.slack-edge.com\/2020-03-27\/1017678411922_dab7da854ffb816e196d_72.jpg",
            "first_name": "Chris",
            "real_name": "Chris Murphy",
            "display_name": "Chris Murphy",
            "team": "T0105GKDN1H",
            "name": "christoph2005",
            "is_restricted": false,
            "is_ultra_restricted": false
        },
        "blocks": [
            {
                "type": "rich_text",
                "block_id": "Ir9KB",
                "elements": [
                    {
                        "type": "rich_text_section",
                        "elements": [
                            {
                                "type": "text",
                                "text": "Classroom: "
                            },
                            {
                                "type": "link",
                                "url": "https:\/\/zoom.us\/j\/823356662"
                            },
                            {
                                "type": "text",
                                "text": "\nOffice Hours: 5:45 PDT"
                            }
                        ]
                    }
                ]
            }
        ]
    },
    {
        "client_msg_id": "5ce185a8-bb6b-4dba-bc15-106c75f58d59",
        "type": "message",
        "text": "Brb restarting computer",
        "user": "U010APCDU9F",
        "ts": "1586912541.009300",
        "team": "T0105GKDN1H",
        "user_team": "T0105GKDN1H",
        "source_team": "T0105GKDN1H",
        "user_profile": {
            "avatar_hash": "d44fbe708fa1",
            "image_72": "https:\/\/avatars.slack-edge.com\/2020-03-23\/1020879238357_d44fbe708fa1409cd3b9_72.jpg",
            "first_name": "",
            "real_name": "Eric Z",
            "display_name": "Eric Z",
            "team": "T0105GKDN1H",
            "name": "swissbizz88",
            "is_restricted": false,
            "is_ultra_restricted": false
        },
        "blocks": [
            {
                "type": "rich_text",
                "block_id": "ODl",
                "elements": [
                    {
                        "type": "rich_text_section",
                        "elements": [
                            {
                                "type": "text",
                                "text": "Brb restarting computer"
                            }
                        ]
                    }
                ]
            }
        ]
    },
    {
        "client_msg_id": "351e99e1-9c5c-467a-bbc4-340ddcb6c368",
        "type": "message",
        "text": "<https:\/\/getbootstrap.com\/docs\/4.0\/utilities\/sizing\/>",
        "user": "U010LEW4XPX",
        "ts": "1586913237.009500",
        "team": "T0105GKDN1H",
        "user_team": "T0105GKDN1H",
        "source_team": "T0105GKDN1H",
        "user_profile": {
            "avatar_hash": "g15b31306bf8",
            "image_72": "https:\/\/secure.gravatar.com\/avatar\/15b31306bf891aa1da33301277c37bc4.jpg?s=72&d=https%3A%2F%2Fa.slack-edge.com%2Fdf10d%2Fimg%2Favatars%2Fava_0008-72.png",
            "first_name": "",
            "real_name": "michaelpopedeveloper",
            "display_name": "michaelpopedeveloper",
            "team": "T0105GKDN1H",
            "name": "michaelpopedeveloper",
            "is_restricted": false,
            "is_ultra_restricted": false
        },
        "attachments": [
            {
                "title": "Sizing",
                "title_link": "https:\/\/getbootstrap.com\/docs\/4.0\/utilities\/sizing\/",
                "text": "Easily make an element as wide or as tall (relative to its parent) with our width and height utilities.",
                "fallback": "Sizing",
                "thumb_url": "https:\/\/getbootstrap.com\/docs\/4.0\/assets\/brand\/bootstrap-social-logo.png",
                "from_url": "https:\/\/getbootstrap.com\/docs\/4.0\/utilities\/sizing\/",
                "thumb_width": 600,
                "thumb_height": 600,
                "service_icon": "https:\/\/getbootstrap.com\/docs\/4.0\/assets\/img\/favicons\/apple-touch-icon.png",
                "service_name": "getbootstrap.com",
                "id": 1,
                "original_url": "https:\/\/getbootstrap.com\/docs\/4.0\/utilities\/sizing\/"
            }
        ],
        "blocks": [
            {
                "type": "rich_text",
                "block_id": "fm0YK",
                "elements": [
                    {
                        "type": "rich_text_section",
                        "elements": [
                            {
                                "type": "link",
                                "url": "https:\/\/getbootstrap.com\/docs\/4.0\/utilities\/sizing\/"
                            }
                        ]
                    }
                ]
            }
        ]
    },
    {
        "type": "message",
        "text": "",
        "files": [
            {
                "id": "F012JJ733Q8",
                "created": 1586906373,
                "timestamp": 1586906373,
                "name": "01-CodeDissection.zip",
                "title": "01-CodeDissection.zip",
                "mimetype": "application\/zip",
                "filetype": "zip",
                "pretty_type": "Zip",
                "user": "U010Y90H4T0",
                "editable": false,
                "size": 1310,
                "mode": "hosted",
                "is_external": false,
                "external_type": "",
                "is_public": true,
                "public_url_shared": false,
                "display_as_bot": false,
                "username": "",
                "url_private": "https:\/\/files.slack.com\/files-pri\/T0105GKDN1H-F012JJ733Q8\/01-codedissection.zip?t=xoxe-1005563464051-1077300145892-1094973465936-b91b441389dd5f41adba77ce94586498",
                "url_private_download": "https:\/\/files.slack.com\/files-pri\/T0105GKDN1H-F012JJ733Q8\/download\/01-codedissection.zip?t=xoxe-1005563464051-1077300145892-1094973465936-b91b441389dd5f41adba77ce94586498",
                "permalink": "https:\/\/uclavirtfsfpt-96r8630.slack.com\/files\/U010Y90H4T0\/F012JJ733Q8\/01-codedissection.zip",
                "permalink_public": "https:\/\/slack-files.com\/T0105GKDN1H-F012JJ733Q8-3b9087b708",
                "is_starred": false,
                "has_rich_preview": false
            }
        ],
        "upload": false,
        "user": "U010LEW7V2R",
        "display_as_bot": false,
        "ts": "1586914649.009700"
    },
    {
        "type": "message",
        "text": "",
        "files": [
            {
                "id": "F011E1ACEKH",
                "created": 1586906377,
                "timestamp": 1586906377,
                "name": "03-PizzaVariables.zip",
                "title": "03-PizzaVariables.zip",
                "mimetype": "application\/zip",
                "filetype": "zip",
                "pretty_type": "Zip",
                "user": "U010Y90H4T0",
                "editable": false,
                "size": 1399,
                "mode": "hosted",
                "is_external": false,
                "external_type": "",
                "is_public": true,
                "public_url_shared": false,
                "display_as_bot": false,
                "username": "",
                "url_private": "https:\/\/files.slack.com\/files-pri\/T0105GKDN1H-F011E1ACEKH\/03-pizzavariables.zip?t=xoxe-1005563464051-1077300145892-1094973465936-b91b441389dd5f41adba77ce94586498",
                "url_private_download": "https:\/\/files.slack.com\/files-pri\/T0105GKDN1H-F011E1ACEKH\/download\/03-pizzavariables.zip?t=xoxe-1005563464051-1077300145892-1094973465936-b91b441389dd5f41adba77ce94586498",
                "permalink": "https:\/\/uclavirtfsfpt-96r8630.slack.com\/files\/U010Y90H4T0\/F011E1ACEKH\/03-pizzavariables.zip",
                "permalink_public": "https:\/\/slack-files.com\/T0105GKDN1H-F011E1ACEKH-58670da4e5",
                "is_starred": false,
                "has_rich_preview": false
            }
        ],
        "upload": false,
        "user": "U010LEW7V2R",
        "display_as_bot": false,
        "ts": "1586915775.010000",
        "reactions": [
            {
                "name": "star",
                "users": [
                    "U010ACLHD0R"
                ],
                "count": 1
            },
            {
                "name": "pizza",
                "users": [
                    "U010LJKUX44"
                ],
                "count": 1
            }
        ]
    },
    {
        "type": "message",
        "text": "",
        "files": [
            {
                "id": "F011UV1GP35",
                "created": 1586906381,
                "timestamp": 1586906381,
                "name": "05-PizzaConsole.zip",
                "title": "05-PizzaConsole.zip",
                "mimetype": "application\/zip",
                "filetype": "zip",
                "pretty_type": "Zip",
                "user": "U010Y90H4T0",
                "editable": false,
                "size": 1235,
                "mode": "hosted",
                "is_external": false,
                "external_type": "",
                "is_public": true,
                "public_url_shared": false,
                "display_as_bot": false,
                "username": "",
                "url_private": "https:\/\/files.slack.com\/files-pri\/T0105GKDN1H-F011UV1GP35\/05-pizzaconsole.zip?t=xoxe-1005563464051-1077300145892-1094973465936-b91b441389dd5f41adba77ce94586498",
                "url_private_download": "https:\/\/files.slack.com\/files-pri\/T0105GKDN1H-F011UV1GP35\/download\/05-pizzaconsole.zip?t=xoxe-1005563464051-1077300145892-1094973465936-b91b441389dd5f41adba77ce94586498",
                "permalink": "https:\/\/uclavirtfsfpt-96r8630.slack.com\/files\/U010Y90H4T0\/F011UV1GP35\/05-pizzaconsole.zip",
                "permalink_public": "https:\/\/slack-files.com\/T0105GKDN1H-F011UV1GP35-93e3934bf7",
                "is_starred": false,
                "has_rich_preview": false
            }
        ],
        "upload": false,
        "user": "U010LEW7V2R",
        "display_as_bot": false,
        "ts": "1586917107.010500"
    },
    {
        "client_msg_id": "f625877a-a107-4317-96b4-0c4a31292946",
        "type": "message",
        "text": "hi guys sorry im late, im in the waiting room",
        "user": "U010853J6DQ",
        "ts": "1586919022.011500",
        "team": "T0105GKDN1H",
        "user_team": "T0105GKDN1H",
        "source_team": "T0105GKDN1H",
        "user_profile": {
            "avatar_hash": "33baed70501b",
            "image_72": "https:\/\/avatars.slack-edge.com\/2020-03-23\/1022896655847_33baed70501bd98a8c24_72.jpg",
            "first_name": "",
            "real_name": "Rafael",
            "display_name": "Rafael",
            "team": "T0105GKDN1H",
            "name": "raffa.codedrive",
            "is_restricted": false,
            "is_ultra_restricted": false
        },
        "blocks": [
            {
                "type": "rich_text",
                "block_id": "WK83",
                "elements": [
                    {
                        "type": "rich_text_section",
                        "elements": [
                            {
                                "type": "text",
                                "text": "hi guys sorry im late, im in the waiting room"
                            }
                        ]
                    }
                ]
            }
        ]
    },
    {
        "type": "message",
        "text": "",
        "files": [
            {
                "id": "F011UV1KNV9",
                "created": 1586906386,
                "timestamp": 1586906386,
                "name": "07-PromptSushi.zip",
                "title": "07-PromptSushi.zip",
                "mimetype": "application\/zip",
                "filetype": "zip",
                "pretty_type": "Zip",
                "user": "U010Y90H4T0",
                "editable": false,
                "size": 1057,
                "mode": "hosted",
                "is_external": false,
                "external_type": "",
                "is_public": true,
                "public_url_shared": false,
                "display_as_bot": false,
                "username": "",
                "url_private": "https:\/\/files.slack.com\/files-pri\/T0105GKDN1H-F011UV1KNV9\/07-promptsushi.zip?t=xoxe-1005563464051-1077300145892-1094973465936-b91b441389dd5f41adba77ce94586498",
                "url_private_download": "https:\/\/files.slack.com\/files-pri\/T0105GKDN1H-F011UV1KNV9\/download\/07-promptsushi.zip?t=xoxe-1005563464051-1077300145892-1094973465936-b91b441389dd5f41adba77ce94586498",
                "permalink": "https:\/\/uclavirtfsfpt-96r8630.slack.com\/files\/U010Y90H4T0\/F011UV1KNV9\/07-promptsushi.zip",
                "permalink_public": "https:\/\/slack-files.com\/T0105GKDN1H-F011UV1KNV9-54341701b5",
                "is_starred": false,
                "has_rich_preview": false
            }
        ],
        "upload": false,
        "user": "U010LEW7V2R",
        "display_as_bot": false,
        "ts": "1586919414.011600"
    },
    {
        "client_msg_id": "d036b231-ee79-49a2-853c-00f38e42f3c4",
        "type": "message",
        "text": "If anyone is struggling with `git pull`  <https:\/\/medium.com\/@6matbub\/git-pull-from-remote-master-11bb3d1fe5cb>",
        "user": "U010ACLHD0R",
        "ts": "1586919487.012300",
        "team": "T0105GKDN1H",
        "user_team": "T0105GKDN1H",
        "source_team": "T0105GKDN1H",
        "user_profile": {
            "avatar_hash": "8c72eaca43ae",
            "image_72": "https:\/\/avatars.slack-edge.com\/2020-03-23\/1009675401811_8c72eaca43ae720843dc_72.png",
            "first_name": "Matthew",
            "real_name": "Matthew Bub",
            "display_name": "Matthew Bub",
            "team": "T0105GKDN1H",
            "name": "6matbub",
            "is_restricted": false,
            "is_ultra_restricted": false
        },
        "attachments": [
            {
                "service_name": "Medium",
                "title": "Git Pull from Remote Master",
                "title_link": "https:\/\/medium.com\/@6matbub\/git-pull-from-remote-master-11bb3d1fe5cb",
                "text": "Scenario:",
                "fallback": "Medium: Git Pull from Remote Master",
                "fields": [
                    {
                        "title": "Reading time",
                        "value": "1 min read",
                        "short": true
                    }
                ],
                "ts": 1586394305,
                "from_url": "https:\/\/medium.com\/@6matbub\/git-pull-from-remote-master-11bb3d1fe5cb",
                "service_icon": "https:\/\/cdn-images-1.medium.com\/fit\/c\/152\/152\/1*8I-HPL0bfoIzGied-dzOvA.png",
                "id": 1,
                "original_url": "https:\/\/medium.com\/@6matbub\/git-pull-from-remote-master-11bb3d1fe5cb"
            }
        ],
        "blocks": [
            {
                "type": "rich_text",
                "block_id": "ns4yW",
                "elements": [
                    {
                        "type": "rich_text_section",
                        "elements": [
                            {
                                "type": "text",
                                "text": "If anyone is struggling with "
                            },
                            {
                                "type": "text",
                                "text": "git pull",
                                "style": {
                                    "code": true
                                }
                            },
                            {
                                "type": "text",
                                "text": "  "
                            },
                            {
                                "type": "link",
                                "url": "https:\/\/medium.com\/@6matbub\/git-pull-from-remote-master-11bb3d1fe5cb"
                            }
                        ]
                    }
                ]
            }
        ],
        "reactions": [
            {
                "name": "+1",
                "users": [
                    "U010AJPBC3B",
                    "U010H28N18S"
                ],
                "count": 2
            }
        ]
    },
    {
        "type": "message",
        "text": "",
        "files": [
            {
                "id": "F012JJ7F2JC",
                "created": 1586906391,
                "timestamp": 1586906391,
                "name": "09-ConditionalActivity.zip",
                "title": "09-ConditionalActivity.zip",
                "mimetype": "application\/zip",
                "filetype": "zip",
                "pretty_type": "Zip",
                "user": "U010Y90H4T0",
                "editable": false,
                "size": 644,
                "mode": "hosted",
                "is_external": false,
                "external_type": "",
                "is_public": true,
                "public_url_shared": false,
                "display_as_bot": false,
                "username": "",
                "url_private": "https:\/\/files.slack.com\/files-pri\/T0105GKDN1H-F012JJ7F2JC\/09-conditionalactivity.zip?t=xoxe-1005563464051-1077300145892-1094973465936-b91b441389dd5f41adba77ce94586498",
                "url_private_download": "https:\/\/files.slack.com\/files-pri\/T0105GKDN1H-F012JJ7F2JC\/download\/09-conditionalactivity.zip?t=xoxe-1005563464051-1077300145892-1094973465936-b91b441389dd5f41adba77ce94586498",
                "permalink": "https:\/\/uclavirtfsfpt-96r8630.slack.com\/files\/U010Y90H4T0\/F012JJ7F2JC\/09-conditionalactivity.zip",
                "permalink_public": "https:\/\/slack-files.com\/T0105GKDN1H-F012JJ7F2JC-9a464c629d",
                "is_starred": false,
                "has_rich_preview": false
            }
        ],
        "upload": false,
        "user": "U010LEW7V2R",
        "display_as_bot": false,
        "ts": "1586921972.013000"
    },
    {
        "client_msg_id": "8b8d711b-d194-464f-b46a-c6683435fba2",
        "type": "message",
        "text": "Video review for the previous activity <https:\/\/www.youtube.com\/watch?v=rlhhRVO5EOg>",
        "user": "U010LEW4XPX",
        "ts": "1586923019.014000",
        "team": "T0105GKDN1H",
        "user_team": "T0105GKDN1H",
        "source_team": "T0105GKDN1H",
        "user_profile": {
            "avatar_hash": "g15b31306bf8",
            "image_72": "https:\/\/secure.gravatar.com\/avatar\/15b31306bf891aa1da33301277c37bc4.jpg?s=72&d=https%3A%2F%2Fa.slack-edge.com%2Fdf10d%2Fimg%2Favatars%2Fava_0008-72.png",
            "first_name": "",
            "real_name": "michaelpopedeveloper",
            "display_name": "michaelpopedeveloper",
            "team": "T0105GKDN1H",
            "name": "michaelpopedeveloper",
            "is_restricted": false,
            "is_ultra_restricted": false
        },
        "blocks": [
            {
                "type": "rich_text",
                "block_id": "bCdI",
                "elements": [
                    {
                        "type": "rich_text_section",
                        "elements": [
                            {
                                "type": "text",
                                "text": "Video review for the previous activity "
                            },
                            {
                                "type": "link",
                                "url": "https:\/\/www.youtube.com\/watch?v=rlhhRVO5EOg"
                            }
                        ]
                    }
                ]
            }
        ],
        "reactions": [
            {
                "name": "+1",
                "users": [
                    "U010AJPBC3B"
                ],
                "count": 1
            },
            {
                "name": "star2",
                "users": [
                    "U010LEW7V2R",
                    "U010ACLHD0R"
                ],
                "count": 2
            },
            {
                "name": "heart",
                "users": [
                    "U010APCDU9F"
                ],
                "count": 1
            }
        ]
    },
    {
        "type": "message",
        "text": "",
        "files": [
            {
                "id": "F012JJ7J5TJ",
                "created": 1586906396,
                "timestamp": 1586906396,
                "name": "10-ConditionalActivity2.zip",
                "title": "10-ConditionalActivity2.zip",
                "mimetype": "application\/zip",
                "filetype": "zip",
                "pretty_type": "Zip",
                "user": "U010Y90H4T0",
                "editable": false,
                "size": 723,
                "mode": "hosted",
                "is_external": false,
                "external_type": "",
                "is_public": true,
                "public_url_shared": false,
                "display_as_bot": false,
                "username": "",
                "url_private": "https:\/\/files.slack.com\/files-pri\/T0105GKDN1H-F012JJ7J5TJ\/10-conditionalactivity2.zip?t=xoxe-1005563464051-1077300145892-1094973465936-b91b441389dd5f41adba77ce94586498",
                "url_private_download": "https:\/\/files.slack.com\/files-pri\/T0105GKDN1H-F012JJ7J5TJ\/download\/10-conditionalactivity2.zip?t=xoxe-1005563464051-1077300145892-1094973465936-b91b441389dd5f41adba77ce94586498",
                "permalink": "https:\/\/uclavirtfsfpt-96r8630.slack.com\/files\/U010Y90H4T0\/F012JJ7J5TJ\/10-conditionalactivity2.zip",
                "permalink_public": "https:\/\/slack-files.com\/T0105GKDN1H-F012JJ7J5TJ-c9e11e7c51",
                "is_starred": false,
                "has_rich_preview": false
            }
        ],
        "upload": false,
        "user": "U010LEW7V2R",
        "display_as_bot": false,
        "ts": "1586923551.014500"
    },
    {
        "client_msg_id": "ea0f5929-2215-41f4-b896-e8c7e0dc62b0",
        "type": "message",
        "text": "<https:\/\/www.sitepoint.com\/javascript-truthy-falsy\/>",
        "user": "U010AJPBC3B",
        "ts": "1586923985.014900",
        "team": "T0105GKDN1H",
        "user_team": "T0105GKDN1H",
        "source_team": "T0105GKDN1H",
        "user_profile": {
            "avatar_hash": "a7accc11904a",
            "image_72": "https:\/\/avatars.slack-edge.com\/2020-03-31\/1039823854836_a7accc11904a7e79e199_72.png",
            "first_name": "Krista",
            "real_name": "Krista Clarke",
            "display_name": "Krista C",
            "team": "T0105GKDN1H",
            "name": "kristaclarke82",
            "is_restricted": false,
            "is_ultra_restricted": false
        },
        "attachments": [
            {
                "service_name": "SitePoint",
                "title": "Truthy and Falsy: When All is Not Equal in JavaScript — SitePoint",
                "title_link": "https:\/\/www.sitepoint.com\/javascript-truthy-falsy\/",
                "text": "Anything in JavaScript can be considered either truthy or falsy. Craig looks at what these values are and the bizarre rules that apply when they're compared",
                "fallback": "SitePoint: Truthy and Falsy: When All is Not Equal in JavaScript — SitePoint",
                "image_url": "https:\/\/www.sitepoint.com\/wp-content\/themes\/sitepoint\/assets\/images\/icon.javascript.png",
                "image_width": 250,
                "image_height": 250,
                "ts": 1503457230,
                "from_url": "https:\/\/www.sitepoint.com\/javascript-truthy-falsy\/",
                "image_bytes": 21645,
                "service_icon": "https:\/\/www.sitepoint.com\/wp-content\/themes\/sitepoint\/assets\/images\/apple-touch-icon-57x57-precomposed.png",
                "id": 1,
                "original_url": "https:\/\/www.sitepoint.com\/javascript-truthy-falsy\/"
            }
        ],
        "blocks": [
            {
                "type": "rich_text",
                "block_id": "oGy",
                "elements": [
                    {
                        "type": "rich_text_section",
                        "elements": [
                            {
                                "type": "link",
                                "url": "https:\/\/www.sitepoint.com\/javascript-truthy-falsy\/"
                            }
                        ]
                    }
                ]
            }
        ],
        "reactions": [
            {
                "name": "star",
                "users": [
                    "U010ACLHD0R",
                    "U010LEW7V2R"
                ],
                "count": 2
            }
        ]
    },
    {
        "type": "message",
        "text": "",
        "files": [
            {
                "id": "F011TBPQGJH",
                "created": 1586906401,
                "timestamp": 1586906401,
                "name": "12-ArraysActivity.zip",
                "title": "12-ArraysActivity.zip",
                "mimetype": "application\/zip",
                "filetype": "zip",
                "pretty_type": "Zip",
                "user": "U010Y90H4T0",
                "editable": false,
                "size": 1400,
                "mode": "hosted",
                "is_external": false,
                "external_type": "",
                "is_public": true,
                "public_url_shared": false,
                "display_as_bot": false,
                "username": "",
                "url_private": "https:\/\/files.slack.com\/files-pri\/T0105GKDN1H-F011TBPQGJH\/12-arraysactivity.zip?t=xoxe-1005563464051-1077300145892-1094973465936-b91b441389dd5f41adba77ce94586498",
                "url_private_download": "https:\/\/files.slack.com\/files-pri\/T0105GKDN1H-F011TBPQGJH\/download\/12-arraysactivity.zip?t=xoxe-1005563464051-1077300145892-1094973465936-b91b441389dd5f41adba77ce94586498",
                "permalink": "https:\/\/uclavirtfsfpt-96r8630.slack.com\/files\/U010Y90H4T0\/F011TBPQGJH\/12-arraysactivity.zip",
                "permalink_public": "https:\/\/slack-files.com\/T0105GKDN1H-F011TBPQGJH-46a76fd88f",
                "is_starred": false,
                "has_rich_preview": false
            }
        ],
        "upload": false,
        "user": "U010LEW7V2R",
        "display_as_bot": false,
        "ts": "1586925218.015500"
    },
    {
        "type": "message",
        "text": "Extra Actvitiy",
        "files": [
            {
                "id": "F011TBPTF5K",
                "created": 1586906406,
                "timestamp": 1586906406,
                "name": "13-Bands.zip",
                "title": "13-Bands.zip",
                "mimetype": "application\/zip",
                "filetype": "zip",
                "pretty_type": "Zip",
                "user": "U010Y90H4T0",
                "editable": false,
                "size": 555,
                "mode": "hosted",
                "is_external": false,
                "external_type": "",
                "is_public": true,
                "public_url_shared": false,
                "display_as_bot": false,
                "username": "",
                "url_private": "https:\/\/files.slack.com\/files-pri\/T0105GKDN1H-F011TBPTF5K\/13-bands.zip?t=xoxe-1005563464051-1077300145892-1094973465936-b91b441389dd5f41adba77ce94586498",
                "url_private_download": "https:\/\/files.slack.com\/files-pri\/T0105GKDN1H-F011TBPTF5K\/download\/13-bands.zip?t=xoxe-1005563464051-1077300145892-1094973465936-b91b441389dd5f41adba77ce94586498",
                "permalink": "https:\/\/uclavirtfsfpt-96r8630.slack.com\/files\/U010Y90H4T0\/F011TBPTF5K\/13-bands.zip",
                "permalink_public": "https:\/\/slack-files.com\/T0105GKDN1H-F011TBPTF5K-f9351c3d24",
                "is_starred": false,
                "has_rich_preview": false
            }
        ],
        "upload": false,
        "blocks": [
            {
                "type": "rich_text",
                "block_id": "iNW",
                "elements": [
                    {
                        "type": "rich_text_section",
                        "elements": [
                            {
                                "type": "text",
                                "text": "Extra Actvitiy"
                            }
                        ]
                    }
                ]
            }
        ],
        "user": "U010LEW7V2R",
        "display_as_bot": false,
        "ts": "1586926404.015800"
    },
    {
        "client_msg_id": "26ed1134-f79a-4767-9875-81b1731725ee",
        "type": "message",
        "text": "Please review <https:\/\/uclax.bootcampcontent.com\/UCLA-Coding-Boot-Camp\/ucla-virt-fsf-pt-03-2020-u-lol\/blob\/master\/03-Week\/Workbook.md|the JavaScript Workbook> included in this week's class repository.\nIt is an introduction to the JavaScript coding features that we discussed today, and a great review.",
        "user": "U010Y90H4T0",
        "ts": "1586929358.017300",
        "team": "T0105GKDN1H",
        "user_team": "T0105GKDN1H",
        "source_team": "T0105GKDN1H",
        "user_profile": {
            "avatar_hash": "dab7da854ffb",
            "image_72": "https:\/\/avatars.slack-edge.com\/2020-03-27\/1017678411922_dab7da854ffb816e196d_72.jpg",
            "first_name": "Chris",
            "real_name": "Chris Murphy",
            "display_name": "Chris Murphy",
            "team": "T0105GKDN1H",
            "name": "christoph2005",
            "is_restricted": false,
            "is_ultra_restricted": false
        },
        "attachments": [
            {
                "service_name": "GitLab",
                "title": "Sign in",
                "title_link": "https:\/\/uclax.bootcampcontent.com\/UCLA-Coding-Boot-Camp\/ucla-virt-fsf-pt-03-2020-u-lol\/blob\/master\/03-Week\/Workbook.md",
                "text": "GitLab Community Edition",
                "fallback": "GitLab: Sign in",
                "thumb_url": "https:\/\/uclax.bootcampcontent.com\/assets\/gitlab_logo-7ae504fe4f68fdebb3c2034e36621930cd36ea87924c11ff65dbcb8ed50dca58.png",
                "from_url": "https:\/\/uclax.bootcampcontent.com\/UCLA-Coding-Boot-Camp\/ucla-virt-fsf-pt-03-2020-u-lol\/blob\/master\/03-Week\/Workbook.md",
                "thumb_width": 128,
                "thumb_height": 128,
                "service_icon": "https:\/\/uclax.bootcampcontent.com\/assets\/touch-icon-iphone-5a9cee0e8a51212e70b90c87c12f382c428870c0ff67d1eb034d884b78d2dae7.png",
                "id": 1,
                "original_url": "https:\/\/uclax.bootcampcontent.com\/UCLA-Coding-Boot-Camp\/ucla-virt-fsf-pt-03-2020-u-lol\/blob\/master\/03-Week\/Workbook.md"
            }
        ],
        "blocks": [
            {
                "type": "rich_text",
                "block_id": "x40EL",
                "elements": [
                    {
                        "type": "rich_text_section",
                        "elements": [
                            {
                                "type": "text",
                                "text": "Please review "
                            },
                            {
                                "type": "link",
                                "url": "https:\/\/uclax.bootcampcontent.com\/UCLA-Coding-Boot-Camp\/ucla-virt-fsf-pt-03-2020-u-lol\/blob\/master\/03-Week\/Workbook.md",
                                "text": "the JavaScript Workbook"
                            },
                            {
                                "type": "text",
                                "text": " included in this week's class repository.\nIt is an introduction to the JavaScript coding features that we discussed today, and a great review."
                            }
                        ]
                    }
                ]
            }
        ]
    },
    {
        "client_msg_id": "ed2d8f5c-c305-4593-b8b8-4f81f0ca6286",
        "type": "message",
        "text": "Key activities from the week\n\nLesson 3.1 - JavaScript Dinner\nLearn how to use conditional statements to create a custom website experience based upon user input. <https:\/\/www.youtube.com\/watch?v=rlhhRVO5EOg|Watch the Video!>",
        "user": "U010Y90H4T0",
        "ts": "1586929488.017600",
        "team": "T0105GKDN1H",
        "user_team": "T0105GKDN1H",
        "source_team": "T0105GKDN1H",
        "user_profile": {
            "avatar_hash": "dab7da854ffb",
            "image_72": "https:\/\/avatars.slack-edge.com\/2020-03-27\/1017678411922_dab7da854ffb816e196d_72.jpg",
            "first_name": "Chris",
            "real_name": "Chris Murphy",
            "display_name": "Chris Murphy",
            "team": "T0105GKDN1H",
            "name": "christoph2005",
            "is_restricted": false,
            "is_ultra_restricted": false
        },
        "edited": {
            "user": "U010Y90H4T0",
            "ts": "1586929525.000000"
        },
        "blocks": [
            {
                "type": "rich_text",
                "block_id": "\/30",
                "elements": [
                    {
                        "type": "rich_text_section",
                        "elements": [
                            {
                                "type": "text",
                                "text": "Key activities from the week\n\nLesson 3.1 - JavaScript Dinner\nLearn how to use conditional statements to create a custom website experience based upon user input. "
                            },
                            {
                                "type": "link",
                                "url": "https:\/\/www.youtube.com\/watch?v=rlhhRVO5EOg",
                                "text": "Watch the Video!"
                            }
                        ]
                    }
                ]
            }
        ]
    }
]