[
    {
        "client_msg_id": "cdf32496-1341-48c2-83c5-6bb1d6913c9d",
        "type": "message",
        "text": "It's just another way to declare a function",
        "user": "U010Y90H4T0",
        "ts": "1587151868.026400",
        "team": "T0105GKDN1H",
        "user_team": "T0105GKDN1H",
        "source_team": "T0105GKDN1H",
        "user_profile": {
            "avatar_hash": "dab7da854ffb",
            "image_72": "https:\/\/avatars.slack-edge.com\/2020-03-27\/1017678411922_dab7da854ffb816e196d_72.jpg",
            "first_name": "Chris",
            "real_name": "Chris Murphy",
            "display_name": "Chris Murphy",
            "team": "T0105GKDN1H",
            "name": "christoph2005",
            "is_restricted": false,
            "is_ultra_restricted": false
        },
        "blocks": [
            {
                "type": "rich_text",
                "block_id": "7qS",
                "elements": [
                    {
                        "type": "rich_text_section",
                        "elements": [
                            {
                                "type": "text",
                                "text": "It's just another way to declare a function"
                            }
                        ]
                    }
                ]
            }
        ],
        "thread_ts": "1587092801.025000",
        "parent_user_id": "U010NLX5YVD"
    },
    {
        "client_msg_id": "834a011e-124e-4745-ab22-3ba1ac14dcdc",
        "type": "message",
        "text": "<https:\/\/codingbootcamp.hosted.panopto.com\/Panopto\/Pages\/Viewer.aspx?id=0a442844-c58f-4f9f-a3d8-aba000a4c94b|Video for class 4\/16\/2020>",
        "user": "U010Y90H4T0",
        "ts": "1587170085.026900",
        "team": "T0105GKDN1H",
        "user_team": "T0105GKDN1H",
        "source_team": "T0105GKDN1H",
        "user_profile": {
            "avatar_hash": "dab7da854ffb",
            "image_72": "https:\/\/avatars.slack-edge.com\/2020-03-27\/1017678411922_dab7da854ffb816e196d_72.jpg",
            "first_name": "Chris",
            "real_name": "Chris Murphy",
            "display_name": "Chris Murphy",
            "team": "T0105GKDN1H",
            "name": "christoph2005",
            "is_restricted": false,
            "is_ultra_restricted": false
        },
        "attachments": [
            {
                "service_name": "Panopto",
                "title": "Full Stack Flex - 4\/16\/2020",
                "title_link": "https:\/\/codingbootcamp.hosted.panopto.com\/Panopto\/Pages\/Viewer.aspx?id=0a442844-c58f-4f9f-a3d8-aba000a4c94b",
                "text": "Full Stack Flex - 4\/16\/2020",
                "fallback": "Panopto: Full Stack Flex - 4\/16\/2020",
                "thumb_url": "https:\/\/codingbootcamp.hosted.panopto.com\/Panopto\/Services\/FrameGrabber.svc\/FrameRedirect?objectId=0a442844-c58f-4f9f-a3d8-aba000a4c94b&mode=Delivery&random=0.943519913565144&usePng=False",
                "video_html_width": 800,
                "video_html_height": 600,
                "video_url": "https:\/\/codingbootcamp.hosted.panopto.com\/Panopto\/Podcast\/Social\/0a442844-c58f-4f9f-a3d8-aba000a4c94b.mp4?mediaTargetType=videoPodcast",
                "from_url": "https:\/\/codingbootcamp.hosted.panopto.com\/Panopto\/Pages\/Viewer.aspx?id=0a442844-c58f-4f9f-a3d8-aba000a4c94b",
                "thumb_width": 740,
                "thumb_height": 416,
                "id": 1,
                "original_url": "https:\/\/codingbootcamp.hosted.panopto.com\/Panopto\/Pages\/Viewer.aspx?id=0a442844-c58f-4f9f-a3d8-aba000a4c94b"
            }
        ],
        "blocks": [
            {
                "type": "rich_text",
                "block_id": "R1Dms",
                "elements": [
                    {
                        "type": "rich_text_section",
                        "elements": [
                            {
                                "type": "link",
                                "url": "https:\/\/codingbootcamp.hosted.panopto.com\/Panopto\/Pages\/Viewer.aspx?id=0a442844-c58f-4f9f-a3d8-aba000a4c94b",
                                "text": "Video for class 4\/16\/2020"
                            }
                        ]
                    }
                ]
            }
        ],
        "reactions": [
            {
                "name": "+1::skin-tone-4",
                "users": [
                    "U010LHWSG4U"
                ],
                "count": 1
            }
        ]
    },
    {
        "client_msg_id": "12e5489b-9996-47c6-853b-eb07cdf43c33",
        "type": "message",
        "text": "Is it possible to have tomorrow's lecture slides today as well?",
        "user": "U010LHWSG4U",
        "ts": "1587170422.027800",
        "team": "T0105GKDN1H",
        "user_team": "T0105GKDN1H",
        "source_team": "T0105GKDN1H",
        "user_profile": {
            "avatar_hash": "94c7660ade93",
            "image_72": "https:\/\/avatars.slack-edge.com\/2020-03-25\/1015453574355_94c7660ade93297788be_72.jpg",
            "first_name": "",
            "real_name": "Sandra Romero",
            "display_name": "Sandra Romero",
            "team": "T0105GKDN1H",
            "name": "sandymarieromero",
            "is_restricted": false,
            "is_ultra_restricted": false
        },
        "blocks": [
            {
                "type": "rich_text",
                "block_id": "peT3",
                "elements": [
                    {
                        "type": "rich_text_section",
                        "elements": [
                            {
                                "type": "text",
                                "text": "Is it possible to have tomorrow's lecture slides today as well?"
                            }
                        ]
                    }
                ]
            }
        ]
    },
    {
        "client_msg_id": "ead2400c-2a8d-466a-b43a-3ca4ec76afb4",
        "type": "message",
        "text": "<https:\/\/uclax.bootcampcontent.com\/UCLA-Coding-Boot-Camp\/ucla-virt-fsf-pt-03-2020-u-lol\/blob\/master\/03-Week\/03-LectureSlides\/live-online-webdev-03-3-javascript-juggernauts.pdf>",
        "user": "U010Y90H4T0",
        "ts": "1587187630.028000",
        "team": "T0105GKDN1H",
        "user_team": "T0105GKDN1H",
        "source_team": "T0105GKDN1H",
        "user_profile": {
            "avatar_hash": "dab7da854ffb",
            "image_72": "https:\/\/avatars.slack-edge.com\/2020-03-27\/1017678411922_dab7da854ffb816e196d_72.jpg",
            "first_name": "Chris",
            "real_name": "Chris Murphy",
            "display_name": "Chris Murphy",
            "team": "T0105GKDN1H",
            "name": "christoph2005",
            "is_restricted": false,
            "is_ultra_restricted": false
        },
        "attachments": [
            {
                "service_name": "GitLab",
                "title": "Sign in",
                "title_link": "https:\/\/uclax.bootcampcontent.com\/UCLA-Coding-Boot-Camp\/ucla-virt-fsf-pt-03-2020-u-lol\/blob\/master\/03-Week\/03-LectureSlides\/live-online-webdev-03-3-javascript-juggernauts.pdf",
                "text": "GitLab Community Edition",
                "fallback": "GitLab: Sign in",
                "thumb_url": "https:\/\/uclax.bootcampcontent.com\/assets\/gitlab_logo-7ae504fe4f68fdebb3c2034e36621930cd36ea87924c11ff65dbcb8ed50dca58.png",
                "from_url": "https:\/\/uclax.bootcampcontent.com\/UCLA-Coding-Boot-Camp\/ucla-virt-fsf-pt-03-2020-u-lol\/blob\/master\/03-Week\/03-LectureSlides\/live-online-webdev-03-3-javascript-juggernauts.pdf",
                "thumb_width": 128,
                "thumb_height": 128,
                "service_icon": "https:\/\/uclax.bootcampcontent.com\/assets\/touch-icon-iphone-5a9cee0e8a51212e70b90c87c12f382c428870c0ff67d1eb034d884b78d2dae7.png",
                "id": 1,
                "original_url": "https:\/\/uclax.bootcampcontent.com\/UCLA-Coding-Boot-Camp\/ucla-virt-fsf-pt-03-2020-u-lol\/blob\/master\/03-Week\/03-LectureSlides\/live-online-webdev-03-3-javascript-juggernauts.pdf"
            }
        ],
        "blocks": [
            {
                "type": "rich_text",
                "block_id": "dCA4",
                "elements": [
                    {
                        "type": "rich_text_section",
                        "elements": [
                            {
                                "type": "link",
                                "url": "https:\/\/uclax.bootcampcontent.com\/UCLA-Coding-Boot-Camp\/ucla-virt-fsf-pt-03-2020-u-lol\/blob\/master\/03-Week\/03-LectureSlides\/live-online-webdev-03-3-javascript-juggernauts.pdf"
                            }
                        ]
                    }
                ]
            }
        ]
    }
]