[
    {
        "client_msg_id": "7f1f0f45-e57e-4a69-adb7-a030c7d49457",
        "type": "message",
        "text": "I can test",
        "user": "U010APCDU9F",
        "ts": "1585876607.100800",
        "team": "T0105GKDN1H",
        "user_team": "T0105GKDN1H",
        "source_team": "T0105GKDN1H",
        "user_profile": {
            "avatar_hash": "d44fbe708fa1",
            "image_72": "https:\/\/avatars.slack-edge.com\/2020-03-23\/1020879238357_d44fbe708fa1409cd3b9_72.jpg",
            "first_name": "",
            "real_name": "Eric Z",
            "display_name": "Eric Z",
            "team": "T0105GKDN1H",
            "name": "swissbizz88",
            "is_restricted": false,
            "is_ultra_restricted": false
        },
        "blocks": [
            {
                "type": "rich_text",
                "block_id": "Sfh3",
                "elements": [
                    {
                        "type": "rich_text_section",
                        "elements": [
                            {
                                "type": "text",
                                "text": "I can test"
                            }
                        ]
                    }
                ]
            }
        ],
        "thread_ts": "1585427409.073900",
        "parent_user_id": "U010APCDU9F"
    },
    {
        "client_msg_id": "d8b5e0ec-fa31-469b-b89e-c76b774cdefe",
        "type": "message",
        "text": "It was showing earlier?",
        "user": "U010APCDU9F",
        "ts": "1585876621.101000",
        "team": "T0105GKDN1H",
        "user_team": "T0105GKDN1H",
        "source_team": "T0105GKDN1H",
        "user_profile": {
            "avatar_hash": "d44fbe708fa1",
            "image_72": "https:\/\/avatars.slack-edge.com\/2020-03-23\/1020879238357_d44fbe708fa1409cd3b9_72.jpg",
            "first_name": "",
            "real_name": "Eric Z",
            "display_name": "Eric Z",
            "team": "T0105GKDN1H",
            "name": "swissbizz88",
            "is_restricted": false,
            "is_ultra_restricted": false
        },
        "blocks": [
            {
                "type": "rich_text",
                "block_id": "VCF2",
                "elements": [
                    {
                        "type": "rich_text_section",
                        "elements": [
                            {
                                "type": "text",
                                "text": "It was showing earlier?"
                            }
                        ]
                    }
                ]
            }
        ],
        "thread_ts": "1585427409.073900",
        "parent_user_id": "U010APCDU9F"
    },
    {
        "client_msg_id": "12b347c6-9c83-474d-9d83-47a10b56b2eb",
        "type": "message",
        "text": "eddiekim@Eddies-MacBook-Pro ~ % heroku -v\nheroku\/7.39.1 darwin-x64 node-v12.13.0\neddiekim@Eddies-MacBook-Pro ~ %\n\nyeah, it does show the version..\nsorry.. I just saw your msg",
        "user": "U010KG4F57W",
        "ts": "1585885467.101200",
        "team": "T0105GKDN1H",
        "user_team": "T0105GKDN1H",
        "source_team": "T0105GKDN1H",
        "user_profile": {
            "avatar_hash": "499eac0d340b",
            "image_72": "https:\/\/avatars.slack-edge.com\/2020-03-23\/1022568785783_499eac0d340bd5faa6c9_72.jpg",
            "first_name": "",
            "real_name": "Eddie Kim",
            "display_name": "Eddie Kim",
            "team": "T0105GKDN1H",
            "name": "eddienakkim",
            "is_restricted": false,
            "is_ultra_restricted": false
        },
        "blocks": [
            {
                "type": "rich_text",
                "block_id": "4iK",
                "elements": [
                    {
                        "type": "rich_text_section",
                        "elements": [
                            {
                                "type": "text",
                                "text": "eddiekim@Eddies-MacBook-Pro ~ % heroku -v\nheroku\/7.39.1 darwin-x64 node-v12.13.0\neddiekim@Eddies-MacBook-Pro ~ %\n\nyeah, it does show the version..\nsorry.. I just saw your msg"
                            }
                        ]
                    }
                ]
            }
        ],
        "thread_ts": "1585427431.074800",
        "parent_user_id": "U010KG4F57W"
    },
    {
        "client_msg_id": "752c73d6-46f8-4b53-8cd0-716a467fed75",
        "type": "message",
        "text": "and it still asks for my pw whenever I try to pull or push",
        "user": "U010KG4F57W",
        "ts": "1585885753.101400",
        "team": "T0105GKDN1H",
        "user_team": "T0105GKDN1H",
        "source_team": "T0105GKDN1H",
        "user_profile": {
            "avatar_hash": "499eac0d340b",
            "image_72": "https:\/\/avatars.slack-edge.com\/2020-03-23\/1022568785783_499eac0d340bd5faa6c9_72.jpg",
            "first_name": "",
            "real_name": "Eddie Kim",
            "display_name": "Eddie Kim",
            "team": "T0105GKDN1H",
            "name": "eddienakkim",
            "is_restricted": false,
            "is_ultra_restricted": false
        },
        "blocks": [
            {
                "type": "rich_text",
                "block_id": "8LX",
                "elements": [
                    {
                        "type": "rich_text_section",
                        "elements": [
                            {
                                "type": "text",
                                "text": "and it still asks for my pw whenever I try to pull or push"
                            }
                        ]
                    }
                ]
            }
        ],
        "thread_ts": "1585427431.074800",
        "parent_user_id": "U010KG4F57W"
    }
]