[
    {
        "client_msg_id": "8e1373b9-0ecb-4c42-9afa-3c547d4f47ef",
        "type": "message",
        "text": "I am sorry to ask (and I am sorry if this is the wrong room to be asking in) but do we have any reading or work to start on before the next class? I couldn't find anything on bootcamp, so I was assuming that (other than the rework) we do not?",
        "user": "U010L2Z8M7F",
        "ts": "1585502998.089900",
        "team": "T0105GKDN1H",
        "user_team": "T0105GKDN1H",
        "source_team": "T0105GKDN1H",
        "user_profile": {
            "avatar_hash": "d530d6a49334",
            "image_72": "https:\/\/avatars.slack-edge.com\/2020-03-23\/1010225799969_d530d6a493349354556a_72.jpg",
            "first_name": "",
            "real_name": "Mark Fullton",
            "display_name": "Mark Fullton",
            "team": "T0105GKDN1H",
            "name": "the.mark.fullton",
            "is_restricted": false,
            "is_ultra_restricted": false
        },
        "blocks": [
            {
                "type": "rich_text",
                "block_id": "Pjk",
                "elements": [
                    {
                        "type": "rich_text_section",
                        "elements": [
                            {
                                "type": "text",
                                "text": "I am sorry to ask (and I am sorry if this is the wrong room to be asking in) but do we have any reading or work to start on before the next class? I couldn't find anything on bootcamp, so I was assuming that (other than the rework) we do not?"
                            }
                        ]
                    }
                ]
            }
        ]
    },
    {
        "client_msg_id": "930BA2C0-B3CD-41BD-AA3B-107160EC2457",
        "type": "message",
        "text": "Apologies for missing class yesterday, anyone able to give me a quick rundown of what I missed?",
        "user": "U010LUDNEJU",
        "ts": "1585504937.091300",
        "team": "T0105GKDN1H",
        "user_team": "T0105GKDN1H",
        "source_team": "T0105GKDN1H",
        "user_profile": {
            "avatar_hash": "60a42db80d27",
            "image_72": "https:\/\/avatars.slack-edge.com\/2020-04-10\/1056102682051_60a42db80d27d72bc6b0_72.jpg",
            "first_name": "",
            "real_name": "Marc Martinez",
            "display_name": "Marc Martinez",
            "team": "T0105GKDN1H",
            "name": "marcmartinez987",
            "is_restricted": false,
            "is_ultra_restricted": false
        },
        "blocks": [
            {
                "type": "rich_text",
                "block_id": "kV6f",
                "elements": [
                    {
                        "type": "rich_text_section",
                        "elements": [
                            {
                                "type": "text",
                                "text": "Apologies for missing class yesterday, anyone able to give me a quick rundown of what I missed?"
                            }
                        ]
                    }
                ]
            }
        ]
    },
    {
        "client_msg_id": "10f7c01c-e072-4680-bac3-c0f6d0adbf11",
        "type": "message",
        "text": "I will do my best to get the video up asap.",
        "user": "U010Y90H4T0",
        "ts": "1585508551.092000",
        "team": "T0105GKDN1H",
        "user_team": "T0105GKDN1H",
        "source_team": "T0105GKDN1H",
        "user_profile": {
            "avatar_hash": "dab7da854ffb",
            "image_72": "https:\/\/avatars.slack-edge.com\/2020-03-27\/1017678411922_dab7da854ffb816e196d_72.jpg",
            "first_name": "Chris",
            "real_name": "Chris Murphy",
            "display_name": "Chris Murphy",
            "team": "T0105GKDN1H",
            "name": "christoph2005",
            "is_restricted": false,
            "is_ultra_restricted": false
        },
        "blocks": [
            {
                "type": "rich_text",
                "block_id": "Um\/",
                "elements": [
                    {
                        "type": "rich_text_section",
                        "elements": [
                            {
                                "type": "text",
                                "text": "I will do my best to get the video up asap."
                            }
                        ]
                    }
                ]
            }
        ],
        "reactions": [
            {
                "name": "+1",
                "users": [
                    "U010ACLHD0R",
                    "U010LUDNEJU",
                    "U010LEW7V2R",
                    "U010T8GS82C"
                ],
                "count": 4
            }
        ]
    },
    {
        "client_msg_id": "ba33342b-5d32-4f85-a174-b8b92665f235",
        "type": "message",
        "text": "Thank you, and again sorry for the absence.",
        "user": "U010LUDNEJU",
        "ts": "1585508591.092400",
        "team": "T0105GKDN1H",
        "user_team": "T0105GKDN1H",
        "source_team": "T0105GKDN1H",
        "user_profile": {
            "avatar_hash": "60a42db80d27",
            "image_72": "https:\/\/avatars.slack-edge.com\/2020-04-10\/1056102682051_60a42db80d27d72bc6b0_72.jpg",
            "first_name": "",
            "real_name": "Marc Martinez",
            "display_name": "Marc Martinez",
            "team": "T0105GKDN1H",
            "name": "marcmartinez987",
            "is_restricted": false,
            "is_ultra_restricted": false
        },
        "blocks": [
            {
                "type": "rich_text",
                "block_id": "52Z7",
                "elements": [
                    {
                        "type": "rich_text_section",
                        "elements": [
                            {
                                "type": "text",
                                "text": "Thank you, and again sorry for the absence."
                            }
                        ]
                    }
                ]
            }
        ]
    },
    {
        "client_msg_id": "e5e0b73f-3c35-4eb8-9f58-646b840cf2cd",
        "type": "message",
        "text": "looking forward to working with all of you:)",
        "user": "U010LUDNEJU",
        "ts": "1585508609.092700",
        "team": "T0105GKDN1H",
        "user_team": "T0105GKDN1H",
        "source_team": "T0105GKDN1H",
        "user_profile": {
            "avatar_hash": "60a42db80d27",
            "image_72": "https:\/\/avatars.slack-edge.com\/2020-04-10\/1056102682051_60a42db80d27d72bc6b0_72.jpg",
            "first_name": "",
            "real_name": "Marc Martinez",
            "display_name": "Marc Martinez",
            "team": "T0105GKDN1H",
            "name": "marcmartinez987",
            "is_restricted": false,
            "is_ultra_restricted": false
        },
        "blocks": [
            {
                "type": "rich_text",
                "block_id": "9o=",
                "elements": [
                    {
                        "type": "rich_text_section",
                        "elements": [
                            {
                                "type": "text",
                                "text": "looking forward to working with all of you:)"
                            }
                        ]
                    }
                ]
            }
        ]
    },
    {
        "client_msg_id": "8d5cd354-e2a7-4959-9f3e-32aefa0f224f",
        "type": "message",
        "text": "There are still many students who have not yet submitted their prework.\nPlease make sure you've submitted your prework assignments, and we'll inform you of any additional assignments as soon as we can.",
        "user": "U010Y90H4T0",
        "ts": "1585511080.095600",
        "team": "T0105GKDN1H",
        "user_team": "T0105GKDN1H",
        "source_team": "T0105GKDN1H",
        "user_profile": {
            "avatar_hash": "dab7da854ffb",
            "image_72": "https:\/\/avatars.slack-edge.com\/2020-03-27\/1017678411922_dab7da854ffb816e196d_72.jpg",
            "first_name": "Chris",
            "real_name": "Chris Murphy",
            "display_name": "Chris Murphy",
            "team": "T0105GKDN1H",
            "name": "christoph2005",
            "is_restricted": false,
            "is_ultra_restricted": false
        },
        "blocks": [
            {
                "type": "rich_text",
                "block_id": "c70",
                "elements": [
                    {
                        "type": "rich_text_section",
                        "elements": [
                            {
                                "type": "text",
                                "text": "There are still many students who have not yet submitted their prework.\nPlease make sure you've submitted your prework assignments, and we'll inform you of any additional assignments as soon as we can."
                            }
                        ]
                    }
                ]
            }
        ],
        "reactions": [
            {
                "name": "+1",
                "users": [
                    "U010ACLHD0R",
                    "U010T8GS82C"
                ],
                "count": 2
            }
        ]
    },
    {
        "client_msg_id": "8fdedaed-e384-48b0-9c66-30f3940124b7",
        "type": "message",
        "text": "anyone do the more challenging game in Scratch? I'm trying to make it so that when my falling object hits the floor, points\/lives get deducted. any ideas?",
        "user": "U0109GZP6HH",
        "ts": "1585518294.096100",
        "team": "T0105GKDN1H",
        "user_team": "T0105GKDN1H",
        "source_team": "T0105GKDN1H",
        "user_profile": {
            "avatar_hash": "dcfd7b601289",
            "image_72": "https:\/\/avatars.slack-edge.com\/2020-03-27\/1034775747879_dcfd7b601289e2bf7f73_72.jpg",
            "first_name": "",
            "real_name": "Jessica Vaiana-Cavanagh",
            "display_name": "Jessica Vaiana-Cavanagh",
            "team": "T0105GKDN1H",
            "name": "jessica.vaicav",
            "is_restricted": false,
            "is_ultra_restricted": false
        },
        "blocks": [
            {
                "type": "rich_text",
                "block_id": "3+ge",
                "elements": [
                    {
                        "type": "rich_text_section",
                        "elements": [
                            {
                                "type": "text",
                                "text": "anyone do the more challenging game in Scratch? I'm trying to make it so that when my falling object hits the floor, points\/lives get deducted. any ideas?"
                            }
                        ]
                    }
                ]
            }
        ]
    },
    {
        "client_msg_id": "7770f12b-592c-4e75-9597-d8be4f2a0d14",
        "type": "message",
        "text": "Was looking at the Intro to Whiteboarding module...\n\n\"*Conceptual Question Example*\n• From Glassdoor: \"During an interview I was asked if one robot was chasing another on a round playing field with a circular hole in the middle, and you can fall into the hole or off the edge, what would the algorithm be like to hunt down the fleeing robot?\"\n• Note that the question doesn't necessarily involve any kind of writing to solve the problem. Still, it's important to display and explain your thought process, even for non-code problems. We'll go over why later in the tutorial.\"",
        "user": "U010LJKUX44",
        "ts": "1585530832.097300",
        "team": "T0105GKDN1H",
        "user_team": "T0105GKDN1H",
        "source_team": "T0105GKDN1H",
        "user_profile": {
            "avatar_hash": "76dca6aade71",
            "image_72": "https:\/\/avatars.slack-edge.com\/2020-03-23\/1022739361382_76dca6aade71042586a7_72.png",
            "first_name": "",
            "real_name": "Hazel Kasusky",
            "display_name": "Hazel Kasusky",
            "team": "T0105GKDN1H",
            "name": "kasusky.music",
            "is_restricted": false,
            "is_ultra_restricted": false
        },
        "blocks": [
            {
                "type": "rich_text",
                "block_id": "aoq",
                "elements": [
                    {
                        "type": "rich_text_section",
                        "elements": [
                            {
                                "type": "text",
                                "text": "Was looking at the Intro to Whiteboarding module...\n\n\""
                            },
                            {
                                "type": "text",
                                "text": "Conceptual Question Example",
                                "style": {
                                    "bold": true
                                }
                            },
                            {
                                "type": "text",
                                "text": "\n"
                            }
                        ]
                    },
                    {
                        "type": "rich_text_list",
                        "elements": [
                            {
                                "type": "rich_text_section",
                                "elements": [
                                    {
                                        "type": "text",
                                        "text": "From Glassdoor: \"During an interview I was asked if one robot was chasing another on a round playing field with a circular hole in the middle, and you can fall into the hole or off the edge, what would the algorithm be like to hunt down the fleeing robot?\""
                                    }
                                ]
                            },
                            {
                                "type": "rich_text_section",
                                "elements": [
                                    {
                                        "type": "text",
                                        "text": "Note that the question doesn't necessarily involve any kind of writing to solve the problem. Still, it's important to display and explain your thought process, even for non-code problems. We'll go over why later in the tutorial.\""
                                    }
                                ]
                            }
                        ],
                        "style": "bullet",
                        "indent": 0
                    }
                ]
            }
        ]
    },
    {
        "type": "message",
        "subtype": "channel_name",
        "ts": "1585541899.097400",
        "user": "U010Y90H4T0",
        "text": "<@U010Y90H4T0> has renamed the channel from \"class-week-0\" to \"z-class-week-00\"",
        "old_name": "class-week-0",
        "name": "z-class-week-00"
    }
]