[
    {
        "client_msg_id": "acda2dd7-83da-4f08-9858-6b0054fdd633",
        "type": "message",
        "text": "I apologize for not getting the video of the class our earlier.\nThis has been a long weekend of Technical Difficulties\/Challenges.\nHere is the original video link from the class section, but is missing the office hours before and after class:\n<https:\/\/codingbootcamp.hosted.panopto.com\/Panopto\/Pages\/Viewer.aspx?id=7b6d754e-a3ef-46b5-8b41-ab8c0182a59c>\n\nI promise I will get these videos out faster in the future.\n\nLooking forward to seeing you all again tomorrow.\n\nBest,\n~CM",
        "user": "U010Y90H4T0",
        "ts": "1585637079.100000",
        "team": "T0105GKDN1H",
        "user_team": "T0105GKDN1H",
        "source_team": "T0105GKDN1H",
        "user_profile": {
            "avatar_hash": "dab7da854ffb",
            "image_72": "https:\/\/avatars.slack-edge.com\/2020-03-27\/1017678411922_dab7da854ffb816e196d_72.jpg",
            "first_name": "Chris",
            "real_name": "Chris Murphy",
            "display_name": "Chris Murphy",
            "team": "T0105GKDN1H",
            "name": "christoph2005",
            "is_restricted": false,
            "is_ultra_restricted": false
        },
        "attachments": [
            {
                "service_name": "Panopto",
                "title": "Main Classroom",
                "title_link": "https:\/\/codingbootcamp.hosted.panopto.com\/Panopto\/Pages\/Viewer.aspx?id=7b6d754e-a3ef-46b5-8b41-ab8c0182a59c",
                "text": "Main Classroom",
                "fallback": "Panopto: Main Classroom",
                "thumb_url": "https:\/\/codingbootcamp.hosted.panopto.com\/Panopto\/Services\/FrameGrabber.svc\/FrameRedirect?objectId=7b6d754e-a3ef-46b5-8b41-ab8c0182a59c&mode=Delivery&random=0.434191356149591&usePng=False",
                "video_html_width": 800,
                "video_html_height": 600,
                "video_url": "https:\/\/codingbootcamp.hosted.panopto.com\/Panopto\/Podcast\/Social\/7b6d754e-a3ef-46b5-8b41-ab8c0182a59c.mp4?mediaTargetType=videoPodcast",
                "from_url": "https:\/\/codingbootcamp.hosted.panopto.com\/Panopto\/Pages\/Viewer.aspx?id=7b6d754e-a3ef-46b5-8b41-ab8c0182a59c",
                "thumb_width": 740,
                "thumb_height": 416,
                "id": 1,
                "original_url": "https:\/\/codingbootcamp.hosted.panopto.com\/Panopto\/Pages\/Viewer.aspx?id=7b6d754e-a3ef-46b5-8b41-ab8c0182a59c"
            }
        ],
        "blocks": [
            {
                "type": "rich_text",
                "block_id": "9LEuf",
                "elements": [
                    {
                        "type": "rich_text_section",
                        "elements": [
                            {
                                "type": "text",
                                "text": "I apologize for not getting the video of the class our earlier.\nThis has been a long weekend of Technical Difficulties\/Challenges.\nHere is the original video link from the class section, but is missing the office hours before and after class:\n"
                            },
                            {
                                "type": "link",
                                "url": "https:\/\/codingbootcamp.hosted.panopto.com\/Panopto\/Pages\/Viewer.aspx?id=7b6d754e-a3ef-46b5-8b41-ab8c0182a59c"
                            },
                            {
                                "type": "text",
                                "text": "\n\nI promise I will get these videos out faster in the future.\n\nLooking forward to seeing you all again tomorrow.\n\nBest,\n~CM"
                            }
                        ]
                    }
                ]
            }
        ]
    }
]