[
    {
        "client_msg_id": "42b83d2c-e7d7-4e0d-ae96-7fabddf6eefa",
        "type": "message",
        "text": "Shout Outs!\n\nTo all my TA's doing a fantastic job of keeping the class organized, on top of answers, and relevant resources!\n• <@U010LEW7V2R>, <@U010ACLHD0R>, <@U010LEW4XPX> !\nTo <@U010LRKMSKX> for sharing the *Gitlab Private Class Repo* with the class and where to find the information on how to connect!\n\nTo <@U010LJ07DTN> for helping out with answers during class!",
        "user": "U010Y90H4T0",
        "ts": "1585742503.019600",
        "team": "T0105GKDN1H",
        "user_team": "T0105GKDN1H",
        "source_team": "T0105GKDN1H",
        "user_profile": {
            "avatar_hash": "dab7da854ffb",
            "image_72": "https:\/\/avatars.slack-edge.com\/2020-03-27\/1017678411922_dab7da854ffb816e196d_72.jpg",
            "first_name": "Chris",
            "real_name": "Chris Murphy",
            "display_name": "Chris Murphy",
            "team": "T0105GKDN1H",
            "name": "christoph2005",
            "is_restricted": false,
            "is_ultra_restricted": false
        },
        "blocks": [
            {
                "type": "rich_text",
                "block_id": "vwo",
                "elements": [
                    {
                        "type": "rich_text_section",
                        "elements": [
                            {
                                "type": "text",
                                "text": "Shout Outs!\n\nTo all my TA's doing a fantastic job of keeping the class organized, on top of answers, and relevant resources!\n"
                            }
                        ]
                    },
                    {
                        "type": "rich_text_list",
                        "elements": [
                            {
                                "type": "rich_text_section",
                                "elements": [
                                    {
                                        "type": "user",
                                        "user_id": "U010LEW7V2R"
                                    },
                                    {
                                        "type": "text",
                                        "text": ", "
                                    },
                                    {
                                        "type": "user",
                                        "user_id": "U010ACLHD0R"
                                    },
                                    {
                                        "type": "text",
                                        "text": ", "
                                    },
                                    {
                                        "type": "user",
                                        "user_id": "U010LEW4XPX"
                                    },
                                    {
                                        "type": "text",
                                        "text": " !"
                                    }
                                ]
                            }
                        ],
                        "style": "bullet",
                        "indent": 0
                    },
                    {
                        "type": "rich_text_section",
                        "elements": [
                            {
                                "type": "text",
                                "text": "\nTo "
                            },
                            {
                                "type": "user",
                                "user_id": "U010LRKMSKX"
                            },
                            {
                                "type": "text",
                                "text": " for sharing the "
                            },
                            {
                                "type": "text",
                                "text": "Gitlab Private Class Repo ",
                                "style": {
                                    "bold": true
                                }
                            },
                            {
                                "type": "text",
                                "text": "with the class and where to find the information on how to connect!\n\nTo "
                            },
                            {
                                "type": "user",
                                "user_id": "U010LJ07DTN"
                            },
                            {
                                "type": "text",
                                "text": " for helping out with answers during class!"
                            }
                        ]
                    }
                ]
            }
        ],
        "thread_ts": "1585742503.019600",
        "reply_count": 1,
        "reply_users_count": 1,
        "latest_reply": "1585763270.019700",
        "reply_users": [
            "U010LEW4XPX"
        ],
        "replies": [
            {
                "user": "U010LEW4XPX",
                "ts": "1585763270.019700"
            }
        ],
        "subscribed": false,
        "reactions": [
            {
                "name": "+1",
                "users": [
                    "U010ACLHD0R"
                ],
                "count": 1
            }
        ]
    },
    {
        "client_msg_id": "6c60236a-d2d5-406d-8607-0bd01f145169",
        "type": "message",
        "text": "Thank you! I appreciate that!!",
        "user": "U010LEW4XPX",
        "ts": "1585763270.019700",
        "team": "T0105GKDN1H",
        "user_team": "T0105GKDN1H",
        "source_team": "T0105GKDN1H",
        "user_profile": {
            "avatar_hash": "g15b31306bf8",
            "image_72": "https:\/\/secure.gravatar.com\/avatar\/15b31306bf891aa1da33301277c37bc4.jpg?s=72&d=https%3A%2F%2Fa.slack-edge.com%2Fdf10d%2Fimg%2Favatars%2Fava_0008-72.png",
            "first_name": "",
            "real_name": "michaelpopedeveloper",
            "display_name": "michaelpopedeveloper",
            "team": "T0105GKDN1H",
            "name": "michaelpopedeveloper",
            "is_restricted": false,
            "is_ultra_restricted": false
        },
        "blocks": [
            {
                "type": "rich_text",
                "block_id": "Bo3N",
                "elements": [
                    {
                        "type": "rich_text_section",
                        "elements": [
                            {
                                "type": "text",
                                "text": "Thank you! I appreciate that!!"
                            }
                        ]
                    }
                ]
            }
        ],
        "thread_ts": "1585742503.019600",
        "parent_user_id": "U010Y90H4T0",
        "reactions": [
            {
                "name": "+1",
                "users": [
                    "U010Y90H4T0"
                ],
                "count": 1
            }
        ]
    },
    {
        "client_msg_id": "9806500f-3ee9-4cb1-a1a9-c83969b8f975",
        "type": "message",
        "text": "Shout out to class instructor <@U010Y90H4T0> for leading class and helping students!",
        "user": "U010LEW4XPX",
        "ts": "1585763354.020500",
        "team": "T0105GKDN1H",
        "user_team": "T0105GKDN1H",
        "source_team": "T0105GKDN1H",
        "user_profile": {
            "avatar_hash": "g15b31306bf8",
            "image_72": "https:\/\/secure.gravatar.com\/avatar\/15b31306bf891aa1da33301277c37bc4.jpg?s=72&d=https%3A%2F%2Fa.slack-edge.com%2Fdf10d%2Fimg%2Favatars%2Fava_0008-72.png",
            "first_name": "",
            "real_name": "michaelpopedeveloper",
            "display_name": "michaelpopedeveloper",
            "team": "T0105GKDN1H",
            "name": "michaelpopedeveloper",
            "is_restricted": false,
            "is_ultra_restricted": false
        },
        "blocks": [
            {
                "type": "rich_text",
                "block_id": "RxA7W",
                "elements": [
                    {
                        "type": "rich_text_section",
                        "elements": [
                            {
                                "type": "text",
                                "text": "Shout out to class instructor "
                            },
                            {
                                "type": "user",
                                "user_id": "U010Y90H4T0"
                            },
                            {
                                "type": "text",
                                "text": " for leading class and helping students!"
                            }
                        ]
                    }
                ]
            }
        ],
        "reactions": [
            {
                "name": "star",
                "users": [
                    "U010ACLHD0R",
                    "U010Y90H4T0"
                ],
                "count": 2
            },
            {
                "name": "+1",
                "users": [
                    "U010AJPBC3B"
                ],
                "count": 1
            }
        ]
    },
    {
        "client_msg_id": "d01fc494-5202-486b-82cd-9e49143f2153",
        "type": "message",
        "text": "Shout out <@U010L2Z8M7F> for helping other students with questions!",
        "user": "U010LEW4XPX",
        "ts": "1585763412.021200",
        "team": "T0105GKDN1H",
        "user_team": "T0105GKDN1H",
        "source_team": "T0105GKDN1H",
        "user_profile": {
            "avatar_hash": "g15b31306bf8",
            "image_72": "https:\/\/secure.gravatar.com\/avatar\/15b31306bf891aa1da33301277c37bc4.jpg?s=72&d=https%3A%2F%2Fa.slack-edge.com%2Fdf10d%2Fimg%2Favatars%2Fava_0008-72.png",
            "first_name": "",
            "real_name": "michaelpopedeveloper",
            "display_name": "michaelpopedeveloper",
            "team": "T0105GKDN1H",
            "name": "michaelpopedeveloper",
            "is_restricted": false,
            "is_ultra_restricted": false
        },
        "blocks": [
            {
                "type": "rich_text",
                "block_id": "vHM8k",
                "elements": [
                    {
                        "type": "rich_text_section",
                        "elements": [
                            {
                                "type": "text",
                                "text": "Shout out "
                            },
                            {
                                "type": "user",
                                "user_id": "U010L2Z8M7F"
                            },
                            {
                                "type": "text",
                                "text": " for helping other students with questions!"
                            }
                        ]
                    }
                ]
            }
        ],
        "reactions": [
            {
                "name": "star",
                "users": [
                    "U010ACLHD0R",
                    "U010Y90H4T0",
                    "U010LEW7V2R"
                ],
                "count": 3
            }
        ]
    }
]