[
    {
        "client_msg_id": "7e49fe58-fa1f-4a01-a78b-419387e68b2a",
        "type": "message",
        "text": "SO to <@U010AJPBC3B> for coming in clutch with syntax",
        "user": "U010LJKUX44",
        "ts": "1587088734.103000",
        "team": "T0105GKDN1H",
        "user_team": "T0105GKDN1H",
        "source_team": "T0105GKDN1H",
        "user_profile": {
            "avatar_hash": "76dca6aade71",
            "image_72": "https:\/\/avatars.slack-edge.com\/2020-03-23\/1022739361382_76dca6aade71042586a7_72.png",
            "first_name": "",
            "real_name": "Hazel Kasusky",
            "display_name": "Hazel Kasusky",
            "team": "T0105GKDN1H",
            "name": "kasusky.music",
            "is_restricted": false,
            "is_ultra_restricted": false
        },
        "blocks": [
            {
                "type": "rich_text",
                "block_id": "9XiW",
                "elements": [
                    {
                        "type": "rich_text_section",
                        "elements": [
                            {
                                "type": "text",
                                "text": "SO to "
                            },
                            {
                                "type": "user",
                                "user_id": "U010AJPBC3B"
                            },
                            {
                                "type": "text",
                                "text": " for coming in clutch with syntax"
                            }
                        ]
                    }
                ]
            }
        ],
        "reactions": [
            {
                "name": "grinning",
                "users": [
                    "U010AJPBC3B",
                    "U010ACLHD0R",
                    "U010LEW4XPX"
                ],
                "count": 3
            },
            {
                "name": "heart",
                "users": [
                    "U010L2Z8M7F"
                ],
                "count": 1
            }
        ]
    },
    {
        "client_msg_id": "344b02e4-3c61-4895-abf1-0bb8a38a82d3",
        "type": "message",
        "text": "shoutout to matthew for pointing out shortcut for commenting out in windows  Ctrl + \/",
        "user": "U010PSR7BT6",
        "ts": "1587091373.104700",
        "team": "T0105GKDN1H",
        "user_team": "T0105GKDN1H",
        "source_team": "T0105GKDN1H",
        "user_profile": {
            "avatar_hash": "e3038105be99",
            "image_72": "https:\/\/avatars.slack-edge.com\/2020-03-27\/1031035067156_e3038105be99732f1919_72.jpg",
            "first_name": "",
            "real_name": "Joseph Shapiro",
            "display_name": "Joseph Shapiro",
            "team": "T0105GKDN1H",
            "name": "joevshapiro",
            "is_restricted": false,
            "is_ultra_restricted": false
        },
        "blocks": [
            {
                "type": "rich_text",
                "block_id": "whmA",
                "elements": [
                    {
                        "type": "rich_text_section",
                        "elements": [
                            {
                                "type": "text",
                                "text": "shoutout to matthew for pointing out shortcut for commenting out in windows  Ctrl + \/"
                            }
                        ]
                    }
                ]
            }
        ],
        "reactions": [
            {
                "name": "+1",
                "users": [
                    "U010AJPBC3B",
                    "U010ACLHD0R"
                ],
                "count": 2
            },
            {
                "name": "dart",
                "users": [
                    "U010Y90H4T0"
                ],
                "count": 1
            }
        ]
    },
    {
        "client_msg_id": "6ee35ff4-e7d7-4e64-bd86-cdbedccffc73",
        "type": "message",
        "text": "Shout out to <@U010LEW7V2R> for helping us fix our attendance! Thank you!",
        "user": "U010L2Z8M7F",
        "ts": "1587091610.105600",
        "team": "T0105GKDN1H",
        "user_team": "T0105GKDN1H",
        "source_team": "T0105GKDN1H",
        "user_profile": {
            "avatar_hash": "d530d6a49334",
            "image_72": "https:\/\/avatars.slack-edge.com\/2020-03-23\/1010225799969_d530d6a493349354556a_72.jpg",
            "first_name": "",
            "real_name": "Mark Fullton",
            "display_name": "Mark Fullton",
            "team": "T0105GKDN1H",
            "name": "the.mark.fullton",
            "is_restricted": false,
            "is_ultra_restricted": false
        },
        "blocks": [
            {
                "type": "rich_text",
                "block_id": "61t",
                "elements": [
                    {
                        "type": "rich_text_section",
                        "elements": [
                            {
                                "type": "text",
                                "text": "Shout out to "
                            },
                            {
                                "type": "user",
                                "user_id": "U010LEW7V2R"
                            },
                            {
                                "type": "text",
                                "text": " for helping us fix our attendance! Thank you!"
                            }
                        ]
                    }
                ]
            }
        ],
        "reactions": [
            {
                "name": "party_parrot",
                "users": [
                    "U010ACLHD0R",
                    "U0107MTT526"
                ],
                "count": 2
            },
            {
                "name": "+1",
                "users": [
                    "U010AJPBC3B",
                    "U010LEW7V2R"
                ],
                "count": 2
            },
            {
                "name": "star2",
                "users": [
                    "U010Y90H4T0"
                ],
                "count": 1
            }
        ]
    },
    {
        "client_msg_id": "bd18da3f-c52b-463d-a2a0-c35cc2a72113",
        "type": "message",
        "text": "Shout out to <@U010LJKUX44> <@U010M34SKMK> <@U010AFPTJP3> for knocking out the Rock, Paper, Scissors activity!!!! :tada:",
        "user": "U010LEW4XPX",
        "ts": "1587098201.108100",
        "team": "T0105GKDN1H",
        "user_team": "T0105GKDN1H",
        "source_team": "T0105GKDN1H",
        "user_profile": {
            "avatar_hash": "g15b31306bf8",
            "image_72": "https:\/\/secure.gravatar.com\/avatar\/15b31306bf891aa1da33301277c37bc4.jpg?s=72&d=https%3A%2F%2Fa.slack-edge.com%2Fdf10d%2Fimg%2Favatars%2Fava_0008-72.png",
            "first_name": "",
            "real_name": "michaelpopedeveloper",
            "display_name": "michaelpopedeveloper",
            "team": "T0105GKDN1H",
            "name": "michaelpopedeveloper",
            "is_restricted": false,
            "is_ultra_restricted": false
        },
        "blocks": [
            {
                "type": "rich_text",
                "block_id": "uI=",
                "elements": [
                    {
                        "type": "rich_text_section",
                        "elements": [
                            {
                                "type": "text",
                                "text": "Shout out to "
                            },
                            {
                                "type": "user",
                                "user_id": "U010LJKUX44"
                            },
                            {
                                "type": "text",
                                "text": " "
                            },
                            {
                                "type": "user",
                                "user_id": "U010M34SKMK"
                            },
                            {
                                "type": "text",
                                "text": " "
                            },
                            {
                                "type": "user",
                                "user_id": "U010AFPTJP3"
                            },
                            {
                                "type": "text",
                                "text": " for knocking out the Rock, Paper, Scissors activity!!!! "
                            },
                            {
                                "type": "emoji",
                                "name": "tada"
                            }
                        ]
                    }
                ]
            }
        ],
        "reactions": [
            {
                "name": "heart",
                "users": [
                    "U010LJKUX44"
                ],
                "count": 1
            },
            {
                "name": "100",
                "users": [
                    "U010Y90H4T0"
                ],
                "count": 1
            }
        ]
    },
    {
        "client_msg_id": "c2507c58-2935-4c40-9570-feeb790e2eb4",
        "type": "message",
        "text": "SO to <@U010LEW4XPX> for suggesting `document.querySelector`  in the game",
        "user": "U010LJKUX44",
        "ts": "1587098678.109200",
        "team": "T0105GKDN1H",
        "user_team": "T0105GKDN1H",
        "source_team": "T0105GKDN1H",
        "user_profile": {
            "avatar_hash": "76dca6aade71",
            "image_72": "https:\/\/avatars.slack-edge.com\/2020-03-23\/1022739361382_76dca6aade71042586a7_72.png",
            "first_name": "",
            "real_name": "Hazel Kasusky",
            "display_name": "Hazel Kasusky",
            "team": "T0105GKDN1H",
            "name": "kasusky.music",
            "is_restricted": false,
            "is_ultra_restricted": false
        },
        "blocks": [
            {
                "type": "rich_text",
                "block_id": "d5vdP",
                "elements": [
                    {
                        "type": "rich_text_section",
                        "elements": [
                            {
                                "type": "text",
                                "text": "SO to "
                            },
                            {
                                "type": "user",
                                "user_id": "U010LEW4XPX"
                            },
                            {
                                "type": "text",
                                "text": " for suggesting "
                            },
                            {
                                "type": "text",
                                "text": "document.querySelector",
                                "style": {
                                    "code": true
                                }
                            },
                            {
                                "type": "text",
                                "text": "  in the game"
                            }
                        ]
                    }
                ]
            }
        ],
        "reactions": [
            {
                "name": "+1",
                "users": [
                    "U010AFPTJP3",
                    "U010T8GS82C"
                ],
                "count": 2
            },
            {
                "name": "grin",
                "users": [
                    "U010LEW4XPX"
                ],
                "count": 1
            }
        ]
    },
    {
        "client_msg_id": "f39b63c4-61d9-4dfd-9f94-23f9663c9ba7",
        "type": "message",
        "text": "SO to <@U010PSR7BT6> for helping out his fellow Joseph and taking the lead in many of our Breakout Rooms sessions tonight!!",
        "user": "U010LEW7V2R",
        "ts": "1587098839.109700",
        "team": "T0105GKDN1H",
        "user_team": "T0105GKDN1H",
        "source_team": "T0105GKDN1H",
        "user_profile": {
            "avatar_hash": "d3ca0dce327c",
            "image_72": "https:\/\/avatars.slack-edge.com\/2020-03-23\/1020683219136_d3ca0dce327cf88e2c77_72.jpg",
            "first_name": "Stacy",
            "real_name": "Stacy Keown",
            "display_name": "Stacy Keown",
            "team": "T0105GKDN1H",
            "name": "code",
            "is_restricted": false,
            "is_ultra_restricted": false
        },
        "blocks": [
            {
                "type": "rich_text",
                "block_id": "Apk",
                "elements": [
                    {
                        "type": "rich_text_section",
                        "elements": [
                            {
                                "type": "text",
                                "text": "SO to "
                            },
                            {
                                "type": "user",
                                "user_id": "U010PSR7BT6"
                            },
                            {
                                "type": "text",
                                "text": " for helping out his fellow Joseph and taking the lead in many of our Breakout Rooms sessions tonight!!"
                            }
                        ]
                    }
                ]
            }
        ],
        "reactions": [
            {
                "name": "+1",
                "users": [
                    "U010AJPBC3B"
                ],
                "count": 1
            },
            {
                "name": "grinning",
                "users": [
                    "U010PSR7BT6"
                ],
                "count": 1
            }
        ]
    },
    {
        "client_msg_id": "b3086fa3-10d0-466d-b2d0-d4351324e8e2",
        "type": "message",
        "text": "SO to <@U0107MTT526>, <@U010APCDU9F>, and <@U010KG4F57W> for working through the RPS activity from the ground up!! Learning about Math.random() and document.onkeyup without the starter code. Totally my bad for not pointing out the starter code :upside_down_face: The rest of it will be cake! You guys are MVPs!!!",
        "user": "U010LEW7V2R",
        "ts": "1587098982.111800",
        "team": "T0105GKDN1H",
        "user_team": "T0105GKDN1H",
        "source_team": "T0105GKDN1H",
        "user_profile": {
            "avatar_hash": "d3ca0dce327c",
            "image_72": "https:\/\/avatars.slack-edge.com\/2020-03-23\/1020683219136_d3ca0dce327cf88e2c77_72.jpg",
            "first_name": "Stacy",
            "real_name": "Stacy Keown",
            "display_name": "Stacy Keown",
            "team": "T0105GKDN1H",
            "name": "code",
            "is_restricted": false,
            "is_ultra_restricted": false
        },
        "blocks": [
            {
                "type": "rich_text",
                "block_id": "HDuo",
                "elements": [
                    {
                        "type": "rich_text_section",
                        "elements": [
                            {
                                "type": "text",
                                "text": "SO to "
                            },
                            {
                                "type": "user",
                                "user_id": "U0107MTT526"
                            },
                            {
                                "type": "text",
                                "text": ", "
                            },
                            {
                                "type": "user",
                                "user_id": "U010APCDU9F"
                            },
                            {
                                "type": "text",
                                "text": ", and "
                            },
                            {
                                "type": "user",
                                "user_id": "U010KG4F57W"
                            },
                            {
                                "type": "text",
                                "text": " for working through the RPS activity from the ground up!! Learning about Math.random() and document.onkeyup without the starter code. Totally my bad for not pointing out the starter code "
                            },
                            {
                                "type": "emoji",
                                "name": "upside_down_face"
                            },
                            {
                                "type": "text",
                                "text": " The rest of it will be cake! You guys are MVPs!!!"
                            }
                        ]
                    }
                ]
            }
        ],
        "reactions": [
            {
                "name": "+1",
                "users": [
                    "U010AJPBC3B",
                    "U0107MTT526",
                    "U010LJKUX44",
                    "U010KG4F57W"
                ],
                "count": 4
            }
        ]
    }
]