[
    {
        "client_msg_id": "8803ec2a-2899-4725-aa97-d067e3802d0e",
        "type": "message",
        "text": "Big shout out to <@U010AJPBC3B> for sharing additional info with the class and clarifying everyone's questions thoroughly in the slack channel!",
        "user": "U010Y90H4T0",
        "ts": "1585907606.038700",
        "team": "T0105GKDN1H",
        "user_team": "T0105GKDN1H",
        "source_team": "T0105GKDN1H",
        "user_profile": {
            "avatar_hash": "dab7da854ffb",
            "image_72": "https:\/\/avatars.slack-edge.com\/2020-03-27\/1017678411922_dab7da854ffb816e196d_72.jpg",
            "first_name": "Chris",
            "real_name": "Chris Murphy",
            "display_name": "Chris Murphy",
            "team": "T0105GKDN1H",
            "name": "christoph2005",
            "is_restricted": false,
            "is_ultra_restricted": false
        },
        "blocks": [
            {
                "type": "rich_text",
                "block_id": "gRpk",
                "elements": [
                    {
                        "type": "rich_text_section",
                        "elements": [
                            {
                                "type": "text",
                                "text": "Big shout out to "
                            },
                            {
                                "type": "user",
                                "user_id": "U010AJPBC3B"
                            },
                            {
                                "type": "text",
                                "text": " for sharing additional info with the class and clarifying everyone's questions thoroughly in the slack channel!"
                            }
                        ]
                    }
                ]
            }
        ],
        "reactions": [
            {
                "name": "star",
                "users": [
                    "U010ACLHD0R",
                    "U010Y90H4T0"
                ],
                "count": 2
            },
            {
                "name": "grin",
                "users": [
                    "U010AJPBC3B"
                ],
                "count": 1
            }
        ]
    },
    {
        "client_msg_id": "b2fafe73-225d-4e3c-9334-fdff44b1524c",
        "type": "message",
        "text": "Shout out to <@U010Z0MUSN4> for making it today. If you have any questions still left unanswered, we're available at any time and immediately during office hours.",
        "user": "U010Y90H4T0",
        "ts": "1585907903.041400",
        "team": "T0105GKDN1H",
        "user_team": "T0105GKDN1H",
        "source_team": "T0105GKDN1H",
        "user_profile": {
            "avatar_hash": "dab7da854ffb",
            "image_72": "https:\/\/avatars.slack-edge.com\/2020-03-27\/1017678411922_dab7da854ffb816e196d_72.jpg",
            "first_name": "Chris",
            "real_name": "Chris Murphy",
            "display_name": "Chris Murphy",
            "team": "T0105GKDN1H",
            "name": "christoph2005",
            "is_restricted": false,
            "is_ultra_restricted": false
        },
        "blocks": [
            {
                "type": "rich_text",
                "block_id": "DtB",
                "elements": [
                    {
                        "type": "rich_text_section",
                        "elements": [
                            {
                                "type": "text",
                                "text": "Shout out to "
                            },
                            {
                                "type": "user",
                                "user_id": "U010Z0MUSN4"
                            },
                            {
                                "type": "text",
                                "text": " for making it today. If you have any questions still left unanswered, we're available at any time and immediately during office hours."
                            }
                        ]
                    }
                ]
            }
        ],
        "reactions": [
            {
                "name": "star",
                "users": [
                    "U010ACLHD0R",
                    "U010Y90H4T0"
                ],
                "count": 2
            }
        ]
    }
]