[
    {
        "client_msg_id": "3f5c6f60-bebf-4cd5-9a87-646271b83ade",
        "type": "message",
        "text": "Shout out to <@U010T8GS82C> for walking through the in-class activity!!",
        "user": "U010LEW4XPX",
        "ts": "1586487825.079200",
        "team": "T0105GKDN1H",
        "user_team": "T0105GKDN1H",
        "source_team": "T0105GKDN1H",
        "user_profile": {
            "avatar_hash": "g15b31306bf8",
            "image_72": "https:\/\/secure.gravatar.com\/avatar\/15b31306bf891aa1da33301277c37bc4.jpg?s=72&d=https%3A%2F%2Fa.slack-edge.com%2Fdf10d%2Fimg%2Favatars%2Fava_0008-72.png",
            "first_name": "",
            "real_name": "michaelpopedeveloper",
            "display_name": "michaelpopedeveloper",
            "team": "T0105GKDN1H",
            "name": "michaelpopedeveloper",
            "is_restricted": false,
            "is_ultra_restricted": false
        },
        "blocks": [
            {
                "type": "rich_text",
                "block_id": "9Mn",
                "elements": [
                    {
                        "type": "rich_text_section",
                        "elements": [
                            {
                                "type": "text",
                                "text": "Shout out to "
                            },
                            {
                                "type": "user",
                                "user_id": "U010T8GS82C"
                            },
                            {
                                "type": "text",
                                "text": " for walking through the in-class activity!!"
                            }
                        ]
                    }
                ]
            }
        ],
        "reactions": [
            {
                "name": "star",
                "users": [
                    "U010ACLHD0R",
                    "U010KG4F57W"
                ],
                "count": 2
            }
        ]
    },
    {
        "client_msg_id": "c109aca6-7d69-478b-9547-23d759df62d2",
        "type": "message",
        "text": "SO <@U010ACLHD0R> for providing useful context to psuedo-classes.",
        "user": "U01086WUV5Y",
        "ts": "1586487998.080400",
        "team": "T0105GKDN1H",
        "user_team": "T0105GKDN1H",
        "source_team": "T0105GKDN1H",
        "user_profile": {
            "avatar_hash": "dbd0fdef4a3e",
            "image_72": "https:\/\/avatars.slack-edge.com\/2020-03-23\/1021057228709_dbd0fdef4a3eff468eb3_72.jpg",
            "first_name": "",
            "real_name": "Jeff Turner",
            "display_name": "Jeff Turner",
            "team": "T0105GKDN1H",
            "name": "turner7350",
            "is_restricted": false,
            "is_ultra_restricted": false
        },
        "blocks": [
            {
                "type": "rich_text",
                "block_id": "SYT0Y",
                "elements": [
                    {
                        "type": "rich_text_section",
                        "elements": [
                            {
                                "type": "text",
                                "text": "SO "
                            },
                            {
                                "type": "user",
                                "user_id": "U010ACLHD0R"
                            },
                            {
                                "type": "text",
                                "text": " for providing useful context to psuedo-classes."
                            }
                        ]
                    }
                ]
            }
        ],
        "reactions": [
            {
                "name": "+1",
                "users": [
                    "U010ACLHD0R",
                    "U010KG4F57W"
                ],
                "count": 2
            }
        ]
    },
    {
        "client_msg_id": "3b5ed1f5-b3b6-4a32-af9e-170b209586be",
        "type": "message",
        "text": "Shoutout <@U010Y90H4T0> and <@U010LEW4XPX> for helping me better explain daily use-cases for `:focus` !",
        "user": "U010ACLHD0R",
        "ts": "1586488220.081700",
        "team": "T0105GKDN1H",
        "user_team": "T0105GKDN1H",
        "source_team": "T0105GKDN1H",
        "user_profile": {
            "avatar_hash": "8c72eaca43ae",
            "image_72": "https:\/\/avatars.slack-edge.com\/2020-03-23\/1009675401811_8c72eaca43ae720843dc_72.png",
            "first_name": "Matthew",
            "real_name": "Matthew Bub",
            "display_name": "Matthew Bub",
            "team": "T0105GKDN1H",
            "name": "6matbub",
            "is_restricted": false,
            "is_ultra_restricted": false
        },
        "blocks": [
            {
                "type": "rich_text",
                "block_id": "dPb",
                "elements": [
                    {
                        "type": "rich_text_section",
                        "elements": [
                            {
                                "type": "text",
                                "text": "Shoutout "
                            },
                            {
                                "type": "user",
                                "user_id": "U010Y90H4T0"
                            },
                            {
                                "type": "text",
                                "text": " and "
                            },
                            {
                                "type": "user",
                                "user_id": "U010LEW4XPX"
                            },
                            {
                                "type": "text",
                                "text": " for helping me better explain daily use-cases for "
                            },
                            {
                                "type": "text",
                                "text": ":focus",
                                "style": {
                                    "code": true
                                }
                            },
                            {
                                "type": "text",
                                "text": " !"
                            }
                        ]
                    }
                ]
            }
        ],
        "reactions": [
            {
                "name": "grin",
                "users": [
                    "U010LEW4XPX",
                    "U010KG4F57W",
                    "U010ACLHD0R"
                ],
                "count": 3
            }
        ]
    },
    {
        "client_msg_id": "f0f4e6f0-c9de-4cab-9d92-e80089e59d31",
        "type": "message",
        "text": "Another huge shout out <@U010LRKMSKX> and <@U010AP9JH4Z> for finding the CSS!",
        "user": "U010ACLHD0R",
        "ts": "1586488914.083100",
        "team": "T0105GKDN1H",
        "user_team": "T0105GKDN1H",
        "source_team": "T0105GKDN1H",
        "user_profile": {
            "avatar_hash": "8c72eaca43ae",
            "image_72": "https:\/\/avatars.slack-edge.com\/2020-03-23\/1009675401811_8c72eaca43ae720843dc_72.png",
            "first_name": "Matthew",
            "real_name": "Matthew Bub",
            "display_name": "Matthew Bub",
            "team": "T0105GKDN1H",
            "name": "6matbub",
            "is_restricted": false,
            "is_ultra_restricted": false
        },
        "edited": {
            "user": "U010ACLHD0R",
            "ts": "1586488924.000000"
        },
        "blocks": [
            {
                "type": "rich_text",
                "block_id": "LA=",
                "elements": [
                    {
                        "type": "rich_text_section",
                        "elements": [
                            {
                                "type": "text",
                                "text": "Another huge shout out "
                            },
                            {
                                "type": "user",
                                "user_id": "U010LRKMSKX"
                            },
                            {
                                "type": "text",
                                "text": " and "
                            },
                            {
                                "type": "user",
                                "user_id": "U010AP9JH4Z"
                            },
                            {
                                "type": "text",
                                "text": " for finding the CSS!"
                            }
                        ]
                    }
                ]
            }
        ],
        "reactions": [
            {
                "name": "+1",
                "users": [
                    "U010KG4F57W",
                    "U010ACLHD0R"
                ],
                "count": 2
            }
        ]
    },
    {
        "client_msg_id": "30e57051-7d73-4532-a311-896fb1e5a9aa",
        "type": "message",
        "text": "Yes how was that again",
        "user": "U010H28N18S",
        "ts": "1586489609.084200",
        "team": "T0105GKDN1H",
        "user_team": "T0105GKDN1H",
        "source_team": "T0105GKDN1H",
        "user_profile": {
            "avatar_hash": "84fd88e6f1cb",
            "image_72": "https:\/\/avatars.slack-edge.com\/2020-03-26\/1029561083269_84fd88e6f1cb30ca3348_72.jpg",
            "first_name": "Christine",
            "real_name": "Christine Munoz",
            "display_name": "Christine",
            "team": "T0105GKDN1H",
            "name": "christinezzy5",
            "is_restricted": false,
            "is_ultra_restricted": false
        },
        "blocks": [
            {
                "type": "rich_text",
                "block_id": "q9BdI",
                "elements": [
                    {
                        "type": "rich_text_section",
                        "elements": [
                            {
                                "type": "text",
                                "text": "Yes how was that again"
                            }
                        ]
                    }
                ]
            }
        ]
    },
    {
        "client_msg_id": "0c9851a6-ffda-4de7-89bf-e0810d3718b0",
        "type": "message",
        "text": "Shout out to <@U010LHWSG4U> for helping with portfolio homework!!",
        "user": "U010LEW4XPX",
        "ts": "1586495114.084900",
        "team": "T0105GKDN1H",
        "user_team": "T0105GKDN1H",
        "source_team": "T0105GKDN1H",
        "user_profile": {
            "avatar_hash": "g15b31306bf8",
            "image_72": "https:\/\/secure.gravatar.com\/avatar\/15b31306bf891aa1da33301277c37bc4.jpg?s=72&d=https%3A%2F%2Fa.slack-edge.com%2Fdf10d%2Fimg%2Favatars%2Fava_0008-72.png",
            "first_name": "",
            "real_name": "michaelpopedeveloper",
            "display_name": "michaelpopedeveloper",
            "team": "T0105GKDN1H",
            "name": "michaelpopedeveloper",
            "is_restricted": false,
            "is_ultra_restricted": false
        },
        "blocks": [
            {
                "type": "rich_text",
                "block_id": "UPZEJ",
                "elements": [
                    {
                        "type": "rich_text_section",
                        "elements": [
                            {
                                "type": "text",
                                "text": "Shout out to "
                            },
                            {
                                "type": "user",
                                "user_id": "U010LHWSG4U"
                            },
                            {
                                "type": "text",
                                "text": " for helping with portfolio homework!!"
                            }
                        ]
                    }
                ]
            }
        ],
        "reactions": [
            {
                "name": "pepethefrog",
                "users": [
                    "U010LHWSG4U",
                    "U010ACLHD0R",
                    "U010AP9JH4Z"
                ],
                "count": 3
            }
        ]
    },
    {
        "client_msg_id": "03d888ba-05e4-47e6-958d-03ca946b18b1",
        "type": "message",
        "text": "HUGE shout out to <@U010LEW7V2R> for helping me get my git life organized :smile:",
        "user": "U0109GZP6HH",
        "ts": "1586497257.085800",
        "team": "T0105GKDN1H",
        "user_team": "T0105GKDN1H",
        "source_team": "T0105GKDN1H",
        "user_profile": {
            "avatar_hash": "dcfd7b601289",
            "image_72": "https:\/\/avatars.slack-edge.com\/2020-03-27\/1034775747879_dcfd7b601289e2bf7f73_72.jpg",
            "first_name": "",
            "real_name": "Jessica Vaiana-Cavanagh",
            "display_name": "Jessica Vaiana-Cavanagh",
            "team": "T0105GKDN1H",
            "name": "jessica.vaicav",
            "is_restricted": false,
            "is_ultra_restricted": false
        },
        "blocks": [
            {
                "type": "rich_text",
                "block_id": "ozx",
                "elements": [
                    {
                        "type": "rich_text_section",
                        "elements": [
                            {
                                "type": "text",
                                "text": "HUGE shout out to "
                            },
                            {
                                "type": "user",
                                "user_id": "U010LEW7V2R"
                            },
                            {
                                "type": "text",
                                "text": " for helping me get my git life organized "
                            },
                            {
                                "type": "emoji",
                                "name": "smile"
                            }
                        ]
                    }
                ]
            }
        ],
        "thread_ts": "1586497257.085800",
        "reply_count": 1,
        "reply_users_count": 1,
        "latest_reply": "1586632442.093900",
        "reply_users": [
            "U010LEW7V2R"
        ],
        "replies": [
            {
                "user": "U010LEW7V2R",
                "ts": "1586632442.093900"
            }
        ],
        "subscribed": false,
        "reactions": [
            {
                "name": "+1",
                "users": [
                    "U010ACLHD0R"
                ],
                "count": 1
            }
        ]
    }
]