[
    {
        "client_msg_id": "78d923ea-1411-4cea-b877-4b98b7491bf1",
        "type": "message",
        "text": "Shout out to <@U010LRKMSKX> <@U010AP9JH4Z> <@U010KG4F57W> for asking awesome questions knocking out the activities!",
        "user": "U010LEW4XPX",
        "ts": "1586319352.062400",
        "team": "T0105GKDN1H",
        "user_team": "T0105GKDN1H",
        "source_team": "T0105GKDN1H",
        "user_profile": {
            "avatar_hash": "g15b31306bf8",
            "image_72": "https:\/\/secure.gravatar.com\/avatar\/15b31306bf891aa1da33301277c37bc4.jpg?s=72&d=https%3A%2F%2Fa.slack-edge.com%2Fdf10d%2Fimg%2Favatars%2Fava_0008-72.png",
            "first_name": "",
            "real_name": "michaelpopedeveloper",
            "display_name": "michaelpopedeveloper",
            "team": "T0105GKDN1H",
            "name": "michaelpopedeveloper",
            "is_restricted": false,
            "is_ultra_restricted": false
        },
        "blocks": [
            {
                "type": "rich_text",
                "block_id": "TpGc",
                "elements": [
                    {
                        "type": "rich_text_section",
                        "elements": [
                            {
                                "type": "text",
                                "text": "Shout out to "
                            },
                            {
                                "type": "user",
                                "user_id": "U010LRKMSKX"
                            },
                            {
                                "type": "text",
                                "text": " "
                            },
                            {
                                "type": "user",
                                "user_id": "U010AP9JH4Z"
                            },
                            {
                                "type": "text",
                                "text": " "
                            },
                            {
                                "type": "user",
                                "user_id": "U010KG4F57W"
                            },
                            {
                                "type": "text",
                                "text": " for asking awesome questions knocking out the activities!"
                            }
                        ]
                    }
                ]
            }
        ],
        "reactions": [
            {
                "name": "thumbsup_all",
                "users": [
                    "U010AP9JH4Z",
                    "U010LRKMSKX",
                    "U010KG4F57W",
                    "U010ACLHD0R"
                ],
                "count": 4
            }
        ]
    },
    {
        "client_msg_id": "27dacd32-1a00-49a8-9cdf-74dad0d8489c",
        "type": "message",
        "text": "Shout out to <@U010LHWSG4U> for reminding everyone to check in for class!",
        "user": "U010LEW4XPX",
        "ts": "1586319515.063000",
        "team": "T0105GKDN1H",
        "user_team": "T0105GKDN1H",
        "source_team": "T0105GKDN1H",
        "user_profile": {
            "avatar_hash": "g15b31306bf8",
            "image_72": "https:\/\/secure.gravatar.com\/avatar\/15b31306bf891aa1da33301277c37bc4.jpg?s=72&d=https%3A%2F%2Fa.slack-edge.com%2Fdf10d%2Fimg%2Favatars%2Fava_0008-72.png",
            "first_name": "",
            "real_name": "michaelpopedeveloper",
            "display_name": "michaelpopedeveloper",
            "team": "T0105GKDN1H",
            "name": "michaelpopedeveloper",
            "is_restricted": false,
            "is_ultra_restricted": false
        },
        "blocks": [
            {
                "type": "rich_text",
                "block_id": "D8vBP",
                "elements": [
                    {
                        "type": "rich_text_section",
                        "elements": [
                            {
                                "type": "text",
                                "text": "Shout out to "
                            },
                            {
                                "type": "user",
                                "user_id": "U010LHWSG4U"
                            },
                            {
                                "type": "text",
                                "text": " for reminding everyone to check in for class!"
                            }
                        ]
                    }
                ]
            }
        ],
        "reactions": [
            {
                "name": "party_parrot",
                "users": [
                    "U010LEW7V2R",
                    "U010KG4F57W",
                    "U010ACLHD0R"
                ],
                "count": 3
            }
        ]
    },
    {
        "client_msg_id": "0c086c93-3550-4bc8-b9cd-6282dc723045",
        "type": "message",
        "text": "Shout out to <@U010Y90H4T0> for the deep dive into CSS\/browser efficiency. Very interesting!",
        "user": "U01086WUV5Y",
        "ts": "1586320207.064100",
        "team": "T0105GKDN1H",
        "user_team": "T0105GKDN1H",
        "source_team": "T0105GKDN1H",
        "user_profile": {
            "avatar_hash": "dbd0fdef4a3e",
            "image_72": "https:\/\/avatars.slack-edge.com\/2020-03-23\/1021057228709_dbd0fdef4a3eff468eb3_72.jpg",
            "first_name": "",
            "real_name": "Jeff Turner",
            "display_name": "Jeff Turner",
            "team": "T0105GKDN1H",
            "name": "turner7350",
            "is_restricted": false,
            "is_ultra_restricted": false
        },
        "blocks": [
            {
                "type": "rich_text",
                "block_id": "LF0n",
                "elements": [
                    {
                        "type": "rich_text_section",
                        "elements": [
                            {
                                "type": "text",
                                "text": "Shout out to "
                            },
                            {
                                "type": "user",
                                "user_id": "U010Y90H4T0"
                            },
                            {
                                "type": "text",
                                "text": " for the deep dive into CSS\/browser efficiency. Very interesting!"
                            }
                        ]
                    }
                ]
            }
        ],
        "reactions": [
            {
                "name": "party_parrot",
                "users": [
                    "U010Y90H4T0",
                    "U010ACLHD0R"
                ],
                "count": 2
            }
        ]
    },
    {
        "client_msg_id": "4d3af71f-b9f7-4cfb-8d4a-f4502367cb38",
        "type": "message",
        "text": "SO to <@U010APCDU9F> for being the first person today to step out of possible comfort zones and offering up an answer to what a semantic layout is!",
        "user": "U010LEW7V2R",
        "ts": "1586321862.065200",
        "team": "T0105GKDN1H",
        "user_team": "T0105GKDN1H",
        "source_team": "T0105GKDN1H",
        "user_profile": {
            "avatar_hash": "d3ca0dce327c",
            "image_72": "https:\/\/avatars.slack-edge.com\/2020-03-23\/1020683219136_d3ca0dce327cf88e2c77_72.jpg",
            "first_name": "Stacy",
            "real_name": "Stacy Keown",
            "display_name": "Stacy Keown",
            "team": "T0105GKDN1H",
            "name": "code",
            "is_restricted": false,
            "is_ultra_restricted": false
        },
        "blocks": [
            {
                "type": "rich_text",
                "block_id": "Oc4E",
                "elements": [
                    {
                        "type": "rich_text_section",
                        "elements": [
                            {
                                "type": "text",
                                "text": "SO to "
                            },
                            {
                                "type": "user",
                                "user_id": "U010APCDU9F"
                            },
                            {
                                "type": "text",
                                "text": " for being the first person today to step out of possible comfort zones and offering up an answer to what a semantic layout is!"
                            }
                        ]
                    }
                ]
            }
        ],
        "reactions": [
            {
                "name": "heart",
                "users": [
                    "U010APCDU9F",
                    "U010ACLHD0R"
                ],
                "count": 2
            },
            {
                "name": "100",
                "users": [
                    "U010Y90H4T0",
                    "U010ACLHD0R"
                ],
                "count": 2
            }
        ]
    },
    {
        "client_msg_id": "bbf0f34f-d236-432f-95c2-4b4d65ba836e",
        "type": "message",
        "text": "HUGE SHOUT OUT TO <@U010B5G5KHP> for helping out with SSH!! I had two-factor authentication set up and somehow SSH was not working. But <@U010B5G5KHP> found a great source that solved my problem :slightly_smiling_face: Thank you!",
        "user": "U010KG4F57W",
        "ts": "1586322078.066800",
        "team": "T0105GKDN1H",
        "user_team": "T0105GKDN1H",
        "source_team": "T0105GKDN1H",
        "user_profile": {
            "avatar_hash": "499eac0d340b",
            "image_72": "https:\/\/avatars.slack-edge.com\/2020-03-23\/1022568785783_499eac0d340bd5faa6c9_72.jpg",
            "first_name": "",
            "real_name": "Eddie Kim",
            "display_name": "Eddie Kim",
            "team": "T0105GKDN1H",
            "name": "eddienakkim",
            "is_restricted": false,
            "is_ultra_restricted": false
        },
        "blocks": [
            {
                "type": "rich_text",
                "block_id": "3Pcl",
                "elements": [
                    {
                        "type": "rich_text_section",
                        "elements": [
                            {
                                "type": "text",
                                "text": "HUGE SHOUT OUT TO "
                            },
                            {
                                "type": "user",
                                "user_id": "U010B5G5KHP"
                            },
                            {
                                "type": "text",
                                "text": " for helping out with SSH!! I had two-factor authentication set up and somehow SSH was not working. But "
                            },
                            {
                                "type": "user",
                                "user_id": "U010B5G5KHP"
                            },
                            {
                                "type": "text",
                                "text": " found a great source that solved my problem "
                            },
                            {
                                "type": "emoji",
                                "name": "slightly_smiling_face"
                            },
                            {
                                "type": "text",
                                "text": " Thank you!"
                            }
                        ]
                    }
                ]
            }
        ],
        "reactions": [
            {
                "name": "100",
                "users": [
                    "U010Y90H4T0",
                    "U010ACLHD0R",
                    "U010LHWSG4U",
                    "U010LEW4XPX"
                ],
                "count": 4
            }
        ]
    },
    {
        "client_msg_id": "e0f86139-e53a-4067-9781-bfc55ec4d6e7",
        "type": "message",
        "text": "big shout out to <@U010Y90H4T0> and <@U010ACLHD0R> today for helping mee with my deployment and homework questions and seeing it to the end!",
        "user": "U010LHWSG4U",
        "ts": "1586325480.070300",
        "team": "T0105GKDN1H",
        "user_team": "T0105GKDN1H",
        "source_team": "T0105GKDN1H",
        "user_profile": {
            "avatar_hash": "94c7660ade93",
            "image_72": "https:\/\/avatars.slack-edge.com\/2020-03-25\/1015453574355_94c7660ade93297788be_72.jpg",
            "first_name": "",
            "real_name": "Sandra Romero",
            "display_name": "Sandra Romero",
            "team": "T0105GKDN1H",
            "name": "sandymarieromero",
            "is_restricted": false,
            "is_ultra_restricted": false
        },
        "blocks": [
            {
                "type": "rich_text",
                "block_id": "vtSm",
                "elements": [
                    {
                        "type": "rich_text_section",
                        "elements": [
                            {
                                "type": "text",
                                "text": "big shout out to "
                            },
                            {
                                "type": "user",
                                "user_id": "U010Y90H4T0"
                            },
                            {
                                "type": "text",
                                "text": " and "
                            },
                            {
                                "type": "user",
                                "user_id": "U010ACLHD0R"
                            },
                            {
                                "type": "text",
                                "text": " today for helping mee with my deployment and homework questions and seeing it to the end!"
                            }
                        ]
                    }
                ]
            }
        ],
        "reactions": [
            {
                "name": "tada",
                "users": [
                    "U010ACLHD0R",
                    "U010Y90H4T0",
                    "U010LEW4XPX"
                ],
                "count": 3
            }
        ]
    },
    {
        "client_msg_id": "aafa2d93-9fe8-4bbc-8c81-81f3c30b4ce7",
        "type": "message",
        "text": "Shout out <@U010B5G5KHP> &amp; thank you for all your help tonight!",
        "user": "U010ACLHD0R",
        "ts": "1586325926.072700",
        "team": "T0105GKDN1H",
        "user_team": "T0105GKDN1H",
        "source_team": "T0105GKDN1H",
        "user_profile": {
            "avatar_hash": "8c72eaca43ae",
            "image_72": "https:\/\/avatars.slack-edge.com\/2020-03-23\/1009675401811_8c72eaca43ae720843dc_72.png",
            "first_name": "Matthew",
            "real_name": "Matthew Bub",
            "display_name": "Matthew Bub",
            "team": "T0105GKDN1H",
            "name": "6matbub",
            "is_restricted": false,
            "is_ultra_restricted": false
        },
        "edited": {
            "user": "U010ACLHD0R",
            "ts": "1586325945.000000"
        },
        "blocks": [
            {
                "type": "rich_text",
                "block_id": "Onw",
                "elements": [
                    {
                        "type": "rich_text_section",
                        "elements": [
                            {
                                "type": "text",
                                "text": "Shout out "
                            },
                            {
                                "type": "user",
                                "user_id": "U010B5G5KHP"
                            },
                            {
                                "type": "text",
                                "text": " & thank you for all your help tonight!"
                            }
                        ]
                    }
                ]
            }
        ],
        "reactions": [
            {
                "name": "party_parrot",
                "users": [
                    "U010ACLHD0R",
                    "U010LEW4XPX",
                    "U010Y90H4T0"
                ],
                "count": 3
            }
        ]
    }
]