[
    {
        "client_msg_id": "de5ec26b-d162-4d8b-b8f5-de92adc4f52d",
        "type": "message",
        "text": "Shout out to <@U010ACLHD0R> for helping me set up HomeBrew :call_me_hand::skin-tone-3:",
        "user": "U010M0LB2V6",
        "ts": "1585426600.001700",
        "team": "T0105GKDN1H",
        "user_team": "T0105GKDN1H",
        "source_team": "T0105GKDN1H",
        "user_profile": {
            "avatar_hash": "995068df2993",
            "image_72": "https:\/\/avatars.slack-edge.com\/2020-03-28\/1035266841158_995068df29932789a9e3_72.png",
            "first_name": "Allen",
            "real_name": "Allen Sales",
            "display_name": "Allen Sales",
            "team": "T0105GKDN1H",
            "name": "allen.dale310",
            "is_restricted": false,
            "is_ultra_restricted": false
        },
        "blocks": [
            {
                "type": "rich_text",
                "block_id": "wb=",
                "elements": [
                    {
                        "type": "rich_text_section",
                        "elements": [
                            {
                                "type": "text",
                                "text": "Shout out to "
                            },
                            {
                                "type": "user",
                                "user_id": "U010ACLHD0R"
                            },
                            {
                                "type": "text",
                                "text": " for helping me set up HomeBrew "
                            },
                            {
                                "type": "emoji",
                                "name": "call_me_hand",
                                "skin_tone": 3
                            }
                        ]
                    }
                ]
            }
        ],
        "reactions": [
            {
                "name": "star",
                "users": [
                    "U010M0LB2V6",
                    "U010LJKUX44",
                    "U010KG4F57W",
                    "U010ACLHD0R",
                    "U010LJ07DTN",
                    "U010P7ZMAP3",
                    "U010LEW7V2R",
                    "U0107MTT526"
                ],
                "count": 8
            }
        ]
    },
    {
        "client_msg_id": "b4daa725-059f-42d4-844e-f1272b202678",
        "type": "message",
        "text": "<@U010LEW7V2R> Thank you for help with ssh keys",
        "user": "U010H28N18S",
        "ts": "1585430009.002800",
        "team": "T0105GKDN1H",
        "user_team": "T0105GKDN1H",
        "source_team": "T0105GKDN1H",
        "user_profile": {
            "avatar_hash": "84fd88e6f1cb",
            "image_72": "https:\/\/avatars.slack-edge.com\/2020-03-26\/1029561083269_84fd88e6f1cb30ca3348_72.jpg",
            "first_name": "Christine",
            "real_name": "Christine Munoz",
            "display_name": "Christine",
            "team": "T0105GKDN1H",
            "name": "christinezzy5",
            "is_restricted": false,
            "is_ultra_restricted": false
        },
        "blocks": [
            {
                "type": "rich_text",
                "block_id": "Xeaa4",
                "elements": [
                    {
                        "type": "rich_text_section",
                        "elements": [
                            {
                                "type": "user",
                                "user_id": "U010LEW7V2R"
                            },
                            {
                                "type": "text",
                                "text": " Thank you for help with ssh keys"
                            }
                        ]
                    }
                ]
            }
        ],
        "thread_ts": "1585430009.002800",
        "reply_count": 1,
        "reply_users_count": 1,
        "latest_reply": "1585430100.003100",
        "reply_users": [
            "U010LEW7V2R"
        ],
        "replies": [
            {
                "user": "U010LEW7V2R",
                "ts": "1585430100.003100"
            }
        ],
        "subscribed": false,
        "reactions": [
            {
                "name": "star",
                "users": [
                    "U010ACLHD0R",
                    "U010P7ZMAP3",
                    "U0107MTT526"
                ],
                "count": 3
            }
        ]
    },
    {
        "client_msg_id": "de08372b-2443-4a3f-90f7-481d27e4950c",
        "type": "message",
        "text": "Absolutely!! Let me know if you have any further issues with it :slightly_smiling_face:",
        "user": "U010LEW7V2R",
        "ts": "1585430100.003100",
        "team": "T0105GKDN1H",
        "user_team": "T0105GKDN1H",
        "source_team": "T0105GKDN1H",
        "user_profile": {
            "avatar_hash": "d3ca0dce327c",
            "image_72": "https:\/\/avatars.slack-edge.com\/2020-03-23\/1020683219136_d3ca0dce327cf88e2c77_72.jpg",
            "first_name": "Stacy",
            "real_name": "Stacy Keown",
            "display_name": "Stacy Keown",
            "team": "T0105GKDN1H",
            "name": "code",
            "is_restricted": false,
            "is_ultra_restricted": false
        },
        "blocks": [
            {
                "type": "rich_text",
                "block_id": "Q5j",
                "elements": [
                    {
                        "type": "rich_text_section",
                        "elements": [
                            {
                                "type": "text",
                                "text": "Absolutely!! Let me know if you have any further issues with it "
                            },
                            {
                                "type": "emoji",
                                "name": "slightly_smiling_face"
                            }
                        ]
                    }
                ]
            }
        ],
        "thread_ts": "1585430009.002800",
        "parent_user_id": "U010H28N18S"
    },
    {
        "client_msg_id": "a2f29976-d368-4917-9532-d48194c0a774",
        "type": "message",
        "text": "Shoutout <@U010L2Z8M7F> for helping us with CSS!  :tada:",
        "user": "U010ACLHD0R",
        "ts": "1585432637.004200",
        "team": "T0105GKDN1H",
        "user_team": "T0105GKDN1H",
        "source_team": "T0105GKDN1H",
        "user_profile": {
            "avatar_hash": "8c72eaca43ae",
            "image_72": "https:\/\/avatars.slack-edge.com\/2020-03-23\/1009675401811_8c72eaca43ae720843dc_72.png",
            "first_name": "Matthew",
            "real_name": "Matthew Bub",
            "display_name": "Matthew Bub",
            "team": "T0105GKDN1H",
            "name": "6matbub",
            "is_restricted": false,
            "is_ultra_restricted": false
        },
        "blocks": [
            {
                "type": "rich_text",
                "block_id": "IBGoR",
                "elements": [
                    {
                        "type": "rich_text_section",
                        "elements": [
                            {
                                "type": "text",
                                "text": "Shoutout "
                            },
                            {
                                "type": "user",
                                "user_id": "U010L2Z8M7F"
                            },
                            {
                                "type": "text",
                                "text": " for helping us with CSS!  "
                            },
                            {
                                "type": "emoji",
                                "name": "tada"
                            }
                        ]
                    }
                ]
            }
        ],
        "reactions": [
            {
                "name": "star",
                "users": [
                    "U010ACLHD0R",
                    "U010LEW7V2R",
                    "U010LJ07DTN"
                ],
                "count": 3
            },
            {
                "name": "party_parrot",
                "users": [
                    "U010LEW7V2R",
                    "U010LJ07DTN"
                ],
                "count": 2
            },
            {
                "name": "+1",
                "users": [
                    "U010M2FV6HK",
                    "U010LJ07DTN"
                ],
                "count": 2
            }
        ]
    },
    {
        "client_msg_id": "baa90641-4935-4e36-a486-750d18ac68bc",
        "type": "message",
        "text": "Thanks for the help with CSS <@U010L2Z8M7F>! :+1::+1:",
        "user": "U010M2FV6HK",
        "ts": "1585433294.005700",
        "team": "T0105GKDN1H",
        "user_team": "T0105GKDN1H",
        "source_team": "T0105GKDN1H",
        "user_profile": {
            "avatar_hash": "g91eef542278",
            "image_72": "https:\/\/secure.gravatar.com\/avatar\/91eef54227861d274dc30afaf77a4a62.jpg?s=72&d=https%3A%2F%2Fa.slack-edge.com%2Fdf10d%2Fimg%2Favatars%2Fava_0023-72.png",
            "first_name": "",
            "real_name": "Ahana Sandhu",
            "display_name": "Ahana Sandhu",
            "team": "T0105GKDN1H",
            "name": "ahanas29",
            "is_restricted": false,
            "is_ultra_restricted": false
        },
        "blocks": [
            {
                "type": "rich_text",
                "block_id": "o0HP",
                "elements": [
                    {
                        "type": "rich_text_section",
                        "elements": [
                            {
                                "type": "text",
                                "text": "Thanks for the help with CSS "
                            },
                            {
                                "type": "user",
                                "user_id": "U010L2Z8M7F"
                            },
                            {
                                "type": "text",
                                "text": "! "
                            },
                            {
                                "type": "emoji",
                                "name": "+1"
                            },
                            {
                                "type": "emoji",
                                "name": "+1"
                            }
                        ]
                    }
                ]
            }
        ],
        "reactions": [
            {
                "name": "star",
                "users": [
                    "U010ACLHD0R"
                ],
                "count": 1
            }
        ]
    }
]