[
    {
        "client_msg_id": "FC68E383-8D49-4908-8134-79463ADF2E42",
        "type": "message",
        "text": "Big Yeet\/SO to <@U010ACLHD0R> for his patience and helping me work through git. You da real MVP",
        "user": "U010APCDU9F",
        "ts": "1586555502.087000",
        "team": "T0105GKDN1H",
        "user_team": "T0105GKDN1H",
        "source_team": "T0105GKDN1H",
        "user_profile": {
            "avatar_hash": "d44fbe708fa1",
            "image_72": "https:\/\/avatars.slack-edge.com\/2020-03-23\/1020879238357_d44fbe708fa1409cd3b9_72.jpg",
            "first_name": "",
            "real_name": "Eric Z",
            "display_name": "Eric Z",
            "team": "T0105GKDN1H",
            "name": "swissbizz88",
            "is_restricted": false,
            "is_ultra_restricted": false
        },
        "blocks": [
            {
                "type": "rich_text",
                "block_id": "mfaY",
                "elements": [
                    {
                        "type": "rich_text_section",
                        "elements": [
                            {
                                "type": "text",
                                "text": "Big Yeet\/SO to "
                            },
                            {
                                "type": "user",
                                "user_id": "U010ACLHD0R"
                            },
                            {
                                "type": "text",
                                "text": " for his patience and helping me work through git. You da real MVP"
                            }
                        ]
                    }
                ]
            }
        ],
        "reactions": [
            {
                "name": "pepethefrog",
                "users": [
                    "U010ACLHD0R"
                ],
                "count": 1
            },
            {
                "name": "joy",
                "users": [
                    "U010L2Z8M7F"
                ],
                "count": 1
            }
        ]
    },
    {
        "client_msg_id": "836970a3-9485-499c-aa4c-0e051afb68ca",
        "type": "message",
        "text": "Shout out to <@U010LHWSG4U> and <@U010LEW4XPX> for helping find the error of my ways (read: code.) Thanks!",
        "user": "U010AP9JH4Z",
        "ts": "1586556617.088500",
        "team": "T0105GKDN1H",
        "user_team": "T0105GKDN1H",
        "source_team": "T0105GKDN1H",
        "user_profile": {
            "avatar_hash": "16a093b0a61e",
            "image_72": "https:\/\/avatars.slack-edge.com\/2020-03-28\/1033178107317_16a093b0a61e962de046_72.jpg",
            "first_name": "Rey",
            "real_name": "Rey Coronado",
            "display_name": "Rey Coronado",
            "team": "T0105GKDN1H",
            "name": "rcorojr",
            "is_restricted": false,
            "is_ultra_restricted": false
        },
        "blocks": [
            {
                "type": "rich_text",
                "block_id": "wHALv",
                "elements": [
                    {
                        "type": "rich_text_section",
                        "elements": [
                            {
                                "type": "text",
                                "text": "Shout out to "
                            },
                            {
                                "type": "user",
                                "user_id": "U010LHWSG4U"
                            },
                            {
                                "type": "text",
                                "text": " and "
                            },
                            {
                                "type": "user",
                                "user_id": "U010LEW4XPX"
                            },
                            {
                                "type": "text",
                                "text": " for helping find the error of my ways (read: code.) Thanks!"
                            }
                        ]
                    }
                ]
            }
        ],
        "reactions": [
            {
                "name": "joy",
                "users": [
                    "U010L2Z8M7F",
                    "U010LEW4XPX"
                ],
                "count": 2
            },
            {
                "name": "raised_hands::skin-tone-4",
                "users": [
                    "U010LHWSG4U"
                ],
                "count": 1
            }
        ]
    },
    {
        "client_msg_id": "f9514352-e676-4eb1-89cf-b33e07de7cba",
        "type": "message",
        "text": "Shout out to <@U010L2Z8M7F> for help on Tuesday!",
        "user": "U010Y90H4T0",
        "ts": "1586569687.089500",
        "team": "T0105GKDN1H",
        "user_team": "T0105GKDN1H",
        "source_team": "T0105GKDN1H",
        "user_profile": {
            "avatar_hash": "dab7da854ffb",
            "image_72": "https:\/\/avatars.slack-edge.com\/2020-03-27\/1017678411922_dab7da854ffb816e196d_72.jpg",
            "first_name": "Chris",
            "real_name": "Chris Murphy",
            "display_name": "Chris Murphy",
            "team": "T0105GKDN1H",
            "name": "christoph2005",
            "is_restricted": false,
            "is_ultra_restricted": false
        },
        "blocks": [
            {
                "type": "rich_text",
                "block_id": "N\/2",
                "elements": [
                    {
                        "type": "rich_text_section",
                        "elements": [
                            {
                                "type": "text",
                                "text": "Shout out to "
                            },
                            {
                                "type": "user",
                                "user_id": "U010L2Z8M7F"
                            },
                            {
                                "type": "text",
                                "text": " for help on Tuesday!"
                            }
                        ]
                    }
                ]
            }
        ],
        "reactions": [
            {
                "name": "star",
                "users": [
                    "U010ACLHD0R"
                ],
                "count": 1
            }
        ]
    },
    {
        "client_msg_id": "612f9cc9-2038-4956-983a-2842df19c1d9",
        "type": "message",
        "text": "Shout out to <@U010PSR7BT6> for talking about git on Tuesday.",
        "user": "U010Y90H4T0",
        "ts": "1586569760.090400",
        "team": "T0105GKDN1H",
        "user_team": "T0105GKDN1H",
        "source_team": "T0105GKDN1H",
        "user_profile": {
            "avatar_hash": "dab7da854ffb",
            "image_72": "https:\/\/avatars.slack-edge.com\/2020-03-27\/1017678411922_dab7da854ffb816e196d_72.jpg",
            "first_name": "Chris",
            "real_name": "Chris Murphy",
            "display_name": "Chris Murphy",
            "team": "T0105GKDN1H",
            "name": "christoph2005",
            "is_restricted": false,
            "is_ultra_restricted": false
        },
        "blocks": [
            {
                "type": "rich_text",
                "block_id": "1Yrk",
                "elements": [
                    {
                        "type": "rich_text_section",
                        "elements": [
                            {
                                "type": "text",
                                "text": "Shout out to "
                            },
                            {
                                "type": "user",
                                "user_id": "U010PSR7BT6"
                            },
                            {
                                "type": "text",
                                "text": " for talking about git on Tuesday."
                            }
                        ]
                    }
                ]
            }
        ],
        "reactions": [
            {
                "name": "star",
                "users": [
                    "U010ACLHD0R"
                ],
                "count": 1
            }
        ]
    },
    {
        "client_msg_id": "5dd84361-e6ed-404a-a3ae-2c537cd4f84c",
        "type": "message",
        "text": "Shout out to <@U010LRKMSKX> for sharing about Google Content Delivery Networks today.",
        "user": "U010Y90H4T0",
        "ts": "1586569824.090900",
        "team": "T0105GKDN1H",
        "user_team": "T0105GKDN1H",
        "source_team": "T0105GKDN1H",
        "user_profile": {
            "avatar_hash": "dab7da854ffb",
            "image_72": "https:\/\/avatars.slack-edge.com\/2020-03-27\/1017678411922_dab7da854ffb816e196d_72.jpg",
            "first_name": "Chris",
            "real_name": "Chris Murphy",
            "display_name": "Chris Murphy",
            "team": "T0105GKDN1H",
            "name": "christoph2005",
            "is_restricted": false,
            "is_ultra_restricted": false
        },
        "blocks": [
            {
                "type": "rich_text",
                "block_id": "2414V",
                "elements": [
                    {
                        "type": "rich_text_section",
                        "elements": [
                            {
                                "type": "text",
                                "text": "Shout out to "
                            },
                            {
                                "type": "user",
                                "user_id": "U010LRKMSKX"
                            },
                            {
                                "type": "text",
                                "text": " for sharing about Google Content Delivery Networks today."
                            }
                        ]
                    }
                ]
            }
        ],
        "reactions": [
            {
                "name": "star",
                "users": [
                    "U010ACLHD0R"
                ],
                "count": 1
            }
        ]
    },
    {
        "client_msg_id": "55f575da-fec5-4560-8901-008ad7d40abe",
        "type": "message",
        "text": "Shout out to <@U010LEW7V2R> for sharing information about the homeworks!",
        "user": "U010Y90H4T0",
        "ts": "1586569852.091300",
        "team": "T0105GKDN1H",
        "user_team": "T0105GKDN1H",
        "source_team": "T0105GKDN1H",
        "user_profile": {
            "avatar_hash": "dab7da854ffb",
            "image_72": "https:\/\/avatars.slack-edge.com\/2020-03-27\/1017678411922_dab7da854ffb816e196d_72.jpg",
            "first_name": "Chris",
            "real_name": "Chris Murphy",
            "display_name": "Chris Murphy",
            "team": "T0105GKDN1H",
            "name": "christoph2005",
            "is_restricted": false,
            "is_ultra_restricted": false
        },
        "blocks": [
            {
                "type": "rich_text",
                "block_id": "AOl2",
                "elements": [
                    {
                        "type": "rich_text_section",
                        "elements": [
                            {
                                "type": "text",
                                "text": "Shout out to "
                            },
                            {
                                "type": "user",
                                "user_id": "U010LEW7V2R"
                            },
                            {
                                "type": "text",
                                "text": " for sharing information about the homeworks!"
                            }
                        ]
                    }
                ]
            }
        ],
        "reactions": [
            {
                "name": "star",
                "users": [
                    "U010ACLHD0R"
                ],
                "count": 1
            }
        ]
    },
    {
        "client_msg_id": "1a3493e6-9c3d-473c-b958-5caec4aeeccd",
        "type": "message",
        "text": "Shout out to <@U010NLX5YVD> for sharing his work today!",
        "user": "U010Y90H4T0",
        "ts": "1586569913.092200",
        "team": "T0105GKDN1H",
        "user_team": "T0105GKDN1H",
        "source_team": "T0105GKDN1H",
        "user_profile": {
            "avatar_hash": "dab7da854ffb",
            "image_72": "https:\/\/avatars.slack-edge.com\/2020-03-27\/1017678411922_dab7da854ffb816e196d_72.jpg",
            "first_name": "Chris",
            "real_name": "Chris Murphy",
            "display_name": "Chris Murphy",
            "team": "T0105GKDN1H",
            "name": "christoph2005",
            "is_restricted": false,
            "is_ultra_restricted": false
        },
        "edited": {
            "user": "U010Y90H4T0",
            "ts": "1586569986.000000"
        },
        "blocks": [
            {
                "type": "rich_text",
                "block_id": "RRe+",
                "elements": [
                    {
                        "type": "rich_text_section",
                        "elements": [
                            {
                                "type": "text",
                                "text": "Shout out to "
                            },
                            {
                                "type": "user",
                                "user_id": "U010NLX5YVD"
                            },
                            {
                                "type": "text",
                                "text": " for sharing his work today!"
                            }
                        ]
                    }
                ]
            }
        ],
        "reactions": [
            {
                "name": "star",
                "users": [
                    "U010ACLHD0R"
                ],
                "count": 1
            }
        ]
    }
]