[
    {
        "client_msg_id": "eb153460-96c6-42a6-91cc-2f3e6e5e82e8",
        "type": "message",
        "text": "Thanks <@U010LJKUX44>! Glad that I can help and that my answers make some sort of sense :slightly_smiling_face:",
        "user": "U010LEW7V2R",
        "ts": "1585853208.022200",
        "team": "T0105GKDN1H",
        "user_team": "T0105GKDN1H",
        "source_team": "T0105GKDN1H",
        "user_profile": {
            "avatar_hash": "d3ca0dce327c",
            "image_72": "https:\/\/avatars.slack-edge.com\/2020-03-23\/1020683219136_d3ca0dce327cf88e2c77_72.jpg",
            "first_name": "Stacy",
            "real_name": "Stacy Keown",
            "display_name": "Stacy Keown",
            "team": "T0105GKDN1H",
            "name": "code",
            "is_restricted": false,
            "is_ultra_restricted": false
        },
        "blocks": [
            {
                "type": "rich_text",
                "block_id": "TJO68",
                "elements": [
                    {
                        "type": "rich_text_section",
                        "elements": [
                            {
                                "type": "text",
                                "text": "Thanks "
                            },
                            {
                                "type": "user",
                                "user_id": "U010LJKUX44"
                            },
                            {
                                "type": "text",
                                "text": "! Glad that I can help and that my answers make some sort of sense "
                            },
                            {
                                "type": "emoji",
                                "name": "slightly_smiling_face"
                            }
                        ]
                    }
                ]
            }
        ],
        "thread_ts": "1585715959.014400",
        "parent_user_id": "U010LJKUX44"
    },
    {
        "client_msg_id": "cf4bbcd9-e27d-48e4-92d0-1c250b29995b",
        "type": "message",
        "text": "Shout out to <@U010AJPBC3B> for helping to explain assignment directions!:smile:",
        "user": "U010LEW4XPX",
        "ts": "1585887073.023000",
        "team": "T0105GKDN1H",
        "user_team": "T0105GKDN1H",
        "source_team": "T0105GKDN1H",
        "user_profile": {
            "avatar_hash": "g15b31306bf8",
            "image_72": "https:\/\/secure.gravatar.com\/avatar\/15b31306bf891aa1da33301277c37bc4.jpg?s=72&d=https%3A%2F%2Fa.slack-edge.com%2Fdf10d%2Fimg%2Favatars%2Fava_0008-72.png",
            "first_name": "",
            "real_name": "michaelpopedeveloper",
            "display_name": "michaelpopedeveloper",
            "team": "T0105GKDN1H",
            "name": "michaelpopedeveloper",
            "is_restricted": false,
            "is_ultra_restricted": false
        },
        "blocks": [
            {
                "type": "rich_text",
                "block_id": "MDHWi",
                "elements": [
                    {
                        "type": "rich_text_section",
                        "elements": [
                            {
                                "type": "text",
                                "text": "Shout out to "
                            },
                            {
                                "type": "user",
                                "user_id": "U010AJPBC3B"
                            },
                            {
                                "type": "text",
                                "text": " for helping to explain assignment directions!"
                            },
                            {
                                "type": "emoji",
                                "name": "smile"
                            }
                        ]
                    }
                ]
            }
        ],
        "reactions": [
            {
                "name": "heart",
                "users": [
                    "U010L2Z8M7F"
                ],
                "count": 1
            },
            {
                "name": "grinning",
                "users": [
                    "U010AJPBC3B",
                    "U010Y90H4T0"
                ],
                "count": 2
            }
        ]
    },
    {
        "client_msg_id": "8728a48c-61f9-4333-850e-251d332eb166",
        "type": "message",
        "text": "shout out to <@U0107MTT526> for help with downloading clone from gitLab and remembering the full assignment",
        "user": "U010PSR7BT6",
        "ts": "1585889008.024300",
        "team": "T0105GKDN1H",
        "user_team": "T0105GKDN1H",
        "source_team": "T0105GKDN1H",
        "user_profile": {
            "avatar_hash": "e3038105be99",
            "image_72": "https:\/\/avatars.slack-edge.com\/2020-03-27\/1031035067156_e3038105be99732f1919_72.jpg",
            "first_name": "",
            "real_name": "Joseph Shapiro",
            "display_name": "Joseph Shapiro",
            "team": "T0105GKDN1H",
            "name": "joevshapiro",
            "is_restricted": false,
            "is_ultra_restricted": false
        },
        "blocks": [
            {
                "type": "rich_text",
                "block_id": "A3y2",
                "elements": [
                    {
                        "type": "rich_text_section",
                        "elements": [
                            {
                                "type": "text",
                                "text": "shout out to "
                            },
                            {
                                "type": "user",
                                "user_id": "U0107MTT526"
                            },
                            {
                                "type": "text",
                                "text": " for help with downloading clone from gitLab and remembering the full assignment"
                            }
                        ]
                    }
                ]
            }
        ],
        "reactions": [
            {
                "name": "+1",
                "users": [
                    "U0107MTT526",
                    "U010Y90H4T0",
                    "U010KG4F57W"
                ],
                "count": 3
            }
        ]
    },
    {
        "client_msg_id": "c31859ad-6cc2-4243-aa06-9290c084835b",
        "type": "message",
        "text": "Shout out to <@U010Y90H4T0> &amp; <@U010L2Z8M7F> for the git\/ssh assistance today.",
        "user": "U01086WUV5Y",
        "ts": "1585889277.025600",
        "team": "T0105GKDN1H",
        "user_team": "T0105GKDN1H",
        "source_team": "T0105GKDN1H",
        "user_profile": {
            "avatar_hash": "dbd0fdef4a3e",
            "image_72": "https:\/\/avatars.slack-edge.com\/2020-03-23\/1021057228709_dbd0fdef4a3eff468eb3_72.jpg",
            "first_name": "",
            "real_name": "Jeff Turner",
            "display_name": "Jeff Turner",
            "team": "T0105GKDN1H",
            "name": "turner7350",
            "is_restricted": false,
            "is_ultra_restricted": false
        },
        "blocks": [
            {
                "type": "rich_text",
                "block_id": "qKN2S",
                "elements": [
                    {
                        "type": "rich_text_section",
                        "elements": [
                            {
                                "type": "text",
                                "text": "Shout out to "
                            },
                            {
                                "type": "user",
                                "user_id": "U010Y90H4T0"
                            },
                            {
                                "type": "text",
                                "text": " & "
                            },
                            {
                                "type": "user",
                                "user_id": "U010L2Z8M7F"
                            },
                            {
                                "type": "text",
                                "text": " for the git\/ssh assistance today."
                            }
                        ]
                    }
                ]
            }
        ],
        "reactions": [
            {
                "name": "party_parrot",
                "users": [
                    "U010L2Z8M7F",
                    "U010Y90H4T0"
                ],
                "count": 2
            }
        ]
    },
    {
        "client_msg_id": "75770041-0c1f-48a8-97d2-bed51c6611a7",
        "type": "message",
        "text": ":party_parrot:Shout out to <@U010LEW4XPX> for help with git today!",
        "user": "U010LUDNEJU",
        "ts": "1585889541.026900",
        "team": "T0105GKDN1H",
        "user_team": "T0105GKDN1H",
        "source_team": "T0105GKDN1H",
        "user_profile": {
            "avatar_hash": "60a42db80d27",
            "image_72": "https:\/\/avatars.slack-edge.com\/2020-04-10\/1056102682051_60a42db80d27d72bc6b0_72.jpg",
            "first_name": "",
            "real_name": "Marc Martinez",
            "display_name": "Marc Martinez",
            "team": "T0105GKDN1H",
            "name": "marcmartinez987",
            "is_restricted": false,
            "is_ultra_restricted": false
        },
        "blocks": [
            {
                "type": "rich_text",
                "block_id": "IYc",
                "elements": [
                    {
                        "type": "rich_text_section",
                        "elements": [
                            {
                                "type": "emoji",
                                "name": "party_parrot"
                            },
                            {
                                "type": "text",
                                "text": "Shout out to "
                            },
                            {
                                "type": "user",
                                "user_id": "U010LEW4XPX"
                            },
                            {
                                "type": "text",
                                "text": " for help with git today!"
                            }
                        ]
                    }
                ]
            }
        ],
        "reactions": [
            {
                "name": "star",
                "users": [
                    "U010ACLHD0R",
                    "U010Y90H4T0"
                ],
                "count": 2
            }
        ]
    },
    {
        "client_msg_id": "1defef51-d7ce-45d6-8767-4bea2b7784b7",
        "type": "message",
        "text": "Huge SO to <@U010ACLHD0R> for helping with SSH GitLab keys and forking methods :sunglasses:",
        "user": "U010LJKUX44",
        "ts": "1585890153.028000",
        "team": "T0105GKDN1H",
        "user_team": "T0105GKDN1H",
        "source_team": "T0105GKDN1H",
        "user_profile": {
            "avatar_hash": "76dca6aade71",
            "image_72": "https:\/\/avatars.slack-edge.com\/2020-03-23\/1022739361382_76dca6aade71042586a7_72.png",
            "first_name": "",
            "real_name": "Hazel Kasusky",
            "display_name": "Hazel Kasusky",
            "team": "T0105GKDN1H",
            "name": "kasusky.music",
            "is_restricted": false,
            "is_ultra_restricted": false
        },
        "blocks": [
            {
                "type": "rich_text",
                "block_id": "lZ6h",
                "elements": [
                    {
                        "type": "rich_text_section",
                        "elements": [
                            {
                                "type": "text",
                                "text": "Huge SO to "
                            },
                            {
                                "type": "user",
                                "user_id": "U010ACLHD0R"
                            },
                            {
                                "type": "text",
                                "text": " for helping with SSH GitLab keys and forking methods "
                            },
                            {
                                "type": "emoji",
                                "name": "sunglasses"
                            }
                        ]
                    }
                ]
            }
        ],
        "reactions": [
            {
                "name": "star",
                "users": [
                    "U010ACLHD0R",
                    "U010Y90H4T0"
                ],
                "count": 2
            }
        ]
    },
    {
        "client_msg_id": "0d6f4216-4ef7-47c3-a449-707545f9395f",
        "type": "message",
        "text": "Even bigger shout out to <@U010LJKUX44> for joining a separate zoom with me to make sure I got my SSH keys with gitLAB not just HUB :joy:",
        "user": "U010LHWSG4U",
        "ts": "1585890704.029100",
        "team": "T0105GKDN1H",
        "user_team": "T0105GKDN1H",
        "source_team": "T0105GKDN1H",
        "user_profile": {
            "avatar_hash": "94c7660ade93",
            "image_72": "https:\/\/avatars.slack-edge.com\/2020-03-25\/1015453574355_94c7660ade93297788be_72.jpg",
            "first_name": "",
            "real_name": "Sandra Romero",
            "display_name": "Sandra Romero",
            "team": "T0105GKDN1H",
            "name": "sandymarieromero",
            "is_restricted": false,
            "is_ultra_restricted": false
        },
        "blocks": [
            {
                "type": "rich_text",
                "block_id": "Le7nU",
                "elements": [
                    {
                        "type": "rich_text_section",
                        "elements": [
                            {
                                "type": "text",
                                "text": "Even bigger shout out to "
                            },
                            {
                                "type": "user",
                                "user_id": "U010LJKUX44"
                            },
                            {
                                "type": "text",
                                "text": " for joining a separate zoom with me to make sure I got my SSH keys with gitLAB not just HUB "
                            },
                            {
                                "type": "emoji",
                                "name": "joy"
                            }
                        ]
                    }
                ]
            }
        ],
        "reactions": [
            {
                "name": "party_parrot",
                "users": [
                    "U010ACLHD0R",
                    "U010LJKUX44",
                    "U010Y90H4T0"
                ],
                "count": 3
            },
            {
                "name": "+1",
                "users": [
                    "U010AJPBC3B"
                ],
                "count": 1
            }
        ]
    },
    {
        "client_msg_id": "e5ef8899-26e5-46d1-8ab4-1af1ea032b87",
        "type": "message",
        "text": "Stacy ........your amazing...Thank you.",
        "user": "U010H28N18S",
        "ts": "1585890781.029700",
        "team": "T0105GKDN1H",
        "user_team": "T0105GKDN1H",
        "source_team": "T0105GKDN1H",
        "user_profile": {
            "avatar_hash": "84fd88e6f1cb",
            "image_72": "https:\/\/avatars.slack-edge.com\/2020-03-26\/1029561083269_84fd88e6f1cb30ca3348_72.jpg",
            "first_name": "Christine",
            "real_name": "Christine Munoz",
            "display_name": "Christine",
            "team": "T0105GKDN1H",
            "name": "christinezzy5",
            "is_restricted": false,
            "is_ultra_restricted": false
        },
        "blocks": [
            {
                "type": "rich_text",
                "block_id": "zO7",
                "elements": [
                    {
                        "type": "rich_text_section",
                        "elements": [
                            {
                                "type": "text",
                                "text": "Stacy ........your amazing...Thank you."
                            }
                        ]
                    }
                ]
            }
        ],
        "reactions": [
            {
                "name": "star",
                "users": [
                    "U010ACLHD0R",
                    "U010Y90H4T0"
                ],
                "count": 2
            }
        ]
    },
    {
        "client_msg_id": "8d0938b9-a9ee-407f-99aa-f0e73949021b",
        "type": "message",
        "text": "<@U010LEW7V2R> YAAAAA Thank you so much",
        "user": "U010H28N18S",
        "ts": "1585890808.030200",
        "team": "T0105GKDN1H",
        "user_team": "T0105GKDN1H",
        "source_team": "T0105GKDN1H",
        "user_profile": {
            "avatar_hash": "84fd88e6f1cb",
            "image_72": "https:\/\/avatars.slack-edge.com\/2020-03-26\/1029561083269_84fd88e6f1cb30ca3348_72.jpg",
            "first_name": "Christine",
            "real_name": "Christine Munoz",
            "display_name": "Christine",
            "team": "T0105GKDN1H",
            "name": "christinezzy5",
            "is_restricted": false,
            "is_ultra_restricted": false
        },
        "blocks": [
            {
                "type": "rich_text",
                "block_id": "+TK",
                "elements": [
                    {
                        "type": "rich_text_section",
                        "elements": [
                            {
                                "type": "user",
                                "user_id": "U010LEW7V2R"
                            },
                            {
                                "type": "text",
                                "text": " YAAAAA Thank you so much"
                            }
                        ]
                    }
                ]
            }
        ],
        "thread_ts": "1585890808.030200",
        "reply_count": 1,
        "reply_users_count": 1,
        "latest_reply": "1585890859.030300",
        "reply_users": [
            "U010LEW7V2R"
        ],
        "replies": [
            {
                "user": "U010LEW7V2R",
                "ts": "1585890859.030300"
            }
        ],
        "subscribed": false
    },
    {
        "client_msg_id": "92d86373-30c4-41f5-8895-9183b32c6148",
        "type": "message",
        "text": "Absolutely. So very welcome :smile:",
        "user": "U010LEW7V2R",
        "ts": "1585890859.030300",
        "team": "T0105GKDN1H",
        "user_team": "T0105GKDN1H",
        "source_team": "T0105GKDN1H",
        "user_profile": {
            "avatar_hash": "d3ca0dce327c",
            "image_72": "https:\/\/avatars.slack-edge.com\/2020-03-23\/1020683219136_d3ca0dce327cf88e2c77_72.jpg",
            "first_name": "Stacy",
            "real_name": "Stacy Keown",
            "display_name": "Stacy Keown",
            "team": "T0105GKDN1H",
            "name": "code",
            "is_restricted": false,
            "is_ultra_restricted": false
        },
        "blocks": [
            {
                "type": "rich_text",
                "block_id": "Mmdj6",
                "elements": [
                    {
                        "type": "rich_text_section",
                        "elements": [
                            {
                                "type": "text",
                                "text": "Absolutely. So very welcome "
                            },
                            {
                                "type": "emoji",
                                "name": "smile"
                            }
                        ]
                    }
                ]
            }
        ],
        "thread_ts": "1585890808.030200",
        "parent_user_id": "U010H28N18S"
    },
    {
        "client_msg_id": "9de75352-eb1d-4ea4-9688-ea6b475a56d1",
        "type": "message",
        "text": "SO to <@U010Y90H4T0> for being _incredibly_ patient through this whole SSH keys fiasco. He saw it the *whole* way through and motivated us to keep going. Couldn't ask for a better instructor who explains what we're learning through trial and error.\n\nWe appreciate you. :slightly_smiling_face:",
        "user": "U010LJKUX44",
        "ts": "1585894860.034100",
        "team": "T0105GKDN1H",
        "user_team": "T0105GKDN1H",
        "source_team": "T0105GKDN1H",
        "user_profile": {
            "avatar_hash": "76dca6aade71",
            "image_72": "https:\/\/avatars.slack-edge.com\/2020-03-23\/1022739361382_76dca6aade71042586a7_72.png",
            "first_name": "",
            "real_name": "Hazel Kasusky",
            "display_name": "Hazel Kasusky",
            "team": "T0105GKDN1H",
            "name": "kasusky.music",
            "is_restricted": false,
            "is_ultra_restricted": false
        },
        "blocks": [
            {
                "type": "rich_text",
                "block_id": "nwD",
                "elements": [
                    {
                        "type": "rich_text_section",
                        "elements": [
                            {
                                "type": "text",
                                "text": "SO to "
                            },
                            {
                                "type": "user",
                                "user_id": "U010Y90H4T0"
                            },
                            {
                                "type": "text",
                                "text": " for being "
                            },
                            {
                                "type": "text",
                                "text": "incredibly ",
                                "style": {
                                    "italic": true
                                }
                            },
                            {
                                "type": "text",
                                "text": "patient through this whole SSH keys fiasco. He saw it the "
                            },
                            {
                                "type": "text",
                                "text": "whole ",
                                "style": {
                                    "bold": true
                                }
                            },
                            {
                                "type": "text",
                                "text": "way through and motivated us to keep going. Couldn't ask for a better instructor who explains what we're learning through trial and error.\n\nWe appreciate you. "
                            },
                            {
                                "type": "emoji",
                                "name": "slightly_smiling_face"
                            }
                        ]
                    }
                ]
            }
        ],
        "reactions": [
            {
                "name": "100",
                "users": [
                    "U010LJ07DTN",
                    "U01086WUV5Y"
                ],
                "count": 2
            },
            {
                "name": "hugging_face",
                "users": [
                    "U010Y90H4T0"
                ],
                "count": 1
            }
        ]
    },
    {
        "client_msg_id": "0AC28D40-FDE4-4D9B-AD6D-1FB091A0E317",
        "type": "message",
        "text": "Gigantic SO to <@U010ACLHD0R> for all his help today!!! ",
        "user": "U010LJ07DTN",
        "ts": "1585894897.034600",
        "team": "T0105GKDN1H",
        "user_team": "T0105GKDN1H",
        "source_team": "T0105GKDN1H",
        "user_profile": {
            "avatar_hash": "2c52031105bc",
            "image_72": "https:\/\/avatars.slack-edge.com\/2020-03-23\/1009630606675_2c52031105bc8cd04410_72.jpg",
            "first_name": "",
            "real_name": "Juliana Hernandez",
            "display_name": "Juliana Hernandez",
            "team": "T0105GKDN1H",
            "name": "juliana88h",
            "is_restricted": false,
            "is_ultra_restricted": false
        },
        "blocks": [
            {
                "type": "rich_text",
                "block_id": "Qcoe1",
                "elements": [
                    {
                        "type": "rich_text_section",
                        "elements": [
                            {
                                "type": "text",
                                "text": "Gigantic SO to "
                            },
                            {
                                "type": "user",
                                "user_id": "U010ACLHD0R"
                            },
                            {
                                "type": "text",
                                "text": " for all his help today!!! "
                            }
                        ]
                    }
                ]
            }
        ],
        "reactions": [
            {
                "name": "star2",
                "users": [
                    "U010Y90H4T0",
                    "U010ACLHD0R"
                ],
                "count": 2
            }
        ]
    }
]