[
    {
        "client_msg_id": "10b52052-f80a-4fdb-b650-e7803363394a",
        "type": "message",
        "text": "Shoutout to <@U010LEW7V2R> for answering my many many questions!! :heart:",
        "user": "U010LRKMSKX",
        "ts": "1585704115.006800",
        "team": "T0105GKDN1H",
        "user_team": "T0105GKDN1H",
        "source_team": "T0105GKDN1H",
        "user_profile": {
            "avatar_hash": "ae27f99c40c3",
            "image_72": "https:\/\/avatars.slack-edge.com\/2020-03-23\/1022872147895_ae27f99c40c3c34dd86b_72.jpg",
            "first_name": "",
            "real_name": "Yssabel Pangilinan",
            "display_name": "Yssabel Pangilinan",
            "team": "T0105GKDN1H",
            "name": "yssabelpangilinan",
            "is_restricted": false,
            "is_ultra_restricted": false
        },
        "blocks": [
            {
                "type": "rich_text",
                "block_id": "HhfW",
                "elements": [
                    {
                        "type": "rich_text_section",
                        "elements": [
                            {
                                "type": "text",
                                "text": "Shoutout to "
                            },
                            {
                                "type": "user",
                                "user_id": "U010LEW7V2R"
                            },
                            {
                                "type": "text",
                                "text": " for answering my many many questions!! "
                            },
                            {
                                "type": "emoji",
                                "name": "heart"
                            }
                        ]
                    }
                ]
            }
        ],
        "thread_ts": "1585704115.006800",
        "reply_count": 1,
        "reply_users_count": 1,
        "latest_reply": "1585704684.008200",
        "reply_users": [
            "U010LEW7V2R"
        ],
        "replies": [
            {
                "user": "U010LEW7V2R",
                "ts": "1585704684.008200"
            }
        ],
        "subscribed": false,
        "reactions": [
            {
                "name": "party_parrot",
                "users": [
                    "U010ACLHD0R"
                ],
                "count": 1
            },
            {
                "name": "star",
                "users": [
                    "U010ACLHD0R"
                ],
                "count": 1
            }
        ]
    },
    {
        "client_msg_id": "34922a4c-c620-454d-ada6-b63f04b0007b",
        "type": "message",
        "text": "shout out to <@U010Y90H4T0> for helping with my Scratch game!",
        "user": "U0109GZP6HH",
        "ts": "1585704598.008100",
        "team": "T0105GKDN1H",
        "user_team": "T0105GKDN1H",
        "source_team": "T0105GKDN1H",
        "user_profile": {
            "avatar_hash": "dcfd7b601289",
            "image_72": "https:\/\/avatars.slack-edge.com\/2020-03-27\/1034775747879_dcfd7b601289e2bf7f73_72.jpg",
            "first_name": "",
            "real_name": "Jessica Vaiana-Cavanagh",
            "display_name": "Jessica Vaiana-Cavanagh",
            "team": "T0105GKDN1H",
            "name": "jessica.vaicav",
            "is_restricted": false,
            "is_ultra_restricted": false
        },
        "blocks": [
            {
                "type": "rich_text",
                "block_id": "\/E2",
                "elements": [
                    {
                        "type": "rich_text_section",
                        "elements": [
                            {
                                "type": "text",
                                "text": "shout out to "
                            },
                            {
                                "type": "user",
                                "user_id": "U010Y90H4T0"
                            },
                            {
                                "type": "text",
                                "text": " for helping with my Scratch game!"
                            }
                        ]
                    }
                ]
            }
        ],
        "reactions": [
            {
                "name": "party_parrot",
                "users": [
                    "U010ACLHD0R",
                    "U010Y90H4T0"
                ],
                "count": 2
            }
        ]
    },
    {
        "client_msg_id": "fb6dee72-44e2-4341-9bf4-1ee1dd9453a7",
        "type": "message",
        "text": "Of course! Glad to help :smiley:",
        "user": "U010LEW7V2R",
        "ts": "1585704684.008200",
        "team": "T0105GKDN1H",
        "user_team": "T0105GKDN1H",
        "source_team": "T0105GKDN1H",
        "user_profile": {
            "avatar_hash": "d3ca0dce327c",
            "image_72": "https:\/\/avatars.slack-edge.com\/2020-03-23\/1020683219136_d3ca0dce327cf88e2c77_72.jpg",
            "first_name": "Stacy",
            "real_name": "Stacy Keown",
            "display_name": "Stacy Keown",
            "team": "T0105GKDN1H",
            "name": "code",
            "is_restricted": false,
            "is_ultra_restricted": false
        },
        "blocks": [
            {
                "type": "rich_text",
                "block_id": "HRZPY",
                "elements": [
                    {
                        "type": "rich_text_section",
                        "elements": [
                            {
                                "type": "text",
                                "text": "Of course! Glad to help "
                            },
                            {
                                "type": "emoji",
                                "name": "smiley"
                            }
                        ]
                    }
                ]
            }
        ],
        "thread_ts": "1585704115.006800",
        "parent_user_id": "U010LRKMSKX"
    },
    {
        "client_msg_id": "d9cbeb46-2ec5-49e0-9d50-426c65ba883b",
        "type": "message",
        "text": "Shout out <@U010LRKMSKX> for being ready with the resources for the class!",
        "user": "U010ACLHD0R",
        "ts": "1585713187.010200",
        "team": "T0105GKDN1H",
        "user_team": "T0105GKDN1H",
        "source_team": "T0105GKDN1H",
        "user_profile": {
            "avatar_hash": "8c72eaca43ae",
            "image_72": "https:\/\/avatars.slack-edge.com\/2020-03-23\/1009675401811_8c72eaca43ae720843dc_72.png",
            "first_name": "Matthew",
            "real_name": "Matthew Bub",
            "display_name": "Matthew Bub",
            "team": "T0105GKDN1H",
            "name": "6matbub",
            "is_restricted": false,
            "is_ultra_restricted": false
        },
        "blocks": [
            {
                "type": "rich_text",
                "block_id": "yNj0c",
                "elements": [
                    {
                        "type": "rich_text_section",
                        "elements": [
                            {
                                "type": "text",
                                "text": "Shout out "
                            },
                            {
                                "type": "user",
                                "user_id": "U010LRKMSKX"
                            },
                            {
                                "type": "text",
                                "text": " for being ready with the resources for the class!"
                            }
                        ]
                    }
                ]
            }
        ],
        "reactions": [
            {
                "name": "party_parrot",
                "users": [
                    "U010T8GS82C",
                    "U010P7ZMAP3",
                    "U010LEW7V2R"
                ],
                "count": 3
            },
            {
                "name": "star",
                "users": [
                    "U010P7ZMAP3"
                ],
                "count": 1
            },
            {
                "name": "+1",
                "users": [
                    "U010Y90H4T0"
                ],
                "count": 1
            }
        ]
    },
    {
        "client_msg_id": "cac77166-59b5-4fad-b77c-afd37721a93f",
        "type": "message",
        "text": "Shout out <@U010M34SKMK> for helping me explain bash commands!",
        "user": "U010ACLHD0R",
        "ts": "1585713218.010800",
        "team": "T0105GKDN1H",
        "user_team": "T0105GKDN1H",
        "source_team": "T0105GKDN1H",
        "user_profile": {
            "avatar_hash": "8c72eaca43ae",
            "image_72": "https:\/\/avatars.slack-edge.com\/2020-03-23\/1009675401811_8c72eaca43ae720843dc_72.png",
            "first_name": "Matthew",
            "real_name": "Matthew Bub",
            "display_name": "Matthew Bub",
            "team": "T0105GKDN1H",
            "name": "6matbub",
            "is_restricted": false,
            "is_ultra_restricted": false
        },
        "blocks": [
            {
                "type": "rich_text",
                "block_id": "QzpCH",
                "elements": [
                    {
                        "type": "rich_text_section",
                        "elements": [
                            {
                                "type": "text",
                                "text": "Shout out "
                            },
                            {
                                "type": "user",
                                "user_id": "U010M34SKMK"
                            },
                            {
                                "type": "text",
                                "text": " for helping me explain bash commands!"
                            }
                        ]
                    }
                ]
            }
        ],
        "reactions": [
            {
                "name": "star",
                "users": [
                    "U010P7ZMAP3",
                    "U010ACLHD0R",
                    "U010Y90H4T0"
                ],
                "count": 3
            }
        ]
    },
    {
        "client_msg_id": "9a21e24a-0fff-4205-9323-3e96d119624e",
        "type": "message",
        "text": "Second that! Shout out <@U010M34SKMK> :tada:",
        "user": "U010LHWSG4U",
        "ts": "1585714294.012200",
        "team": "T0105GKDN1H",
        "user_team": "T0105GKDN1H",
        "source_team": "T0105GKDN1H",
        "user_profile": {
            "avatar_hash": "94c7660ade93",
            "image_72": "https:\/\/avatars.slack-edge.com\/2020-03-25\/1015453574355_94c7660ade93297788be_72.jpg",
            "first_name": "",
            "real_name": "Sandra Romero",
            "display_name": "Sandra Romero",
            "team": "T0105GKDN1H",
            "name": "sandymarieromero",
            "is_restricted": false,
            "is_ultra_restricted": false
        },
        "blocks": [
            {
                "type": "rich_text",
                "block_id": "Eho",
                "elements": [
                    {
                        "type": "rich_text_section",
                        "elements": [
                            {
                                "type": "text",
                                "text": "Second that! Shout out "
                            },
                            {
                                "type": "user",
                                "user_id": "U010M34SKMK"
                            },
                            {
                                "type": "text",
                                "text": " "
                            },
                            {
                                "type": "emoji",
                                "name": "tada"
                            }
                        ]
                    }
                ]
            }
        ],
        "reactions": [
            {
                "name": "+1",
                "users": [
                    "U010ACLHD0R",
                    "U010Y90H4T0"
                ],
                "count": 2
            }
        ]
    },
    {
        "client_msg_id": "7c3c928d-6a76-4c1c-96f2-9b3cd916a526",
        "type": "message",
        "text": "Shout out <@U010LEW4XPX> for helping us understand how Linux is used on the job--thank you!",
        "user": "U010L2Z8M7F",
        "ts": "1585714468.013100",
        "team": "T0105GKDN1H",
        "user_team": "T0105GKDN1H",
        "source_team": "T0105GKDN1H",
        "user_profile": {
            "avatar_hash": "d530d6a49334",
            "image_72": "https:\/\/avatars.slack-edge.com\/2020-03-23\/1010225799969_d530d6a493349354556a_72.jpg",
            "first_name": "",
            "real_name": "Mark Fullton",
            "display_name": "Mark Fullton",
            "team": "T0105GKDN1H",
            "name": "the.mark.fullton",
            "is_restricted": false,
            "is_ultra_restricted": false
        },
        "blocks": [
            {
                "type": "rich_text",
                "block_id": "PuJs",
                "elements": [
                    {
                        "type": "rich_text_section",
                        "elements": [
                            {
                                "type": "text",
                                "text": "Shout out "
                            },
                            {
                                "type": "user",
                                "user_id": "U010LEW4XPX"
                            },
                            {
                                "type": "text",
                                "text": " for helping us understand how Linux is used on the job--thank you!"
                            }
                        ]
                    }
                ]
            }
        ],
        "thread_ts": "1585714468.013100",
        "reply_count": 1,
        "reply_users_count": 1,
        "latest_reply": "1585714573.013600",
        "reply_users": [
            "U010LEW4XPX"
        ],
        "replies": [
            {
                "user": "U010LEW4XPX",
                "ts": "1585714573.013600"
            }
        ],
        "subscribed": false,
        "reactions": [
            {
                "name": "party_parrot",
                "users": [
                    "U010ACLHD0R",
                    "U010Y90H4T0"
                ],
                "count": 2
            },
            {
                "name": "+1",
                "users": [
                    "U010ACLHD0R"
                ],
                "count": 1
            }
        ]
    },
    {
        "client_msg_id": "a19d9d7f-b005-4320-a3ce-3a36cf4a535e",
        "type": "message",
        "text": "Thank you! Let me know if you have any more questions! :smile:",
        "user": "U010LEW4XPX",
        "ts": "1585714573.013600",
        "team": "T0105GKDN1H",
        "user_team": "T0105GKDN1H",
        "source_team": "T0105GKDN1H",
        "user_profile": {
            "avatar_hash": "g15b31306bf8",
            "image_72": "https:\/\/secure.gravatar.com\/avatar\/15b31306bf891aa1da33301277c37bc4.jpg?s=72&d=https%3A%2F%2Fa.slack-edge.com%2Fdf10d%2Fimg%2Favatars%2Fava_0008-72.png",
            "first_name": "",
            "real_name": "michaelpopedeveloper",
            "display_name": "michaelpopedeveloper",
            "team": "T0105GKDN1H",
            "name": "michaelpopedeveloper",
            "is_restricted": false,
            "is_ultra_restricted": false
        },
        "blocks": [
            {
                "type": "rich_text",
                "block_id": "ikEw",
                "elements": [
                    {
                        "type": "rich_text_section",
                        "elements": [
                            {
                                "type": "text",
                                "text": "Thank you! Let me know if you have any more questions! "
                            },
                            {
                                "type": "emoji",
                                "name": "smile"
                            }
                        ]
                    }
                ]
            }
        ],
        "thread_ts": "1585714468.013100",
        "parent_user_id": "U010L2Z8M7F"
    },
    {
        "client_msg_id": "7eefd8d7-d22b-4180-9f92-3dedfea9196a",
        "type": "message",
        "text": "SO to <@U010LEW7V2R> for answering my questions in a clear and concise manner",
        "user": "U010LJKUX44",
        "ts": "1585715959.014400",
        "team": "T0105GKDN1H",
        "user_team": "T0105GKDN1H",
        "source_team": "T0105GKDN1H",
        "user_profile": {
            "avatar_hash": "76dca6aade71",
            "image_72": "https:\/\/avatars.slack-edge.com\/2020-03-23\/1022739361382_76dca6aade71042586a7_72.png",
            "first_name": "",
            "real_name": "Hazel Kasusky",
            "display_name": "Hazel Kasusky",
            "team": "T0105GKDN1H",
            "name": "kasusky.music",
            "is_restricted": false,
            "is_ultra_restricted": false
        },
        "blocks": [
            {
                "type": "rich_text",
                "block_id": "WG5yP",
                "elements": [
                    {
                        "type": "rich_text_section",
                        "elements": [
                            {
                                "type": "text",
                                "text": "SO to "
                            },
                            {
                                "type": "user",
                                "user_id": "U010LEW7V2R"
                            },
                            {
                                "type": "text",
                                "text": " for answering my questions in a clear and concise manner"
                            }
                        ]
                    }
                ]
            }
        ],
        "thread_ts": "1585715959.014400",
        "reply_count": 1,
        "reply_users_count": 1,
        "latest_reply": "1585853208.022200",
        "reply_users": [
            "U010LEW7V2R"
        ],
        "replies": [
            {
                "user": "U010LEW7V2R",
                "ts": "1585853208.022200"
            }
        ],
        "subscribed": false,
        "reactions": [
            {
                "name": "star",
                "users": [
                    "U010ACLHD0R"
                ],
                "count": 1
            },
            {
                "name": "+1",
                "users": [
                    "U010ACLHD0R"
                ],
                "count": 1
            }
        ]
    },
    {
        "client_msg_id": "7e675baf-609a-4e50-84e1-0838ec3d3ec4",
        "type": "message",
        "text": "SO to <@U010ACLHD0R> for all his help today on answering all my questions :raised_hands::skin-tone-3:",
        "user": "U010LJ07DTN",
        "ts": "1585717855.015500",
        "team": "T0105GKDN1H",
        "user_team": "T0105GKDN1H",
        "source_team": "T0105GKDN1H",
        "user_profile": {
            "avatar_hash": "2c52031105bc",
            "image_72": "https:\/\/avatars.slack-edge.com\/2020-03-23\/1009630606675_2c52031105bc8cd04410_72.jpg",
            "first_name": "",
            "real_name": "Juliana Hernandez",
            "display_name": "Juliana Hernandez",
            "team": "T0105GKDN1H",
            "name": "juliana88h",
            "is_restricted": false,
            "is_ultra_restricted": false
        },
        "blocks": [
            {
                "type": "rich_text",
                "block_id": "xDb7",
                "elements": [
                    {
                        "type": "rich_text_section",
                        "elements": [
                            {
                                "type": "text",
                                "text": "SO to "
                            },
                            {
                                "type": "user",
                                "user_id": "U010ACLHD0R"
                            },
                            {
                                "type": "text",
                                "text": " for all his help today on answering all my questions "
                            },
                            {
                                "type": "emoji",
                                "name": "raised_hands",
                                "skin_tone": 3
                            }
                        ]
                    }
                ]
            }
        ],
        "reactions": [
            {
                "name": "star",
                "users": [
                    "U010ACLHD0R"
                ],
                "count": 1
            }
        ]
    }
]