[
    {
        "client_msg_id": "0d043d66-c4c3-4780-8a71-d5de010c6259",
        "type": "message",
        "text": "Shout out to <@U010ACLHD0R> for the excellent intro!  :party_parrot:",
        "user": "U010T8GS82C",
        "ts": "1586626006.093300",
        "team": "T0105GKDN1H",
        "user_team": "T0105GKDN1H",
        "source_team": "T0105GKDN1H",
        "user_profile": {
            "avatar_hash": "6ef50089cc81",
            "image_72": "https:\/\/avatars.slack-edge.com\/2020-04-02\/1034222731234_6ef50089cc815ab375b5_72.jpg",
            "first_name": "",
            "real_name": "Mauricio Gutierrez",
            "display_name": "",
            "team": "T0105GKDN1H",
            "name": "mauriciogtrz",
            "is_restricted": false,
            "is_ultra_restricted": false
        },
        "blocks": [
            {
                "type": "rich_text",
                "block_id": "OxN",
                "elements": [
                    {
                        "type": "rich_text_section",
                        "elements": [
                            {
                                "type": "text",
                                "text": "Shout out to "
                            },
                            {
                                "type": "user",
                                "user_id": "U010ACLHD0R"
                            },
                            {
                                "type": "text",
                                "text": " for the excellent intro!  "
                            },
                            {
                                "type": "emoji",
                                "name": "party_parrot"
                            }
                        ]
                    }
                ]
            }
        ],
        "reactions": [
            {
                "name": "+1",
                "users": [
                    "U010L2Z8M7F",
                    "U010ACLHD0R",
                    "U010LJKUX44"
                ],
                "count": 3
            },
            {
                "name": "blush",
                "users": [
                    "U010H28N18S"
                ],
                "count": 1
            },
            {
                "name": "githubparrot",
                "users": [
                    "U010APCDU9F",
                    "U010Y90H4T0",
                    "U010LHWSG4U"
                ],
                "count": 3
            }
        ]
    },
    {
        "client_msg_id": "9ac20672-99e0-4ac2-86b3-9a4eb9b069d2",
        "type": "message",
        "text": "Absolutely!! Glad that I could with this. I totally understand how important\/helpful being organized can be! :smiley:",
        "user": "U010LEW7V2R",
        "ts": "1586632442.093900",
        "team": "T0105GKDN1H",
        "user_team": "T0105GKDN1H",
        "source_team": "T0105GKDN1H",
        "user_profile": {
            "avatar_hash": "d3ca0dce327c",
            "image_72": "https:\/\/avatars.slack-edge.com\/2020-03-23\/1020683219136_d3ca0dce327cf88e2c77_72.jpg",
            "first_name": "Stacy",
            "real_name": "Stacy Keown",
            "display_name": "Stacy Keown",
            "team": "T0105GKDN1H",
            "name": "code",
            "is_restricted": false,
            "is_ultra_restricted": false
        },
        "blocks": [
            {
                "type": "rich_text",
                "block_id": "7ufo",
                "elements": [
                    {
                        "type": "rich_text_section",
                        "elements": [
                            {
                                "type": "text",
                                "text": "Absolutely!! Glad that I could with this. I totally understand how important\/helpful being organized can be! "
                            },
                            {
                                "type": "emoji",
                                "name": "smiley"
                            }
                        ]
                    }
                ]
            }
        ],
        "thread_ts": "1586497257.085800",
        "parent_user_id": "U0109GZP6HH"
    },
    {
        "client_msg_id": "2abc94aa-1989-4ae9-aac5-629905599655",
        "type": "message",
        "text": "Shout out to <@U010LRKMSKX> for helping with bootstrap questions!:tada:",
        "user": "U010LEW4XPX",
        "ts": "1586636069.094500",
        "team": "T0105GKDN1H",
        "user_team": "T0105GKDN1H",
        "source_team": "T0105GKDN1H",
        "user_profile": {
            "avatar_hash": "g15b31306bf8",
            "image_72": "https:\/\/secure.gravatar.com\/avatar\/15b31306bf891aa1da33301277c37bc4.jpg?s=72&d=https%3A%2F%2Fa.slack-edge.com%2Fdf10d%2Fimg%2Favatars%2Fava_0008-72.png",
            "first_name": "",
            "real_name": "michaelpopedeveloper",
            "display_name": "michaelpopedeveloper",
            "team": "T0105GKDN1H",
            "name": "michaelpopedeveloper",
            "is_restricted": false,
            "is_ultra_restricted": false
        },
        "blocks": [
            {
                "type": "rich_text",
                "block_id": "ySD",
                "elements": [
                    {
                        "type": "rich_text_section",
                        "elements": [
                            {
                                "type": "text",
                                "text": "Shout out to "
                            },
                            {
                                "type": "user",
                                "user_id": "U010LRKMSKX"
                            },
                            {
                                "type": "text",
                                "text": " for helping with bootstrap questions!"
                            },
                            {
                                "type": "emoji",
                                "name": "tada"
                            }
                        ]
                    }
                ]
            }
        ],
        "reactions": [
            {
                "name": "100",
                "users": [
                    "U010LRKMSKX",
                    "U010ACLHD0R",
                    "U010Y90H4T0"
                ],
                "count": 3
            }
        ]
    },
    {
        "client_msg_id": "5263af42-7b75-4dec-8716-ddfc9e8c21fd",
        "type": "message",
        "text": "SO to <@U0107MTT526> for helping explaining bootstrap layout :smile:",
        "user": "U010LEW7V2R",
        "ts": "1586636132.095300",
        "team": "T0105GKDN1H",
        "user_team": "T0105GKDN1H",
        "source_team": "T0105GKDN1H",
        "user_profile": {
            "avatar_hash": "d3ca0dce327c",
            "image_72": "https:\/\/avatars.slack-edge.com\/2020-03-23\/1020683219136_d3ca0dce327cf88e2c77_72.jpg",
            "first_name": "Stacy",
            "real_name": "Stacy Keown",
            "display_name": "Stacy Keown",
            "team": "T0105GKDN1H",
            "name": "code",
            "is_restricted": false,
            "is_ultra_restricted": false
        },
        "blocks": [
            {
                "type": "rich_text",
                "block_id": "XjbR",
                "elements": [
                    {
                        "type": "rich_text_section",
                        "elements": [
                            {
                                "type": "text",
                                "text": "SO to "
                            },
                            {
                                "type": "user",
                                "user_id": "U0107MTT526"
                            },
                            {
                                "type": "text",
                                "text": " for helping explaining bootstrap layout "
                            },
                            {
                                "type": "emoji",
                                "name": "smile"
                            }
                        ]
                    }
                ]
            }
        ],
        "reactions": [
            {
                "name": "+1",
                "users": [
                    "U0107MTT526",
                    "U010ACLHD0R",
                    "U010Y90H4T0",
                    "U010LJKUX44"
                ],
                "count": 4
            }
        ]
    },
    {
        "client_msg_id": "f528bc92-3fb4-4db6-b005-f75e06a1fc1a",
        "type": "message",
        "text": "Shout out to <@U010AJPBC3B> for showing our team about nested columns!",
        "user": "U010T8GS82C",
        "ts": "1586636567.096500",
        "team": "T0105GKDN1H",
        "user_team": "T0105GKDN1H",
        "source_team": "T0105GKDN1H",
        "user_profile": {
            "avatar_hash": "6ef50089cc81",
            "image_72": "https:\/\/avatars.slack-edge.com\/2020-04-02\/1034222731234_6ef50089cc815ab375b5_72.jpg",
            "first_name": "",
            "real_name": "Mauricio Gutierrez",
            "display_name": "",
            "team": "T0105GKDN1H",
            "name": "mauriciogtrz",
            "is_restricted": false,
            "is_ultra_restricted": false
        },
        "blocks": [
            {
                "type": "rich_text",
                "block_id": "28OO",
                "elements": [
                    {
                        "type": "rich_text_section",
                        "elements": [
                            {
                                "type": "text",
                                "text": "Shout out to "
                            },
                            {
                                "type": "user",
                                "user_id": "U010AJPBC3B"
                            },
                            {
                                "type": "text",
                                "text": " for showing our team about nested columns!"
                            }
                        ]
                    }
                ]
            }
        ],
        "reactions": [
            {
                "name": "star2",
                "users": [
                    "U010ACLHD0R",
                    "U010Y90H4T0",
                    "U010LJKUX44"
                ],
                "count": 3
            },
            {
                "name": "grinning",
                "users": [
                    "U010AJPBC3B"
                ],
                "count": 1
            }
        ]
    },
    {
        "client_msg_id": "d605c178-0aa5-49b2-b2e3-4d9b9e5e7377",
        "type": "message",
        "text": "Shout out to <@U010ACLHD0R> for helping explain layouts using his mad row\/col skills!",
        "user": "U010LUDNEJU",
        "ts": "1586636788.098900",
        "team": "T0105GKDN1H",
        "user_team": "T0105GKDN1H",
        "source_team": "T0105GKDN1H",
        "user_profile": {
            "avatar_hash": "60a42db80d27",
            "image_72": "https:\/\/avatars.slack-edge.com\/2020-04-10\/1056102682051_60a42db80d27d72bc6b0_72.jpg",
            "first_name": "",
            "real_name": "Marc Martinez",
            "display_name": "Marc Martinez",
            "team": "T0105GKDN1H",
            "name": "marcmartinez987",
            "is_restricted": false,
            "is_ultra_restricted": false
        },
        "blocks": [
            {
                "type": "rich_text",
                "block_id": "oS1M",
                "elements": [
                    {
                        "type": "rich_text_section",
                        "elements": [
                            {
                                "type": "text",
                                "text": "Shout out to "
                            },
                            {
                                "type": "user",
                                "user_id": "U010ACLHD0R"
                            },
                            {
                                "type": "text",
                                "text": " for helping explain layouts using his mad row\/col skills!"
                            }
                        ]
                    }
                ]
            }
        ],
        "reactions": [
            {
                "name": "party_parrot",
                "users": [
                    "U010ACLHD0R",
                    "U010LHWSG4U",
                    "U010Y90H4T0"
                ],
                "count": 3
            }
        ]
    },
    {
        "client_msg_id": "80185B42-5C09-4E96-82D6-0966FB798D23",
        "type": "message",
        "text": "Shout to <@U010Y90H4T0>  for doing a great job explaining bootstrap! Sorry I had to bounce for a tutoring appointment! You da real MVP!",
        "user": "U010APCDU9F",
        "ts": "1586641352.100400",
        "team": "T0105GKDN1H",
        "user_team": "T0105GKDN1H",
        "source_team": "T0105GKDN1H",
        "user_profile": {
            "avatar_hash": "d44fbe708fa1",
            "image_72": "https:\/\/avatars.slack-edge.com\/2020-03-23\/1020879238357_d44fbe708fa1409cd3b9_72.jpg",
            "first_name": "",
            "real_name": "Eric Z",
            "display_name": "Eric Z",
            "team": "T0105GKDN1H",
            "name": "swissbizz88",
            "is_restricted": false,
            "is_ultra_restricted": false
        },
        "blocks": [
            {
                "type": "rich_text",
                "block_id": "Bl3",
                "elements": [
                    {
                        "type": "rich_text_section",
                        "elements": [
                            {
                                "type": "text",
                                "text": "Shout to "
                            },
                            {
                                "type": "user",
                                "user_id": "U010Y90H4T0"
                            },
                            {
                                "type": "text",
                                "text": "  for doing a great job explaining bootstrap! Sorry I had to bounce for a tutoring appointment! You da real MVP!"
                            }
                        ]
                    }
                ]
            }
        ],
        "reactions": [
            {
                "name": "party_parrot",
                "users": [
                    "U010ACLHD0R",
                    "U010Y90H4T0",
                    "U010LJKUX44"
                ],
                "count": 3
            }
        ]
    },
    {
        "client_msg_id": "8dc3cad6-4361-4d66-be76-b3587c5f4eb8",
        "type": "message",
        "text": "Shout to <@U010ACLHD0R> again, for staying after class to help me survive floats and positioning!",
        "user": "U010LUDNEJU",
        "ts": "1586653286.102400",
        "team": "T0105GKDN1H",
        "user_team": "T0105GKDN1H",
        "source_team": "T0105GKDN1H",
        "user_profile": {
            "avatar_hash": "60a42db80d27",
            "image_72": "https:\/\/avatars.slack-edge.com\/2020-04-10\/1056102682051_60a42db80d27d72bc6b0_72.jpg",
            "first_name": "",
            "real_name": "Marc Martinez",
            "display_name": "Marc Martinez",
            "team": "T0105GKDN1H",
            "name": "marcmartinez987",
            "is_restricted": false,
            "is_ultra_restricted": false
        },
        "blocks": [
            {
                "type": "rich_text",
                "block_id": "pn3",
                "elements": [
                    {
                        "type": "rich_text_section",
                        "elements": [
                            {
                                "type": "text",
                                "text": "Shout to "
                            },
                            {
                                "type": "user",
                                "user_id": "U010ACLHD0R"
                            },
                            {
                                "type": "text",
                                "text": " again, for staying after class to help me survive floats and positioning!"
                            }
                        ]
                    }
                ]
            }
        ],
        "reactions": [
            {
                "name": "star",
                "users": [
                    "U010ACLHD0R",
                    "U010Y90H4T0",
                    "U010LJKUX44"
                ],
                "count": 3
            }
        ]
    }
]