[
    {
        "client_msg_id": "a3dba744-4a49-4013-974e-3b5c987453f3",
        "type": "message",
        "text": "big shout out to <@U010Y90H4T0> for helping me on this day off ! very appreciate !",
        "user": "U010M34SKMK",
        "ts": "1586115047.052800",
        "team": "T0105GKDN1H",
        "user_team": "T0105GKDN1H",
        "source_team": "T0105GKDN1H",
        "user_profile": {
            "avatar_hash": "0122aab1c9b1",
            "image_72": "https:\/\/avatars.slack-edge.com\/2020-03-23\/1009660365315_0122aab1c9b12475e96c_72.jpg",
            "first_name": "",
            "real_name": "Caroline Lester",
            "display_name": "Caroline Lester",
            "team": "T0105GKDN1H",
            "name": "carolineclester",
            "is_restricted": false,
            "is_ultra_restricted": false
        },
        "blocks": [
            {
                "type": "rich_text",
                "block_id": "low",
                "elements": [
                    {
                        "type": "rich_text_section",
                        "elements": [
                            {
                                "type": "text",
                                "text": "big shout out to "
                            },
                            {
                                "type": "user",
                                "user_id": "U010Y90H4T0"
                            },
                            {
                                "type": "text",
                                "text": " for helping me on this day off ! very appreciate !"
                            }
                        ]
                    }
                ]
            }
        ],
        "reactions": [
            {
                "name": "grinning",
                "users": [
                    "U010Y90H4T0"
                ],
                "count": 1
            }
        ]
    },
    {
        "client_msg_id": "77edfa2c-e13a-4f98-9b78-3c5c2584bc4f",
        "type": "message",
        "text": "Thanks!",
        "user": "U010Y90H4T0",
        "ts": "1586115146.053100",
        "team": "T0105GKDN1H",
        "user_team": "T0105GKDN1H",
        "source_team": "T0105GKDN1H",
        "user_profile": {
            "avatar_hash": "dab7da854ffb",
            "image_72": "https:\/\/avatars.slack-edge.com\/2020-03-27\/1017678411922_dab7da854ffb816e196d_72.jpg",
            "first_name": "Chris",
            "real_name": "Chris Murphy",
            "display_name": "Chris Murphy",
            "team": "T0105GKDN1H",
            "name": "christoph2005",
            "is_restricted": false,
            "is_ultra_restricted": false
        },
        "blocks": [
            {
                "type": "rich_text",
                "block_id": "Utu",
                "elements": [
                    {
                        "type": "rich_text_section",
                        "elements": [
                            {
                                "type": "text",
                                "text": "Thanks!"
                            }
                        ]
                    }
                ]
            }
        ]
    },
    {
        "client_msg_id": "85f51a2d-7e15-4408-b61c-04f9f00fe649",
        "type": "message",
        "text": "Shout out to my TA's who all stayed in office hours above and beyond the call of Duty and shared some Real Talk with the office hours participants.\n<@U010LEW7V2R>, <@U010ACLHD0R>, <@U010LEW4XPX> !",
        "user": "U010Y90H4T0",
        "ts": "1586115219.054200",
        "team": "T0105GKDN1H",
        "user_team": "T0105GKDN1H",
        "source_team": "T0105GKDN1H",
        "user_profile": {
            "avatar_hash": "dab7da854ffb",
            "image_72": "https:\/\/avatars.slack-edge.com\/2020-03-27\/1017678411922_dab7da854ffb816e196d_72.jpg",
            "first_name": "Chris",
            "real_name": "Chris Murphy",
            "display_name": "Chris Murphy",
            "team": "T0105GKDN1H",
            "name": "christoph2005",
            "is_restricted": false,
            "is_ultra_restricted": false
        },
        "blocks": [
            {
                "type": "rich_text",
                "block_id": "0+kII",
                "elements": [
                    {
                        "type": "rich_text_section",
                        "elements": [
                            {
                                "type": "text",
                                "text": "Shout out to my TA's who all stayed in office hours above and beyond the call of Duty and shared some Real Talk with the office hours participants.\n"
                            },
                            {
                                "type": "user",
                                "user_id": "U010LEW7V2R"
                            },
                            {
                                "type": "text",
                                "text": ", "
                            },
                            {
                                "type": "user",
                                "user_id": "U010ACLHD0R"
                            },
                            {
                                "type": "text",
                                "text": ", "
                            },
                            {
                                "type": "user",
                                "user_id": "U010LEW4XPX"
                            },
                            {
                                "type": "text",
                                "text": " !"
                            }
                        ]
                    }
                ]
            }
        ],
        "reactions": [
            {
                "name": "party_parrot",
                "users": [
                    "U010ACLHD0R"
                ],
                "count": 1
            },
            {
                "name": "grin",
                "users": [
                    "U010LEW4XPX"
                ],
                "count": 1
            }
        ]
    },
    {
        "client_msg_id": "e655539a-1db4-49a1-8864-bd6c9c5e5ea7",
        "type": "message",
        "text": "Big shout out to <@U010B5G5KHP> for sticking around for office hours and sharing in the real talk as well!",
        "user": "U010Y90H4T0",
        "ts": "1586116518.055500",
        "team": "T0105GKDN1H",
        "user_team": "T0105GKDN1H",
        "source_team": "T0105GKDN1H",
        "user_profile": {
            "avatar_hash": "dab7da854ffb",
            "image_72": "https:\/\/avatars.slack-edge.com\/2020-03-27\/1017678411922_dab7da854ffb816e196d_72.jpg",
            "first_name": "Chris",
            "real_name": "Chris Murphy",
            "display_name": "Chris Murphy",
            "team": "T0105GKDN1H",
            "name": "christoph2005",
            "is_restricted": false,
            "is_ultra_restricted": false
        },
        "blocks": [
            {
                "type": "rich_text",
                "block_id": "8ij=J",
                "elements": [
                    {
                        "type": "rich_text_section",
                        "elements": [
                            {
                                "type": "text",
                                "text": "Big shout out to "
                            },
                            {
                                "type": "user",
                                "user_id": "U010B5G5KHP"
                            },
                            {
                                "type": "text",
                                "text": " for sticking around for office hours and sharing in the real talk as well!"
                            }
                        ]
                    }
                ]
            }
        ]
    },
    {
        "client_msg_id": "6b3b1b63-8f7a-4816-80d4-220b01dd1999",
        "type": "message",
        "text": "Shout out to <@U010HBPMX5G>, from SpaceX, joining us after his 11 hour workdays, sharing his advice for how to handle anxiety in a high stress environment during real talk!",
        "user": "U010Y90H4T0",
        "ts": "1586116592.057000",
        "team": "T0105GKDN1H",
        "user_team": "T0105GKDN1H",
        "source_team": "T0105GKDN1H",
        "user_profile": {
            "avatar_hash": "dab7da854ffb",
            "image_72": "https:\/\/avatars.slack-edge.com\/2020-03-27\/1017678411922_dab7da854ffb816e196d_72.jpg",
            "first_name": "Chris",
            "real_name": "Chris Murphy",
            "display_name": "Chris Murphy",
            "team": "T0105GKDN1H",
            "name": "christoph2005",
            "is_restricted": false,
            "is_ultra_restricted": false
        },
        "blocks": [
            {
                "type": "rich_text",
                "block_id": "7I0XF",
                "elements": [
                    {
                        "type": "rich_text_section",
                        "elements": [
                            {
                                "type": "text",
                                "text": "Shout out to "
                            },
                            {
                                "type": "user",
                                "user_id": "U010HBPMX5G"
                            },
                            {
                                "type": "text",
                                "text": ", from SpaceX, joining us after his 11 hour workdays, sharing his advice for how to handle anxiety in a high stress environment during real talk!"
                            }
                        ]
                    }
                ]
            }
        ]
    },
    {
        "client_msg_id": "3d094311-db23-460e-a8a0-c1f0e38cdb64",
        "type": "message",
        "text": "Big shout out to <@U010ACLHD0R>, specifically for sticking around longest and sharing information about a \"box breathing\" technique.",
        "user": "U010Y90H4T0",
        "ts": "1586116869.058600",
        "team": "T0105GKDN1H",
        "user_team": "T0105GKDN1H",
        "source_team": "T0105GKDN1H",
        "user_profile": {
            "avatar_hash": "dab7da854ffb",
            "image_72": "https:\/\/avatars.slack-edge.com\/2020-03-27\/1017678411922_dab7da854ffb816e196d_72.jpg",
            "first_name": "Chris",
            "real_name": "Chris Murphy",
            "display_name": "Chris Murphy",
            "team": "T0105GKDN1H",
            "name": "christoph2005",
            "is_restricted": false,
            "is_ultra_restricted": false
        },
        "blocks": [
            {
                "type": "rich_text",
                "block_id": "Ldt1i",
                "elements": [
                    {
                        "type": "rich_text_section",
                        "elements": [
                            {
                                "type": "text",
                                "text": "Big shout out to "
                            },
                            {
                                "type": "user",
                                "user_id": "U010ACLHD0R"
                            },
                            {
                                "type": "text",
                                "text": ", specifically for sticking around longest and sharing information about a \"box breathing\" technique."
                            }
                        ]
                    }
                ]
            }
        ],
        "reactions": [
            {
                "name": "+1",
                "users": [
                    "U010ACLHD0R",
                    "U010KG4F57W"
                ],
                "count": 2
            }
        ]
    },
    {
        "client_msg_id": "91716e0d-91c5-4095-9673-d76ad4551857",
        "type": "message",
        "text": "Big shout out to <@U010LEW7V2R>, specifically for her targeted, expert responses to questions, and for finding and sharing the necessary materials, like lightning!",
        "user": "U010Y90H4T0",
        "ts": "1586117085.059600",
        "team": "T0105GKDN1H",
        "user_team": "T0105GKDN1H",
        "source_team": "T0105GKDN1H",
        "user_profile": {
            "avatar_hash": "dab7da854ffb",
            "image_72": "https:\/\/avatars.slack-edge.com\/2020-03-27\/1017678411922_dab7da854ffb816e196d_72.jpg",
            "first_name": "Chris",
            "real_name": "Chris Murphy",
            "display_name": "Chris Murphy",
            "team": "T0105GKDN1H",
            "name": "christoph2005",
            "is_restricted": false,
            "is_ultra_restricted": false
        },
        "blocks": [
            {
                "type": "rich_text",
                "block_id": "v96",
                "elements": [
                    {
                        "type": "rich_text_section",
                        "elements": [
                            {
                                "type": "text",
                                "text": "Big shout out to "
                            },
                            {
                                "type": "user",
                                "user_id": "U010LEW7V2R"
                            },
                            {
                                "type": "text",
                                "text": ", specifically for her targeted, expert responses to questions, and for finding and sharing the necessary materials, like lightning!"
                            }
                        ]
                    }
                ]
            }
        ],
        "reactions": [
            {
                "name": "+1",
                "users": [
                    "U010ACLHD0R",
                    "U010KG4F57W"
                ],
                "count": 2
            }
        ]
    },
    {
        "client_msg_id": "6f535b08-b96c-40eb-a81a-4868c3d764a2",
        "type": "message",
        "text": "Shout out to <@U010M34SKMK> for sharing her solution to the Float Activity from class, during the activity review.",
        "user": "U010Y90H4T0",
        "ts": "1586117136.060500",
        "team": "T0105GKDN1H",
        "user_team": "T0105GKDN1H",
        "source_team": "T0105GKDN1H",
        "user_profile": {
            "avatar_hash": "dab7da854ffb",
            "image_72": "https:\/\/avatars.slack-edge.com\/2020-03-27\/1017678411922_dab7da854ffb816e196d_72.jpg",
            "first_name": "Chris",
            "real_name": "Chris Murphy",
            "display_name": "Chris Murphy",
            "team": "T0105GKDN1H",
            "name": "christoph2005",
            "is_restricted": false,
            "is_ultra_restricted": false
        },
        "blocks": [
            {
                "type": "rich_text",
                "block_id": "tXnV",
                "elements": [
                    {
                        "type": "rich_text_section",
                        "elements": [
                            {
                                "type": "text",
                                "text": "Shout out to "
                            },
                            {
                                "type": "user",
                                "user_id": "U010M34SKMK"
                            },
                            {
                                "type": "text",
                                "text": " for sharing her solution to the Float Activity from class, during the activity review."
                            }
                        ]
                    }
                ]
            }
        ],
        "reactions": [
            {
                "name": "+1",
                "users": [
                    "U010ACLHD0R",
                    "U010KG4F57W"
                ],
                "count": 2
            }
        ]
    }
]