[
    {
        "client_msg_id": "6f570128-b6bd-482c-9679-02b5c718f9d0",
        "type": "message",
        "text": "Shout out to <@U010LUDNEJU> for being a genius and helping me understand how to link to files in the previous file path. Thank you!",
        "user": "U010L2Z8M7F",
        "ts": "1586021093.043100",
        "team": "T0105GKDN1H",
        "user_team": "T0105GKDN1H",
        "source_team": "T0105GKDN1H",
        "user_profile": {
            "avatar_hash": "d530d6a49334",
            "image_72": "https:\/\/avatars.slack-edge.com\/2020-03-23\/1010225799969_d530d6a493349354556a_72.jpg",
            "first_name": "",
            "real_name": "Mark Fullton",
            "display_name": "Mark Fullton",
            "team": "T0105GKDN1H",
            "name": "the.mark.fullton",
            "is_restricted": false,
            "is_ultra_restricted": false
        },
        "blocks": [
            {
                "type": "rich_text",
                "block_id": "=zEXy",
                "elements": [
                    {
                        "type": "rich_text_section",
                        "elements": [
                            {
                                "type": "text",
                                "text": "Shout out to "
                            },
                            {
                                "type": "user",
                                "user_id": "U010LUDNEJU"
                            },
                            {
                                "type": "text",
                                "text": " for being a genius and helping me understand how to link to files in the previous file path. Thank you!"
                            }
                        ]
                    }
                ]
            }
        ],
        "reactions": [
            {
                "name": "+1",
                "users": [
                    "U010AJPBC3B",
                    "U010LEW4XPX",
                    "U010ACLHD0R",
                    "U010Y90H4T0"
                ],
                "count": 4
            }
        ]
    },
    {
        "client_msg_id": "8097862c-2d59-410c-8514-df4b94cc001c",
        "type": "message",
        "text": "Shout out <@U010NLX5YVD> and <@U010L2Z8M7F>!",
        "user": "U010LHWSG4U",
        "ts": "1586033553.044600",
        "team": "T0105GKDN1H",
        "user_team": "T0105GKDN1H",
        "source_team": "T0105GKDN1H",
        "user_profile": {
            "avatar_hash": "94c7660ade93",
            "image_72": "https:\/\/avatars.slack-edge.com\/2020-03-25\/1015453574355_94c7660ade93297788be_72.jpg",
            "first_name": "",
            "real_name": "Sandra Romero",
            "display_name": "Sandra Romero",
            "team": "T0105GKDN1H",
            "name": "sandymarieromero",
            "is_restricted": false,
            "is_ultra_restricted": false
        },
        "blocks": [
            {
                "type": "rich_text",
                "block_id": "Xt=6x",
                "elements": [
                    {
                        "type": "rich_text_section",
                        "elements": [
                            {
                                "type": "text",
                                "text": "Shout out "
                            },
                            {
                                "type": "user",
                                "user_id": "U010NLX5YVD"
                            },
                            {
                                "type": "text",
                                "text": " and "
                            },
                            {
                                "type": "user",
                                "user_id": "U010L2Z8M7F"
                            },
                            {
                                "type": "text",
                                "text": "!"
                            }
                        ]
                    }
                ]
            }
        ],
        "thread_ts": "1586033553.044600",
        "reply_count": 1,
        "reply_users_count": 1,
        "latest_reply": "1586033594.044900",
        "reply_users": [
            "U010L2Z8M7F"
        ],
        "replies": [
            {
                "user": "U010L2Z8M7F",
                "ts": "1586033594.044900"
            }
        ],
        "subscribed": false,
        "reactions": [
            {
                "name": "party_parrot",
                "users": [
                    "U010ACLHD0R",
                    "U010LEW4XPX",
                    "U010Y90H4T0"
                ],
                "count": 3
            },
            {
                "name": "+1",
                "users": [
                    "U010AJPBC3B"
                ],
                "count": 1
            }
        ]
    },
    {
        "client_msg_id": "11769d88-ddc2-495e-9125-430aa28889a9",
        "type": "message",
        "text": "Haha! I did nothing! It was all <@U010NLX5YVD>",
        "user": "U010L2Z8M7F",
        "ts": "1586033594.044900",
        "team": "T0105GKDN1H",
        "user_team": "T0105GKDN1H",
        "source_team": "T0105GKDN1H",
        "user_profile": {
            "avatar_hash": "d530d6a49334",
            "image_72": "https:\/\/avatars.slack-edge.com\/2020-03-23\/1010225799969_d530d6a493349354556a_72.jpg",
            "first_name": "",
            "real_name": "Mark Fullton",
            "display_name": "Mark Fullton",
            "team": "T0105GKDN1H",
            "name": "the.mark.fullton",
            "is_restricted": false,
            "is_ultra_restricted": false
        },
        "blocks": [
            {
                "type": "rich_text",
                "block_id": "2BLL6",
                "elements": [
                    {
                        "type": "rich_text_section",
                        "elements": [
                            {
                                "type": "text",
                                "text": "Haha! I did nothing! It was all "
                            },
                            {
                                "type": "user",
                                "user_id": "U010NLX5YVD"
                            }
                        ]
                    }
                ]
            }
        ],
        "thread_ts": "1586033553.044600",
        "parent_user_id": "U010LHWSG4U"
    },
    {
        "client_msg_id": "5dc01a6d-2d14-4203-8e32-978a4130930c",
        "type": "message",
        "text": "SO to <@U010M34SKMK> for her helpful guidance in the breakout rooms",
        "user": "U010LJKUX44",
        "ts": "1586036150.046300",
        "team": "T0105GKDN1H",
        "user_team": "T0105GKDN1H",
        "source_team": "T0105GKDN1H",
        "user_profile": {
            "avatar_hash": "76dca6aade71",
            "image_72": "https:\/\/avatars.slack-edge.com\/2020-03-23\/1022739361382_76dca6aade71042586a7_72.png",
            "first_name": "",
            "real_name": "Hazel Kasusky",
            "display_name": "Hazel Kasusky",
            "team": "T0105GKDN1H",
            "name": "kasusky.music",
            "is_restricted": false,
            "is_ultra_restricted": false
        },
        "blocks": [
            {
                "type": "rich_text",
                "block_id": "t0Jrb",
                "elements": [
                    {
                        "type": "rich_text_section",
                        "elements": [
                            {
                                "type": "text",
                                "text": "SO to "
                            },
                            {
                                "type": "user",
                                "user_id": "U010M34SKMK"
                            },
                            {
                                "type": "text",
                                "text": " for her helpful guidance in the breakout rooms"
                            }
                        ]
                    }
                ]
            }
        ],
        "reactions": [
            {
                "name": "party_parrot",
                "users": [
                    "U010ACLHD0R",
                    "U010Y90H4T0"
                ],
                "count": 2
            }
        ]
    },
    {
        "client_msg_id": "3DFF412B-11C1-401C-BA11-319C7CA38763",
        "type": "message",
        "text": "SO to <@U010ACLHD0R> for his help getting me setup on Gitlab!",
        "user": "U010APCDU9F",
        "ts": "1586039510.047300",
        "team": "T0105GKDN1H",
        "user_team": "T0105GKDN1H",
        "source_team": "T0105GKDN1H",
        "user_profile": {
            "avatar_hash": "d44fbe708fa1",
            "image_72": "https:\/\/avatars.slack-edge.com\/2020-03-23\/1020879238357_d44fbe708fa1409cd3b9_72.jpg",
            "first_name": "",
            "real_name": "Eric Z",
            "display_name": "Eric Z",
            "team": "T0105GKDN1H",
            "name": "swissbizz88",
            "is_restricted": false,
            "is_ultra_restricted": false
        },
        "blocks": [
            {
                "type": "rich_text",
                "block_id": "F4mqN",
                "elements": [
                    {
                        "type": "rich_text_section",
                        "elements": [
                            {
                                "type": "text",
                                "text": "SO to "
                            },
                            {
                                "type": "user",
                                "user_id": "U010ACLHD0R"
                            },
                            {
                                "type": "text",
                                "text": " for his help getting me setup on Gitlab!"
                            }
                        ]
                    }
                ]
            }
        ],
        "reactions": [
            {
                "name": "party_parrot",
                "users": [
                    "U010ACLHD0R",
                    "U010Y90H4T0"
                ],
                "count": 2
            }
        ]
    },
    {
        "client_msg_id": "7852f00d-b577-41c5-9be7-85387a56bcea",
        "type": "message",
        "text": "Big shout out to <@U010ACLHD0R> for also helping me with Gitlab! Thanks!",
        "user": "U010M34SKMK",
        "ts": "1586051385.048200",
        "team": "T0105GKDN1H",
        "user_team": "T0105GKDN1H",
        "source_team": "T0105GKDN1H",
        "user_profile": {
            "avatar_hash": "0122aab1c9b1",
            "image_72": "https:\/\/avatars.slack-edge.com\/2020-03-23\/1009660365315_0122aab1c9b12475e96c_72.jpg",
            "first_name": "",
            "real_name": "Caroline Lester",
            "display_name": "Caroline Lester",
            "team": "T0105GKDN1H",
            "name": "carolineclester",
            "is_restricted": false,
            "is_ultra_restricted": false
        },
        "blocks": [
            {
                "type": "rich_text",
                "block_id": "gNQkq",
                "elements": [
                    {
                        "type": "rich_text_section",
                        "elements": [
                            {
                                "type": "text",
                                "text": "Big shout out to "
                            },
                            {
                                "type": "user",
                                "user_id": "U010ACLHD0R"
                            },
                            {
                                "type": "text",
                                "text": " for also helping me with Gitlab! Thanks!"
                            }
                        ]
                    }
                ]
            }
        ],
        "reactions": [
            {
                "name": "party_parrot",
                "users": [
                    "U010ACLHD0R",
                    "U010KG4F57W",
                    "U010Y90H4T0"
                ],
                "count": 3
            }
        ]
    },
    {
        "client_msg_id": "2D5EE3BF-5430-43F4-A125-60B962A43EAB",
        "type": "message",
        "text": "Another shout out to <@U010ACLHD0R> for assisting with SSH keys!!! He was willing to help me out even it was outside of office hour!!",
        "user": "U010KG4F57W",
        "ts": "1586053994.050600",
        "team": "T0105GKDN1H",
        "user_team": "T0105GKDN1H",
        "source_team": "T0105GKDN1H",
        "user_profile": {
            "avatar_hash": "499eac0d340b",
            "image_72": "https:\/\/avatars.slack-edge.com\/2020-03-23\/1022568785783_499eac0d340bd5faa6c9_72.jpg",
            "first_name": "",
            "real_name": "Eddie Kim",
            "display_name": "Eddie Kim",
            "team": "T0105GKDN1H",
            "name": "eddienakkim",
            "is_restricted": false,
            "is_ultra_restricted": false
        },
        "blocks": [
            {
                "type": "rich_text",
                "block_id": "Cyl+",
                "elements": [
                    {
                        "type": "rich_text_section",
                        "elements": [
                            {
                                "type": "text",
                                "text": "Another shout out to "
                            },
                            {
                                "type": "user",
                                "user_id": "U010ACLHD0R"
                            },
                            {
                                "type": "text",
                                "text": " for assisting with SSH keys!!! He was willing to help me out even it was outside of office hour!!"
                            }
                        ]
                    }
                ]
            }
        ],
        "reactions": [
            {
                "name": "+1",
                "users": [
                    "U010AJPBC3B",
                    "U010Y90H4T0",
                    "U010ACLHD0R"
                ],
                "count": 3
            }
        ]
    }
]