[
    {
        "client_msg_id": "C17918C2-B508-4FA9-8358-9EC5C61061F7",
        "type": "message",
        "text": "Huge thanks to <@U010ACLHD0R>  &amp; <@U010B5G5KHP> for staying late and helping with git hub last night.",
        "user": "U010HBPMX5G",
        "ts": "1586356617.074800",
        "team": "T0105GKDN1H",
        "user_team": "T0105GKDN1H",
        "source_team": "T0105GKDN1H",
        "user_profile": {
            "avatar_hash": "5cb5349df106",
            "image_72": "https:\/\/avatars.slack-edge.com\/2020-03-28\/1032931059492_5cb5349df1060e2e509d_72.png",
            "first_name": "Jeremy",
            "real_name": "Jeremy Pena",
            "display_name": "Jeremy Pena",
            "team": "T0105GKDN1H",
            "name": "jpena.boots",
            "is_restricted": false,
            "is_ultra_restricted": false
        },
        "blocks": [
            {
                "type": "rich_text",
                "block_id": "WWu",
                "elements": [
                    {
                        "type": "rich_text_section",
                        "elements": [
                            {
                                "type": "text",
                                "text": "Huge thanks to "
                            },
                            {
                                "type": "user",
                                "user_id": "U010ACLHD0R"
                            },
                            {
                                "type": "text",
                                "text": "  & "
                            },
                            {
                                "type": "user",
                                "user_id": "U010B5G5KHP"
                            },
                            {
                                "type": "text",
                                "text": " for staying late and helping with git hub last night."
                            }
                        ]
                    }
                ]
            }
        ],
        "reactions": [
            {
                "name": "+1",
                "users": [
                    "U010ACLHD0R",
                    "U010LEW4XPX",
                    "U010Y90H4T0",
                    "U010KG4F57W"
                ],
                "count": 4
            }
        ]
    },
    {
        "client_msg_id": "39adbb32-49d0-41f4-99e4-c912639ecae4",
        "type": "message",
        "text": "<@U010ACLHD0R>, MVP of office hours!",
        "user": "U010Y90H4T0",
        "ts": "1586369210.075300",
        "team": "T0105GKDN1H",
        "user_team": "T0105GKDN1H",
        "source_team": "T0105GKDN1H",
        "user_profile": {
            "avatar_hash": "dab7da854ffb",
            "image_72": "https:\/\/avatars.slack-edge.com\/2020-03-27\/1017678411922_dab7da854ffb816e196d_72.jpg",
            "first_name": "Chris",
            "real_name": "Chris Murphy",
            "display_name": "Chris Murphy",
            "team": "T0105GKDN1H",
            "name": "christoph2005",
            "is_restricted": false,
            "is_ultra_restricted": false
        },
        "edited": {
            "user": "U010Y90H4T0",
            "ts": "1586369247.000000"
        },
        "blocks": [
            {
                "type": "rich_text",
                "block_id": "3\/r0v",
                "elements": [
                    {
                        "type": "rich_text_section",
                        "elements": [
                            {
                                "type": "user",
                                "user_id": "U010ACLHD0R"
                            },
                            {
                                "type": "text",
                                "text": ", MVP of office hours!"
                            }
                        ]
                    }
                ]
            }
        ],
        "reactions": [
            {
                "name": "+1",
                "users": [
                    "U010H28N18S",
                    "U010LEW4XPX",
                    "U010B5G5KHP",
                    "U010Y90H4T0",
                    "U010KG4F57W"
                ],
                "count": 5
            }
        ]
    },
    {
        "client_msg_id": "56579251-e8cc-4638-b8b8-79ce5eee61d1",
        "type": "message",
        "text": "Big thank you to <@U010ACLHD0R> for going above and beyond to help me with updating a forked repository!",
        "user": "U010LRKMSKX",
        "ts": "1586390514.077100",
        "team": "T0105GKDN1H",
        "user_team": "T0105GKDN1H",
        "source_team": "T0105GKDN1H",
        "user_profile": {
            "avatar_hash": "ae27f99c40c3",
            "image_72": "https:\/\/avatars.slack-edge.com\/2020-03-23\/1022872147895_ae27f99c40c3c34dd86b_72.jpg",
            "first_name": "",
            "real_name": "Yssabel Pangilinan",
            "display_name": "Yssabel Pangilinan",
            "team": "T0105GKDN1H",
            "name": "yssabelpangilinan",
            "is_restricted": false,
            "is_ultra_restricted": false
        },
        "blocks": [
            {
                "type": "rich_text",
                "block_id": "DEx9R",
                "elements": [
                    {
                        "type": "rich_text_section",
                        "elements": [
                            {
                                "type": "text",
                                "text": "Big thank you to "
                            },
                            {
                                "type": "user",
                                "user_id": "U010ACLHD0R"
                            },
                            {
                                "type": "text",
                                "text": " for going above and beyond to help me with updating a forked repository!"
                            }
                        ]
                    }
                ]
            }
        ],
        "reactions": [
            {
                "name": "+1",
                "users": [
                    "U010ACLHD0R",
                    "U010B5G5KHP",
                    "U010Y90H4T0",
                    "U010KG4F57W"
                ],
                "count": 4
            }
        ]
    }
]