[
    {
        "type": "message",
        "subtype": "channel_join",
        "ts": "1585629097.000200",
        "user": "U010Y90H4T0",
        "text": "<@U010Y90H4T0> has joined the channel"
    },
    {
        "type": "message",
        "subtype": "channel_purpose",
        "ts": "1585629100.000300",
        "user": "U010Y90H4T0",
        "text": "<@U010Y90H4T0> set the channel purpose: Intro to Web Development, HTML\/CSS, and Git",
        "purpose": "Intro to Web Development, HTML\/CSS, and Git"
    },
    {
        "type": "message",
        "subtype": "channel_join",
        "ts": "1585629107.000500",
        "user": "U0107MTT526",
        "text": "<@U0107MTT526> has joined the channel",
        "inviter": "U010Y90H4T0"
    },
    {
        "type": "message",
        "subtype": "channel_join",
        "ts": "1585629107.000700",
        "user": "U010853J6DQ",
        "text": "<@U010853J6DQ> has joined the channel",
        "inviter": "U010Y90H4T0"
    },
    {
        "type": "message",
        "subtype": "channel_join",
        "ts": "1585629107.000900",
        "user": "U01086WUV5Y",
        "text": "<@U01086WUV5Y> has joined the channel",
        "inviter": "U010Y90H4T0"
    },
    {
        "type": "message",
        "subtype": "channel_join",
        "ts": "1585629107.001100",
        "user": "U010884RC58",
        "text": "<@U010884RC58> has joined the channel",
        "inviter": "U010Y90H4T0"
    },
    {
        "type": "message",
        "subtype": "channel_join",
        "ts": "1585629107.001300",
        "user": "U0109GZP6HH",
        "text": "<@U0109GZP6HH> has joined the channel",
        "inviter": "U010Y90H4T0"
    },
    {
        "type": "message",
        "subtype": "channel_join",
        "ts": "1585629107.001500",
        "user": "U0109HQ4UQ3",
        "text": "<@U0109HQ4UQ3> has joined the channel",
        "inviter": "U010Y90H4T0"
    },
    {
        "type": "message",
        "subtype": "channel_join",
        "ts": "1585629107.001700",
        "user": "U010ACLHD0R",
        "text": "<@U010ACLHD0R> has joined the channel",
        "inviter": "U010Y90H4T0"
    },
    {
        "type": "message",
        "subtype": "channel_join",
        "ts": "1585629107.001900",
        "user": "U010AFPTJP3",
        "text": "<@U010AFPTJP3> has joined the channel",
        "inviter": "U010Y90H4T0"
    },
    {
        "type": "message",
        "subtype": "channel_join",
        "ts": "1585629108.002100",
        "user": "U010AJPBC3B",
        "text": "<@U010AJPBC3B> has joined the channel",
        "inviter": "U010Y90H4T0"
    },
    {
        "type": "message",
        "subtype": "channel_join",
        "ts": "1585629108.002300",
        "user": "U010AP9JH4Z",
        "text": "<@U010AP9JH4Z> has joined the channel",
        "inviter": "U010Y90H4T0"
    },
    {
        "type": "message",
        "subtype": "channel_join",
        "ts": "1585629108.002500",
        "user": "U010APCDU9F",
        "text": "<@U010APCDU9F> has joined the channel",
        "inviter": "U010Y90H4T0"
    },
    {
        "type": "message",
        "subtype": "channel_join",
        "ts": "1585629108.002700",
        "user": "U010B06SPMX",
        "text": "<@U010B06SPMX> has joined the channel",
        "inviter": "U010Y90H4T0"
    },
    {
        "type": "message",
        "subtype": "channel_join",
        "ts": "1585629108.002900",
        "user": "U010B4FCHCZ",
        "text": "<@U010B4FCHCZ> has joined the channel",
        "inviter": "U010Y90H4T0"
    },
    {
        "type": "message",
        "subtype": "channel_join",
        "ts": "1585629108.003100",
        "user": "U010B5G5KHP",
        "text": "<@U010B5G5KHP> has joined the channel",
        "inviter": "U010Y90H4T0"
    },
    {
        "type": "message",
        "subtype": "channel_join",
        "ts": "1585629108.003300",
        "user": "U010H0ZEZJL",
        "text": "<@U010H0ZEZJL> has joined the channel",
        "inviter": "U010Y90H4T0"
    },
    {
        "type": "message",
        "subtype": "channel_join",
        "ts": "1585629109.003500",
        "user": "U010H28N18S",
        "text": "<@U010H28N18S> has joined the channel",
        "inviter": "U010Y90H4T0"
    },
    {
        "type": "message",
        "subtype": "channel_join",
        "ts": "1585629109.003700",
        "user": "U010H71MH8A",
        "text": "<@U010H71MH8A> has joined the channel",
        "inviter": "U010Y90H4T0"
    },
    {
        "type": "message",
        "subtype": "channel_join",
        "ts": "1585629109.003900",
        "user": "U010HBPMX5G",
        "text": "<@U010HBPMX5G> has joined the channel",
        "inviter": "U010Y90H4T0"
    },
    {
        "type": "message",
        "subtype": "channel_join",
        "ts": "1585629109.004100",
        "user": "U010K745JMU",
        "text": "<@U010K745JMU> has joined the channel",
        "inviter": "U010Y90H4T0"
    },
    {
        "type": "message",
        "subtype": "channel_join",
        "ts": "1585629109.004300",
        "user": "U010KG4F57W",
        "text": "<@U010KG4F57W> has joined the channel",
        "inviter": "U010Y90H4T0"
    },
    {
        "type": "message",
        "subtype": "channel_join",
        "ts": "1585629109.004500",
        "user": "U010L2Z8M7F",
        "text": "<@U010L2Z8M7F> has joined the channel",
        "inviter": "U010Y90H4T0"
    },
    {
        "type": "message",
        "subtype": "channel_join",
        "ts": "1585629109.004700",
        "user": "U010L7X7YJG",
        "text": "<@U010L7X7YJG> has joined the channel",
        "inviter": "U010Y90H4T0"
    },
    {
        "type": "message",
        "subtype": "channel_join",
        "ts": "1585629109.004900",
        "user": "U010LEW4XPX",
        "text": "<@U010LEW4XPX> has joined the channel",
        "inviter": "U010Y90H4T0"
    },
    {
        "type": "message",
        "subtype": "channel_join",
        "ts": "1585629109.005100",
        "user": "U010LEW7V2R",
        "text": "<@U010LEW7V2R> has joined the channel",
        "inviter": "U010Y90H4T0"
    },
    {
        "type": "message",
        "subtype": "channel_join",
        "ts": "1585629109.005300",
        "user": "U010LHWSG4U",
        "text": "<@U010LHWSG4U> has joined the channel",
        "inviter": "U010Y90H4T0"
    },
    {
        "type": "message",
        "subtype": "channel_join",
        "ts": "1585629109.005500",
        "user": "U010LJ07DTN",
        "text": "<@U010LJ07DTN> has joined the channel",
        "inviter": "U010Y90H4T0"
    },
    {
        "type": "message",
        "subtype": "channel_join",
        "ts": "1585629110.005700",
        "user": "U010LJKUX44",
        "text": "<@U010LJKUX44> has joined the channel",
        "inviter": "U010Y90H4T0"
    },
    {
        "type": "message",
        "subtype": "channel_join",
        "ts": "1585629110.005900",
        "user": "U010LRKMSKX",
        "text": "<@U010LRKMSKX> has joined the channel",
        "inviter": "U010Y90H4T0"
    },
    {
        "type": "message",
        "subtype": "channel_join",
        "ts": "1585629110.006100",
        "user": "U010LUDNEJU",
        "text": "<@U010LUDNEJU> has joined the channel",
        "inviter": "U010Y90H4T0"
    },
    {
        "type": "message",
        "subtype": "channel_join",
        "ts": "1585629110.006300",
        "user": "U010M0LB2V6",
        "text": "<@U010M0LB2V6> has joined the channel",
        "inviter": "U010Y90H4T0"
    },
    {
        "type": "message",
        "subtype": "channel_join",
        "ts": "1585629110.006500",
        "user": "U010M13U1FS",
        "text": "<@U010M13U1FS> has joined the channel",
        "inviter": "U010Y90H4T0"
    },
    {
        "type": "message",
        "subtype": "channel_join",
        "ts": "1585629110.006700",
        "user": "U010M2FV6HK",
        "text": "<@U010M2FV6HK> has joined the channel",
        "inviter": "U010Y90H4T0"
    },
    {
        "type": "message",
        "subtype": "channel_join",
        "ts": "1585629110.006900",
        "user": "U010M34SKMK",
        "text": "<@U010M34SKMK> has joined the channel",
        "inviter": "U010Y90H4T0"
    },
    {
        "type": "message",
        "subtype": "channel_join",
        "ts": "1585629110.007100",
        "user": "U010NBVRB62",
        "text": "<@U010NBVRB62> has joined the channel",
        "inviter": "U010Y90H4T0"
    },
    {
        "type": "message",
        "subtype": "channel_join",
        "ts": "1585629110.007300",
        "user": "U010NLDPJ2J",
        "text": "<@U010NLDPJ2J> has joined the channel",
        "inviter": "U010Y90H4T0"
    },
    {
        "type": "message",
        "subtype": "channel_join",
        "ts": "1585629111.007500",
        "user": "U010NLX5YVD",
        "text": "<@U010NLX5YVD> has joined the channel",
        "inviter": "U010Y90H4T0"
    },
    {
        "type": "message",
        "subtype": "channel_join",
        "ts": "1585629111.007700",
        "user": "U010NQC5BN3",
        "text": "<@U010NQC5BN3> has joined the channel",
        "inviter": "U010Y90H4T0"
    },
    {
        "type": "message",
        "subtype": "channel_join",
        "ts": "1585629111.007900",
        "user": "U010NQCT52B",
        "text": "<@U010NQCT52B> has joined the channel",
        "inviter": "U010Y90H4T0"
    },
    {
        "type": "message",
        "subtype": "channel_join",
        "ts": "1585629111.008100",
        "user": "U010P7ZMAP3",
        "text": "<@U010P7ZMAP3> has joined the channel",
        "inviter": "U010Y90H4T0"
    },
    {
        "type": "message",
        "subtype": "channel_join",
        "ts": "1585629111.008300",
        "user": "U010PSR7BT6",
        "text": "<@U010PSR7BT6> has joined the channel",
        "inviter": "U010Y90H4T0"
    },
    {
        "type": "message",
        "subtype": "channel_join",
        "ts": "1585629111.008500",
        "user": "U010T8GS82C",
        "text": "<@U010T8GS82C> has joined the channel",
        "inviter": "U010Y90H4T0"
    },
    {
        "type": "message",
        "subtype": "channel_join",
        "ts": "1585629111.008700",
        "user": "U010Z0MUSN4",
        "text": "<@U010Z0MUSN4> has joined the channel",
        "inviter": "U010Y90H4T0"
    }
]