[
    {
        "client_msg_id": "ece77f88-2853-4c40-b6aa-c066a91c261f",
        "type": "message",
        "text": "Thanks <@U010KG4F57W>,\nThat's a really cool resource.",
        "user": "U010Y90H4T0",
        "ts": "1586212897.143400",
        "team": "T0105GKDN1H",
        "user_team": "T0105GKDN1H",
        "source_team": "T0105GKDN1H",
        "user_profile": {
            "avatar_hash": "dab7da854ffb",
            "image_72": "https:\/\/avatars.slack-edge.com\/2020-03-27\/1017678411922_dab7da854ffb816e196d_72.jpg",
            "first_name": "Chris",
            "real_name": "Chris Murphy",
            "display_name": "Chris Murphy",
            "team": "T0105GKDN1H",
            "name": "christoph2005",
            "is_restricted": false,
            "is_ultra_restricted": false
        },
        "blocks": [
            {
                "type": "rich_text",
                "block_id": "5EMDm",
                "elements": [
                    {
                        "type": "rich_text_section",
                        "elements": [
                            {
                                "type": "text",
                                "text": "Thanks "
                            },
                            {
                                "type": "user",
                                "user_id": "U010KG4F57W"
                            },
                            {
                                "type": "text",
                                "text": ",\nThat's a really cool resource."
                            }
                        ]
                    }
                ]
            }
        ],
        "thread_ts": "1586156184.142700",
        "parent_user_id": "U010KG4F57W",
        "reactions": [
            {
                "name": "slightly_smiling_face",
                "users": [
                    "U010KG4F57W"
                ],
                "count": 1
            }
        ]
    }
]