[
    {
        "client_msg_id": "374fc9af-b5f1-41f3-aa20-157d10b39f4d",
        "type": "message",
        "text": "Class activities are for your benefit. The only thing you need to worry about submitting is due next week, as <@U010ACLHD0R> just mentioned.\n\nClass activities tell you about HTML and CSS rules that you may need to use for the homework.",
        "user": "U010Y90H4T0",
        "ts": "1586100864.141100",
        "team": "T0105GKDN1H",
        "user_team": "T0105GKDN1H",
        "source_team": "T0105GKDN1H",
        "user_profile": {
            "avatar_hash": "dab7da854ffb",
            "image_72": "https:\/\/avatars.slack-edge.com\/2020-03-27\/1017678411922_dab7da854ffb816e196d_72.jpg",
            "first_name": "Chris",
            "real_name": "Chris Murphy",
            "display_name": "Chris Murphy",
            "team": "T0105GKDN1H",
            "name": "christoph2005",
            "is_restricted": false,
            "is_ultra_restricted": false
        },
        "edited": {
            "user": "U010Y90H4T0",
            "ts": "1586100875.000000"
        },
        "blocks": [
            {
                "type": "rich_text",
                "block_id": "bw0zz",
                "elements": [
                    {
                        "type": "rich_text_section",
                        "elements": [
                            {
                                "type": "text",
                                "text": "Class activities are for your benefit. The only thing you need to worry about submitting is due next week, as "
                            },
                            {
                                "type": "user",
                                "user_id": "U010ACLHD0R"
                            },
                            {
                                "type": "text",
                                "text": " just mentioned.\n\nClass activities tell you about HTML and CSS rules that you may need to use for the homework."
                            }
                        ]
                    }
                ]
            }
        ]
    },
    {
        "client_msg_id": "7f473984-afa5-4a55-92fb-bc20eed6086a",
        "type": "message",
        "text": "Video for Saturday's class: <https:\/\/codingbootcamp.hosted.panopto.com\/Panopto\/Pages\/Viewer.aspx?id=a194f3bb-19e7-49cb-bef5-ab93018b3290>",
        "user": "U010Y90H4T0",
        "ts": "1586102514.141500",
        "team": "T0105GKDN1H",
        "user_team": "T0105GKDN1H",
        "source_team": "T0105GKDN1H",
        "user_profile": {
            "avatar_hash": "dab7da854ffb",
            "image_72": "https:\/\/avatars.slack-edge.com\/2020-03-27\/1017678411922_dab7da854ffb816e196d_72.jpg",
            "first_name": "Chris",
            "real_name": "Chris Murphy",
            "display_name": "Chris Murphy",
            "team": "T0105GKDN1H",
            "name": "christoph2005",
            "is_restricted": false,
            "is_ultra_restricted": false
        },
        "attachments": [
            {
                "service_name": "Panopto",
                "title": "Main Classroom",
                "title_link": "https:\/\/codingbootcamp.hosted.panopto.com\/Panopto\/Pages\/Viewer.aspx?id=a194f3bb-19e7-49cb-bef5-ab93018b3290",
                "text": "Main Classroom",
                "fallback": "Panopto: Main Classroom",
                "thumb_url": "https:\/\/codingbootcamp.hosted.panopto.com\/Panopto\/Services\/FrameGrabber.svc\/FrameRedirect?objectId=a194f3bb-19e7-49cb-bef5-ab93018b3290&mode=Delivery&random=0.421958764280173&usePng=False",
                "video_html_width": 800,
                "video_html_height": 600,
                "video_url": "https:\/\/codingbootcamp.hosted.panopto.com\/Panopto\/Podcast\/Social\/a194f3bb-19e7-49cb-bef5-ab93018b3290.mp4?mediaTargetType=videoPodcast",
                "from_url": "https:\/\/codingbootcamp.hosted.panopto.com\/Panopto\/Pages\/Viewer.aspx?id=a194f3bb-19e7-49cb-bef5-ab93018b3290",
                "thumb_width": 740,
                "thumb_height": 416,
                "id": 1,
                "original_url": "https:\/\/codingbootcamp.hosted.panopto.com\/Panopto\/Pages\/Viewer.aspx?id=a194f3bb-19e7-49cb-bef5-ab93018b3290"
            }
        ],
        "blocks": [
            {
                "type": "rich_text",
                "block_id": "DeJO",
                "elements": [
                    {
                        "type": "rich_text_section",
                        "elements": [
                            {
                                "type": "text",
                                "text": "Video for Saturday's class: "
                            },
                            {
                                "type": "link",
                                "url": "https:\/\/codingbootcamp.hosted.panopto.com\/Panopto\/Pages\/Viewer.aspx?id=a194f3bb-19e7-49cb-bef5-ab93018b3290"
                            }
                        ]
                    }
                ]
            }
        ],
        "reactions": [
            {
                "name": "+1",
                "users": [
                    "U010KG4F57W",
                    "U010B5G5KHP",
                    "U010ACLHD0R"
                ],
                "count": 3
            }
        ]
    },
    {
        "client_msg_id": "76d7bbf9-d5e0-492e-820d-ad3bf052907c",
        "type": "message",
        "text": "it seems like LoremPixel is no longer available.\n\nI found some alternatives:\n<https:\/\/picsum.photos\/>\n<https:\/\/loremflickr.com\/>",
        "user": "U010KG4F57W",
        "ts": "1586156184.142700",
        "team": "T0105GKDN1H",
        "user_team": "T0105GKDN1H",
        "source_team": "T0105GKDN1H",
        "user_profile": {
            "avatar_hash": "499eac0d340b",
            "image_72": "https:\/\/avatars.slack-edge.com\/2020-03-23\/1022568785783_499eac0d340bd5faa6c9_72.jpg",
            "first_name": "",
            "real_name": "Eddie Kim",
            "display_name": "Eddie Kim",
            "team": "T0105GKDN1H",
            "name": "eddienakkim",
            "is_restricted": false,
            "is_ultra_restricted": false
        },
        "attachments": [
            {
                "title": "Lorem Picsum",
                "title_link": "https:\/\/picsum.photos\/",
                "text": "Lorem Ipsum... but for photos",
                "fallback": "Lorem Picsum",
                "image_url": "https:\/\/picsum.photos\/250\/250",
                "from_url": "https:\/\/picsum.photos\/",
                "image_width": 250,
                "image_height": 250,
                "image_bytes": 6818,
                "service_icon": "https:\/\/picsum.photos\/assets\/images\/favicon\/favicon-32x32.png",
                "service_name": "picsum.photos",
                "id": 1,
                "original_url": "https:\/\/picsum.photos\/"
            },
            {
                "title": "LoremFlickr.com",
                "title_link": "https:\/\/loremflickr.com\/",
                "text": "LoremFlickr is a service that provides free placeholder images for web and print.",
                "fallback": "LoremFlickr.com",
                "image_url": "https:\/\/loremflickr.com\/img\/logo.large.jpg",
                "from_url": "https:\/\/loremflickr.com\/",
                "image_width": 250,
                "image_height": 250,
                "image_bytes": 50243,
                "service_icon": "https:\/\/loremflickr.com\/img\/logo.57.png",
                "service_name": "loremflickr.com",
                "id": 2,
                "original_url": "https:\/\/loremflickr.com\/"
            }
        ],
        "blocks": [
            {
                "type": "rich_text",
                "block_id": "S0Lqd",
                "elements": [
                    {
                        "type": "rich_text_section",
                        "elements": [
                            {
                                "type": "text",
                                "text": "it seems like LoremPixel is no longer available.\n\nI found some alternatives:\n"
                            },
                            {
                                "type": "link",
                                "url": "https:\/\/picsum.photos\/"
                            },
                            {
                                "type": "text",
                                "text": "\n"
                            },
                            {
                                "type": "link",
                                "url": "https:\/\/loremflickr.com\/"
                            }
                        ]
                    }
                ]
            }
        ],
        "thread_ts": "1586156184.142700",
        "reply_count": 1,
        "reply_users_count": 1,
        "latest_reply": "1586212897.143400",
        "reply_users": [
            "U010Y90H4T0"
        ],
        "replies": [
            {
                "user": "U010Y90H4T0",
                "ts": "1586212897.143400"
            }
        ],
        "subscribed": false,
        "reactions": [
            {
                "name": "star",
                "users": [
                    "U010ACLHD0R",
                    "U010LHWSG4U",
                    "U010LEW7V2R",
                    "U010AP9JH4Z",
                    "U010Y90H4T0",
                    "U010LJKUX44",
                    "U0107MTT526"
                ],
                "count": 7
            }
        ]
    }
]