[
    {
        "client_msg_id": "2e9a61ed-112f-4b77-9329-b599373da2de",
        "type": "message",
        "text": "Thanks!",
        "user": "U010Y90H4T0",
        "ts": "1585725288.042500",
        "team": "T0105GKDN1H",
        "user_team": "T0105GKDN1H",
        "source_team": "T0105GKDN1H",
        "user_profile": {
            "avatar_hash": "dab7da854ffb",
            "image_72": "https:\/\/avatars.slack-edge.com\/2020-03-27\/1017678411922_dab7da854ffb816e196d_72.jpg",
            "first_name": "Chris",
            "real_name": "Chris Murphy",
            "display_name": "Chris Murphy",
            "team": "T0105GKDN1H",
            "name": "christoph2005",
            "is_restricted": false,
            "is_ultra_restricted": false
        },
        "blocks": [
            {
                "type": "rich_text",
                "block_id": "OnGd",
                "elements": [
                    {
                        "type": "rich_text_section",
                        "elements": [
                            {
                                "type": "text",
                                "text": "Thanks!"
                            }
                        ]
                    }
                ]
            }
        ],
        "thread_ts": "1585713111.030600",
        "parent_user_id": "U0109HQ4UQ3"
    },
    {
        "client_msg_id": "68b7d7a4-3e2d-4a58-b3ac-57bb7522c75d",
        "type": "message",
        "text": "I know that “When I finish the assignment, I need to push them into my  GitHub repo” but where can I submit my URL so you can see it?",
        "user": "U010B4FCHCZ",
        "ts": "1585726282.047300",
        "team": "T0105GKDN1H",
        "user_team": "T0105GKDN1H",
        "source_team": "T0105GKDN1H",
        "user_profile": {
            "avatar_hash": "95e91a16d45e",
            "image_72": "https:\/\/avatars.slack-edge.com\/2020-03-23\/1023056229415_95e91a16d45eaa901d97_72.jpg",
            "first_name": "Kanyarut",
            "real_name": "Kanyarut Pornamnuay",
            "display_name": "Kanyarut (Ben)",
            "team": "T0105GKDN1H",
            "name": "benbaba2525",
            "is_restricted": false,
            "is_ultra_restricted": false
        },
        "blocks": [
            {
                "type": "rich_text",
                "block_id": "n2Y",
                "elements": [
                    {
                        "type": "rich_text_section",
                        "elements": [
                            {
                                "type": "text",
                                "text": "I know that “When I finish the assignment, I need to push them into my  GitHub repo” but where can I submit my URL so you can see it?"
                            }
                        ]
                    }
                ]
            }
        ],
        "thread_ts": "1585726282.047300",
        "reply_count": 1,
        "reply_users_count": 1,
        "latest_reply": "1585729370.047500",
        "reply_users": [
            "U010Y90H4T0"
        ],
        "replies": [
            {
                "user": "U010Y90H4T0",
                "ts": "1585729370.047500"
            }
        ],
        "subscribed": false
    },
    {
        "type": "message",
        "subtype": "thread_broadcast",
        "text": "Thank you for your question.\nHere is a video guide to answer your question.\n\n<https:\/\/youtu.be\/n167oyB7mFo|Submitting Homework on BCS>",
        "user": "U010Y90H4T0",
        "ts": "1585729370.047500",
        "thread_ts": "1585726282.047300",
        "root": {
            "client_msg_id": "68b7d7a4-3e2d-4a58-b3ac-57bb7522c75d",
            "type": "message",
            "text": "I know that “When I finish the assignment, I need to push them into my  GitHub repo” but where can I submit my URL so you can see it?",
            "user": "U010B4FCHCZ",
            "ts": "1585726282.047300",
            "team": "T0105GKDN1H",
            "blocks": [
                {
                    "type": "rich_text",
                    "block_id": "n2Y",
                    "elements": [
                        {
                            "type": "rich_text_section",
                            "elements": [
                                {
                                    "type": "text",
                                    "text": "I know that “When I finish the assignment, I need to push them into my  GitHub repo” but where can I submit my URL so you can see it?"
                                }
                            ]
                        }
                    ]
                }
            ],
            "thread_ts": "1585726282.047300",
            "reply_count": 1,
            "reply_users_count": 1,
            "latest_reply": "1585729370.047500",
            "reply_users": [
                "U010Y90H4T0"
            ],
            "subscribed": false
        },
        "blocks": [
            {
                "type": "rich_text",
                "block_id": "w1Xxp",
                "elements": [
                    {
                        "type": "rich_text_section",
                        "elements": [
                            {
                                "type": "text",
                                "text": "Thank you for your question.\nHere is a video guide to answer your question.\n\n"
                            },
                            {
                                "type": "link",
                                "url": "https:\/\/youtu.be\/n167oyB7mFo",
                                "text": "Submitting Homework on BCS"
                            }
                        ]
                    }
                ]
            }
        ],
        "client_msg_id": "51f83796-88b3-4207-b886-3c77834ce634",
        "reactions": [
            {
                "name": "+1",
                "users": [
                    "U010B4FCHCZ"
                ],
                "count": 1
            }
        ]
    },
    {
        "client_msg_id": "23e62166-ce62-4ea2-8888-1684d7b5ffda",
        "type": "message",
        "text": "Can we change the minor details of the assignments? like color preferences, etc.",
        "user": "U010M34SKMK",
        "ts": "1585751037.049200",
        "team": "T0105GKDN1H",
        "user_team": "T0105GKDN1H",
        "source_team": "T0105GKDN1H",
        "user_profile": {
            "avatar_hash": "0122aab1c9b1",
            "image_72": "https:\/\/avatars.slack-edge.com\/2020-03-23\/1009660365315_0122aab1c9b12475e96c_72.jpg",
            "first_name": "",
            "real_name": "Caroline Lester",
            "display_name": "Caroline Lester",
            "team": "T0105GKDN1H",
            "name": "carolineclester",
            "is_restricted": false,
            "is_ultra_restricted": false
        },
        "blocks": [
            {
                "type": "rich_text",
                "block_id": "EvIo",
                "elements": [
                    {
                        "type": "rich_text_section",
                        "elements": [
                            {
                                "type": "text",
                                "text": "Can we change the minor details of the assignments? like color preferences, etc."
                            }
                        ]
                    }
                ]
            }
        ]
    },
    {
        "type": "message",
        "text": "Just curious ,  I need to submit my assignment on this coursework below right? because it show that this assignment is required but on slack you mentioned that this assignment is optional and also due date is on April 11 but you said that the due date is on Aril 4.",
        "files": [
            {
                "id": "F0119NP3YBG",
                "created": 1585757863,
                "timestamp": 1585757863,
                "name": "Screen Shot 2020-04-01 at 9.07.24 AM.png",
                "title": "Screen Shot 2020-04-01 at 9.07.24 AM.png",
                "mimetype": "image\/png",
                "filetype": "png",
                "pretty_type": "PNG",
                "user": "U010B4FCHCZ",
                "editable": false,
                "size": 355428,
                "mode": "hosted",
                "is_external": false,
                "external_type": "",
                "is_public": true,
                "public_url_shared": false,
                "display_as_bot": false,
                "username": "",
                "url_private": "https:\/\/files.slack.com\/files-pri\/T0105GKDN1H-F0119NP3YBG\/screen_shot_2020-04-01_at_9.07.24_am.png?t=xoxe-1005563464051-1077300145892-1094973465936-b91b441389dd5f41adba77ce94586498",
                "url_private_download": "https:\/\/files.slack.com\/files-pri\/T0105GKDN1H-F0119NP3YBG\/download\/screen_shot_2020-04-01_at_9.07.24_am.png?t=xoxe-1005563464051-1077300145892-1094973465936-b91b441389dd5f41adba77ce94586498",
                "thumb_64": "https:\/\/files.slack.com\/files-tmb\/T0105GKDN1H-F0119NP3YBG-3e26d8dd00\/screen_shot_2020-04-01_at_9.07.24_am_64.png?t=xoxe-1005563464051-1077300145892-1094973465936-b91b441389dd5f41adba77ce94586498",
                "thumb_80": "https:\/\/files.slack.com\/files-tmb\/T0105GKDN1H-F0119NP3YBG-3e26d8dd00\/screen_shot_2020-04-01_at_9.07.24_am_80.png?t=xoxe-1005563464051-1077300145892-1094973465936-b91b441389dd5f41adba77ce94586498",
                "thumb_360": "https:\/\/files.slack.com\/files-tmb\/T0105GKDN1H-F0119NP3YBG-3e26d8dd00\/screen_shot_2020-04-01_at_9.07.24_am_360.png?t=xoxe-1005563464051-1077300145892-1094973465936-b91b441389dd5f41adba77ce94586498",
                "thumb_360_w": 360,
                "thumb_360_h": 237,
                "thumb_480": "https:\/\/files.slack.com\/files-tmb\/T0105GKDN1H-F0119NP3YBG-3e26d8dd00\/screen_shot_2020-04-01_at_9.07.24_am_480.png?t=xoxe-1005563464051-1077300145892-1094973465936-b91b441389dd5f41adba77ce94586498",
                "thumb_480_w": 480,
                "thumb_480_h": 316,
                "thumb_160": "https:\/\/files.slack.com\/files-tmb\/T0105GKDN1H-F0119NP3YBG-3e26d8dd00\/screen_shot_2020-04-01_at_9.07.24_am_160.png?t=xoxe-1005563464051-1077300145892-1094973465936-b91b441389dd5f41adba77ce94586498",
                "thumb_720": "https:\/\/files.slack.com\/files-tmb\/T0105GKDN1H-F0119NP3YBG-3e26d8dd00\/screen_shot_2020-04-01_at_9.07.24_am_720.png?t=xoxe-1005563464051-1077300145892-1094973465936-b91b441389dd5f41adba77ce94586498",
                "thumb_720_w": 720,
                "thumb_720_h": 474,
                "thumb_800": "https:\/\/files.slack.com\/files-tmb\/T0105GKDN1H-F0119NP3YBG-3e26d8dd00\/screen_shot_2020-04-01_at_9.07.24_am_800.png?t=xoxe-1005563464051-1077300145892-1094973465936-b91b441389dd5f41adba77ce94586498",
                "thumb_800_w": 800,
                "thumb_800_h": 527,
                "thumb_960": "https:\/\/files.slack.com\/files-tmb\/T0105GKDN1H-F0119NP3YBG-3e26d8dd00\/screen_shot_2020-04-01_at_9.07.24_am_960.png?t=xoxe-1005563464051-1077300145892-1094973465936-b91b441389dd5f41adba77ce94586498",
                "thumb_960_w": 960,
                "thumb_960_h": 632,
                "thumb_1024": "https:\/\/files.slack.com\/files-tmb\/T0105GKDN1H-F0119NP3YBG-3e26d8dd00\/screen_shot_2020-04-01_at_9.07.24_am_1024.png?t=xoxe-1005563464051-1077300145892-1094973465936-b91b441389dd5f41adba77ce94586498",
                "thumb_1024_w": 1024,
                "thumb_1024_h": 675,
                "image_exif_rotation": 1,
                "original_w": 3060,
                "original_h": 2016,
                "thumb_tiny": "AwAfADDQAAGQBml59qP4RQAfb8qAFHvijFLRQAmB6UYHpS0UAJ\/CKKQqrqAwyKasSKchcH60APpaSloAKKKa7hBkjvigD\/\/Z",
                "permalink": "https:\/\/uclavirtfsfpt-96r8630.slack.com\/files\/U010B4FCHCZ\/F0119NP3YBG\/screen_shot_2020-04-01_at_9.07.24_am.png",
                "permalink_public": "https:\/\/slack-files.com\/T0105GKDN1H-F0119NP3YBG-eb2657b265",
                "is_starred": false,
                "has_rich_preview": false
            }
        ],
        "upload": true,
        "blocks": [
            {
                "type": "rich_text",
                "block_id": "ZQ3b",
                "elements": [
                    {
                        "type": "rich_text_section",
                        "elements": [
                            {
                                "type": "text",
                                "text": "Just curious ,  I need to submit my assignment on this coursework below right? because it show that this assignment is required but on slack you mentioned that this assignment is optional and also due date is on April 11 but you said that the due date is on Aril 4."
                            }
                        ]
                    }
                ]
            }
        ],
        "user": "U010B4FCHCZ",
        "display_as_bot": false,
        "ts": "1585757876.049900",
        "edited": {
            "user": "U010B4FCHCZ",
            "ts": "1585760323.000000"
        },
        "client_msg_id": "0bcbfd44-a19c-45b6-be7b-e9ee141f9fe0",
        "thread_ts": "1585757876.049900",
        "reply_count": 1,
        "reply_users_count": 1,
        "latest_reply": "1585803022.052000",
        "reply_users": [
            "U010Y90H4T0"
        ],
        "replies": [
            {
                "user": "U010Y90H4T0",
                "ts": "1585803022.052000"
            }
        ],
        "subscribed": false
    },
    {
        "client_msg_id": "8a8d8434-24dd-4a3c-b6e0-13a38be7928b",
        "type": "message",
        "text": "Here is the video from Tuesday, March 31, 2020:\n<https:\/\/codingbootcamp.hosted.panopto.com\/Panopto\/Pages\/Viewer.aspx?id=d622e1ec-428b-45df-9a2a-ab900088aad1>",
        "user": "U010Y90H4T0",
        "ts": "1585802171.051700",
        "team": "T0105GKDN1H",
        "user_team": "T0105GKDN1H",
        "source_team": "T0105GKDN1H",
        "user_profile": {
            "avatar_hash": "dab7da854ffb",
            "image_72": "https:\/\/avatars.slack-edge.com\/2020-03-27\/1017678411922_dab7da854ffb816e196d_72.jpg",
            "first_name": "Chris",
            "real_name": "Chris Murphy",
            "display_name": "Chris Murphy",
            "team": "T0105GKDN1H",
            "name": "christoph2005",
            "is_restricted": false,
            "is_ultra_restricted": false
        },
        "attachments": [
            {
                "service_name": "Panopto",
                "title": "Main Classroom",
                "title_link": "https:\/\/codingbootcamp.hosted.panopto.com\/Panopto\/Pages\/Viewer.aspx?id=d622e1ec-428b-45df-9a2a-ab900088aad1",
                "text": "Main Classroom",
                "fallback": "Panopto: Main Classroom",
                "thumb_url": "https:\/\/codingbootcamp.hosted.panopto.com\/Panopto\/Services\/FrameGrabber.svc\/FrameRedirect?objectId=d622e1ec-428b-45df-9a2a-ab900088aad1&mode=Delivery&random=0.0456534000326197&usePng=False",
                "video_html_width": 800,
                "video_html_height": 600,
                "video_url": "https:\/\/codingbootcamp.hosted.panopto.com\/Panopto\/Podcast\/Social\/d622e1ec-428b-45df-9a2a-ab900088aad1.mp4?mediaTargetType=videoPodcast",
                "from_url": "https:\/\/codingbootcamp.hosted.panopto.com\/Panopto\/Pages\/Viewer.aspx?id=d622e1ec-428b-45df-9a2a-ab900088aad1",
                "thumb_width": 750,
                "thumb_height": 410,
                "id": 1,
                "original_url": "https:\/\/codingbootcamp.hosted.panopto.com\/Panopto\/Pages\/Viewer.aspx?id=d622e1ec-428b-45df-9a2a-ab900088aad1"
            }
        ],
        "blocks": [
            {
                "type": "rich_text",
                "block_id": "XjFx",
                "elements": [
                    {
                        "type": "rich_text_section",
                        "elements": [
                            {
                                "type": "text",
                                "text": "Here is the video from Tuesday, March 31, 2020:\n"
                            },
                            {
                                "type": "link",
                                "url": "https:\/\/codingbootcamp.hosted.panopto.com\/Panopto\/Pages\/Viewer.aspx?id=d622e1ec-428b-45df-9a2a-ab900088aad1"
                            }
                        ]
                    }
                ]
            }
        ],
        "reactions": [
            {
                "name": "+1",
                "users": [
                    "U010LHWSG4U"
                ],
                "count": 1
            }
        ]
    },
    {
        "type": "message",
        "subtype": "thread_broadcast",
        "text": "I apologize for the confusion.\n\nThat's a different assignment, and also the next required assignment. This homework does prop you up for success on that next assignment, however.\n\nFor now, maintain your \"homework\" in your GitHub account and I will get back to you shortly on an appropriate place to submit the optional homework assignments.",
        "user": "U010Y90H4T0",
        "ts": "1585803022.052000",
        "thread_ts": "1585757876.049900",
        "root": {
            "type": "message",
            "text": "Just curious ,  I need to submit my assignment on this coursework below right? because it show that this assignment is required but on slack you mentioned that this assignment is optional and also due date is on April 11 but you said that the due date is on Aril 4.",
            "files": [
                {
                    "id": "F0119NP3YBG",
                    "created": 1585757863,
                    "timestamp": 1585757863,
                    "name": "Screen Shot 2020-04-01 at 9.07.24 AM.png",
                    "title": "Screen Shot 2020-04-01 at 9.07.24 AM.png",
                    "mimetype": "image\/png",
                    "filetype": "png",
                    "pretty_type": "PNG",
                    "user": "U010B4FCHCZ",
                    "editable": false,
                    "size": 355428,
                    "mode": "hosted",
                    "is_external": false,
                    "external_type": "",
                    "is_public": true,
                    "public_url_shared": false,
                    "display_as_bot": false,
                    "username": "",
                    "url_private": "https:\/\/files.slack.com\/files-pri\/T0105GKDN1H-F0119NP3YBG\/screen_shot_2020-04-01_at_9.07.24_am.png?t=xoxe-1005563464051-1077300145892-1094973465936-b91b441389dd5f41adba77ce94586498",
                    "url_private_download": "https:\/\/files.slack.com\/files-pri\/T0105GKDN1H-F0119NP3YBG\/download\/screen_shot_2020-04-01_at_9.07.24_am.png?t=xoxe-1005563464051-1077300145892-1094973465936-b91b441389dd5f41adba77ce94586498",
                    "thumb_64": "https:\/\/files.slack.com\/files-tmb\/T0105GKDN1H-F0119NP3YBG-3e26d8dd00\/screen_shot_2020-04-01_at_9.07.24_am_64.png?t=xoxe-1005563464051-1077300145892-1094973465936-b91b441389dd5f41adba77ce94586498",
                    "thumb_80": "https:\/\/files.slack.com\/files-tmb\/T0105GKDN1H-F0119NP3YBG-3e26d8dd00\/screen_shot_2020-04-01_at_9.07.24_am_80.png?t=xoxe-1005563464051-1077300145892-1094973465936-b91b441389dd5f41adba77ce94586498",
                    "thumb_360": "https:\/\/files.slack.com\/files-tmb\/T0105GKDN1H-F0119NP3YBG-3e26d8dd00\/screen_shot_2020-04-01_at_9.07.24_am_360.png?t=xoxe-1005563464051-1077300145892-1094973465936-b91b441389dd5f41adba77ce94586498",
                    "thumb_360_w": 360,
                    "thumb_360_h": 237,
                    "thumb_480": "https:\/\/files.slack.com\/files-tmb\/T0105GKDN1H-F0119NP3YBG-3e26d8dd00\/screen_shot_2020-04-01_at_9.07.24_am_480.png?t=xoxe-1005563464051-1077300145892-1094973465936-b91b441389dd5f41adba77ce94586498",
                    "thumb_480_w": 480,
                    "thumb_480_h": 316,
                    "thumb_160": "https:\/\/files.slack.com\/files-tmb\/T0105GKDN1H-F0119NP3YBG-3e26d8dd00\/screen_shot_2020-04-01_at_9.07.24_am_160.png?t=xoxe-1005563464051-1077300145892-1094973465936-b91b441389dd5f41adba77ce94586498",
                    "thumb_720": "https:\/\/files.slack.com\/files-tmb\/T0105GKDN1H-F0119NP3YBG-3e26d8dd00\/screen_shot_2020-04-01_at_9.07.24_am_720.png?t=xoxe-1005563464051-1077300145892-1094973465936-b91b441389dd5f41adba77ce94586498",
                    "thumb_720_w": 720,
                    "thumb_720_h": 474,
                    "thumb_800": "https:\/\/files.slack.com\/files-tmb\/T0105GKDN1H-F0119NP3YBG-3e26d8dd00\/screen_shot_2020-04-01_at_9.07.24_am_800.png?t=xoxe-1005563464051-1077300145892-1094973465936-b91b441389dd5f41adba77ce94586498",
                    "thumb_800_w": 800,
                    "thumb_800_h": 527,
                    "thumb_960": "https:\/\/files.slack.com\/files-tmb\/T0105GKDN1H-F0119NP3YBG-3e26d8dd00\/screen_shot_2020-04-01_at_9.07.24_am_960.png?t=xoxe-1005563464051-1077300145892-1094973465936-b91b441389dd5f41adba77ce94586498",
                    "thumb_960_w": 960,
                    "thumb_960_h": 632,
                    "thumb_1024": "https:\/\/files.slack.com\/files-tmb\/T0105GKDN1H-F0119NP3YBG-3e26d8dd00\/screen_shot_2020-04-01_at_9.07.24_am_1024.png?t=xoxe-1005563464051-1077300145892-1094973465936-b91b441389dd5f41adba77ce94586498",
                    "thumb_1024_w": 1024,
                    "thumb_1024_h": 675,
                    "image_exif_rotation": 1,
                    "original_w": 3060,
                    "original_h": 2016,
                    "thumb_tiny": "AwAfADDQAAGQBml59qP4RQAfb8qAFHvijFLRQAmB6UYHpS0UAJ\/CKKQqrqAwyKasSKchcH60APpaSloAKKKa7hBkjvigD\/\/Z",
                    "permalink": "https:\/\/uclavirtfsfpt-96r8630.slack.com\/files\/U010B4FCHCZ\/F0119NP3YBG\/screen_shot_2020-04-01_at_9.07.24_am.png",
                    "permalink_public": "https:\/\/slack-files.com\/T0105GKDN1H-F0119NP3YBG-eb2657b265",
                    "is_starred": false,
                    "has_rich_preview": false
                }
            ],
            "upload": true,
            "blocks": [
                {
                    "type": "rich_text",
                    "block_id": "ZQ3b",
                    "elements": [
                        {
                            "type": "rich_text_section",
                            "elements": [
                                {
                                    "type": "text",
                                    "text": "Just curious ,  I need to submit my assignment on this coursework below right? because it show that this assignment is required but on slack you mentioned that this assignment is optional and also due date is on April 11 but you said that the due date is on Aril 4."
                                }
                            ]
                        }
                    ]
                }
            ],
            "user": "U010B4FCHCZ",
            "display_as_bot": false,
            "ts": "1585757876.049900",
            "edited": {
                "user": "U010B4FCHCZ",
                "ts": "1585760323.000000"
            },
            "client_msg_id": "0bcbfd44-a19c-45b6-be7b-e9ee141f9fe0",
            "thread_ts": "1585757876.049900",
            "reply_count": 1,
            "reply_users_count": 1,
            "latest_reply": "1585803022.052000",
            "reply_users": [
                "U010Y90H4T0"
            ],
            "subscribed": false
        },
        "blocks": [
            {
                "type": "rich_text",
                "block_id": "FgzaX",
                "elements": [
                    {
                        "type": "rich_text_section",
                        "elements": [
                            {
                                "type": "text",
                                "text": "I apologize for the confusion.\n\nThat's a different assignment, and also the next required assignment. This homework does prop you up for success on that next assignment, however.\n\nFor now, maintain your \"homework\" in your GitHub account and I will get back to you shortly on an appropriate place to submit the optional homework assignments."
                            }
                        ]
                    }
                ]
            }
        ],
        "client_msg_id": "42db24fa-0dd6-4f6f-a0eb-fafe09582187",
        "reactions": [
            {
                "name": "ok_hand",
                "users": [
                    "U0107MTT526",
                    "U010B4FCHCZ"
                ],
                "count": 2
            }
        ]
    }
]