[
    {
        "client_msg_id": "10db3eac-ea1b-49bb-88ed-4f22caf9e67c",
        "type": "message",
        "text": "If you're still having them. You may not have an account on the GitLab site.\nPlease contact <@U010H0ZEZJL> or submit a ticket in BCS support or email <mailto:support@bootcampspot.com|support@bootcampspot.com>",
        "user": "U010Y90H4T0",
        "ts": "1585898807.088000",
        "team": "T0105GKDN1H",
        "user_team": "T0105GKDN1H",
        "source_team": "T0105GKDN1H",
        "user_profile": {
            "avatar_hash": "dab7da854ffb",
            "image_72": "https:\/\/avatars.slack-edge.com\/2020-03-27\/1017678411922_dab7da854ffb816e196d_72.jpg",
            "first_name": "Chris",
            "real_name": "Chris Murphy",
            "display_name": "Chris Murphy",
            "team": "T0105GKDN1H",
            "name": "christoph2005",
            "is_restricted": false,
            "is_ultra_restricted": false
        },
        "blocks": [
            {
                "type": "rich_text",
                "block_id": "VNUK",
                "elements": [
                    {
                        "type": "rich_text_section",
                        "elements": [
                            {
                                "type": "text",
                                "text": "If you're still having them. You may not have an account on the GitLab site.\nPlease contact "
                            },
                            {
                                "type": "user",
                                "user_id": "U010H0ZEZJL"
                            },
                            {
                                "type": "text",
                                "text": " or submit a ticket in BCS support or email "
                            },
                            {
                                "type": "link",
                                "url": "mailto:support@bootcampspot.com",
                                "text": "support@bootcampspot.com"
                            }
                        ]
                    }
                ]
            }
        ],
        "thread_ts": "1585890885.087200",
        "parent_user_id": "U010H28N18S"
    },
    {
        "client_msg_id": "68a8f0ed-4760-4989-b656-ca5e6ba64974",
        "type": "message",
        "text": "Here is the video from Tuesday, March 31, 2020:\n<https:\/\/codingbootcamp.hosted.panopto.com\/Panopto\/Pages\/Viewer.aspx?id=d622e1ec-428b-45df-9a2a-ab900088aad1>",
        "user": "U010Y90H4T0",
        "ts": "1585899610.088300",
        "team": "T0105GKDN1H",
        "user_team": "T0105GKDN1H",
        "source_team": "T0105GKDN1H",
        "user_profile": {
            "avatar_hash": "dab7da854ffb",
            "image_72": "https:\/\/avatars.slack-edge.com\/2020-03-27\/1017678411922_dab7da854ffb816e196d_72.jpg",
            "first_name": "Chris",
            "real_name": "Chris Murphy",
            "display_name": "Chris Murphy",
            "team": "T0105GKDN1H",
            "name": "christoph2005",
            "is_restricted": false,
            "is_ultra_restricted": false
        },
        "attachments": [
            {
                "service_name": "Panopto",
                "title": "Main Classroom",
                "title_link": "https:\/\/codingbootcamp.hosted.panopto.com\/Panopto\/Pages\/Viewer.aspx?id=d622e1ec-428b-45df-9a2a-ab900088aad1",
                "text": "Main Classroom",
                "fallback": "Panopto: Main Classroom",
                "thumb_url": "https:\/\/codingbootcamp.hosted.panopto.com\/Panopto\/Services\/FrameGrabber.svc\/FrameRedirect?objectId=d622e1ec-428b-45df-9a2a-ab900088aad1&mode=Delivery&random=0.345202505749279&usePng=False",
                "video_html_width": 800,
                "video_html_height": 600,
                "video_url": "https:\/\/codingbootcamp.hosted.panopto.com\/Panopto\/Podcast\/Social\/d622e1ec-428b-45df-9a2a-ab900088aad1.mp4?mediaTargetType=videoPodcast",
                "from_url": "https:\/\/codingbootcamp.hosted.panopto.com\/Panopto\/Pages\/Viewer.aspx?id=d622e1ec-428b-45df-9a2a-ab900088aad1",
                "thumb_width": 750,
                "thumb_height": 410,
                "id": 1,
                "original_url": "https:\/\/codingbootcamp.hosted.panopto.com\/Panopto\/Pages\/Viewer.aspx?id=d622e1ec-428b-45df-9a2a-ab900088aad1"
            }
        ],
        "blocks": [
            {
                "type": "rich_text",
                "block_id": "HIPAE",
                "elements": [
                    {
                        "type": "rich_text_section",
                        "elements": [
                            {
                                "type": "text",
                                "text": "Here is the video from Tuesday, March 31, 2020:\n"
                            },
                            {
                                "type": "link",
                                "url": "https:\/\/codingbootcamp.hosted.panopto.com\/Panopto\/Pages\/Viewer.aspx?id=d622e1ec-428b-45df-9a2a-ab900088aad1"
                            }
                        ]
                    }
                ]
            }
        ]
    },
    {
        "client_msg_id": "da36bd3e-8547-496f-9d46-600b96fa3eb6",
        "type": "message",
        "text": "<@U010H28N18S> added you to the repo <https:\/\/uclax.bootcampcontent.com\/UCLA-Coding-Boot-Camp\/ucla-virt-fsf-pt-03-2020-u-lol>",
        "user": "U010H0ZEZJL",
        "ts": "1585934457.088700",
        "team": "T0105GKDN1H",
        "user_team": "T0105GKDN1H",
        "source_team": "T0105GKDN1H",
        "user_profile": {
            "avatar_hash": "55214de1ed85",
            "image_72": "https:\/\/avatars.slack-edge.com\/2020-03-23\/1019499947508_55214de1ed85b10c7784_72.jpg",
            "first_name": "",
            "real_name": "Jeff Susmarski",
            "display_name": "Jeff Susmarski",
            "team": "T0105GKDN1H",
            "name": "jsusmarski",
            "is_restricted": false,
            "is_ultra_restricted": false
        },
        "attachments": [
            {
                "service_name": "GitLab",
                "title": "Sign in",
                "title_link": "https:\/\/uclax.bootcampcontent.com\/UCLA-Coding-Boot-Camp\/ucla-virt-fsf-pt-03-2020-u-lol",
                "text": "GitLab Community Edition",
                "fallback": "GitLab: Sign in",
                "thumb_url": "https:\/\/uclax.bootcampcontent.com\/assets\/gitlab_logo-7ae504fe4f68fdebb3c2034e36621930cd36ea87924c11ff65dbcb8ed50dca58.png",
                "from_url": "https:\/\/uclax.bootcampcontent.com\/UCLA-Coding-Boot-Camp\/ucla-virt-fsf-pt-03-2020-u-lol",
                "thumb_width": 128,
                "thumb_height": 128,
                "service_icon": "https:\/\/uclax.bootcampcontent.com\/assets\/touch-icon-iphone-5a9cee0e8a51212e70b90c87c12f382c428870c0ff67d1eb034d884b78d2dae7.png",
                "id": 1,
                "original_url": "https:\/\/uclax.bootcampcontent.com\/UCLA-Coding-Boot-Camp\/ucla-virt-fsf-pt-03-2020-u-lol"
            }
        ],
        "blocks": [
            {
                "type": "rich_text",
                "block_id": "JcC",
                "elements": [
                    {
                        "type": "rich_text_section",
                        "elements": [
                            {
                                "type": "user",
                                "user_id": "U010H28N18S"
                            },
                            {
                                "type": "text",
                                "text": " added you to the repo "
                            },
                            {
                                "type": "link",
                                "url": "https:\/\/uclax.bootcampcontent.com\/UCLA-Coding-Boot-Camp\/ucla-virt-fsf-pt-03-2020-u-lol"
                            }
                        ]
                    }
                ]
            }
        ],
        "thread_ts": "1585890885.087200",
        "parent_user_id": "U010H28N18S"
    },
    {
        "client_msg_id": "7b1959c9-4c31-4b65-88e0-7c794ed7afc6",
        "type": "message",
        "text": "You may have invite in your spam\/inbox as well",
        "user": "U010H0ZEZJL",
        "ts": "1585934512.089000",
        "team": "T0105GKDN1H",
        "user_team": "T0105GKDN1H",
        "source_team": "T0105GKDN1H",
        "user_profile": {
            "avatar_hash": "55214de1ed85",
            "image_72": "https:\/\/avatars.slack-edge.com\/2020-03-23\/1019499947508_55214de1ed85b10c7784_72.jpg",
            "first_name": "",
            "real_name": "Jeff Susmarski",
            "display_name": "Jeff Susmarski",
            "team": "T0105GKDN1H",
            "name": "jsusmarski",
            "is_restricted": false,
            "is_ultra_restricted": false
        },
        "blocks": [
            {
                "type": "rich_text",
                "block_id": "F=f",
                "elements": [
                    {
                        "type": "rich_text_section",
                        "elements": [
                            {
                                "type": "text",
                                "text": "You may have invite in your spam\/inbox as well"
                            }
                        ]
                    }
                ]
            }
        ],
        "thread_ts": "1585890885.087200",
        "parent_user_id": "U010H28N18S"
    },
    {
        "client_msg_id": "9825c511-4f55-4b1f-a5ba-59541ea5f0a6",
        "type": "message",
        "text": "I submitted an additional merge request to our week\/01 gitlab repo to update \"Basic Portfolio\" homework as my original upload was missing the proper folder structure. Should we be submitting merge requests to gitlab for each version update we push to github or should we refrain from merging until the assignment is complete? Apologies for long winded message. <@U010Y90H4T0>",
        "user": "U01086WUV5Y",
        "ts": "1585963218.092600",
        "team": "T0105GKDN1H",
        "user_team": "T0105GKDN1H",
        "source_team": "T0105GKDN1H",
        "user_profile": {
            "avatar_hash": "dbd0fdef4a3e",
            "image_72": "https:\/\/avatars.slack-edge.com\/2020-03-23\/1021057228709_dbd0fdef4a3eff468eb3_72.jpg",
            "first_name": "",
            "real_name": "Jeff Turner",
            "display_name": "Jeff Turner",
            "team": "T0105GKDN1H",
            "name": "turner7350",
            "is_restricted": false,
            "is_ultra_restricted": false
        },
        "edited": {
            "user": "U01086WUV5Y",
            "ts": "1585963252.000000"
        },
        "blocks": [
            {
                "type": "rich_text",
                "block_id": "FpjEt",
                "elements": [
                    {
                        "type": "rich_text_section",
                        "elements": [
                            {
                                "type": "text",
                                "text": "I submitted an additional merge request to our week\/01 gitlab repo to update \"Basic Portfolio\" homework as my original upload was missing the proper folder structure. Should we be submitting merge requests to gitlab for each version update we push to github or should we refrain from merging until the assignment is complete? Apologies for long winded message. "
                            },
                            {
                                "type": "user",
                                "user_id": "U010Y90H4T0"
                            }
                        ]
                    }
                ]
            }
        ]
    },
    {
        "client_msg_id": "6fd7289e-e6b1-4eb6-a1e3-972cc423b110",
        "type": "message",
        "text": "Hey <@U01086WUV5Y> you won’t need to merge until your ready to submit your assignment. But by all means feel free to make as many pushes to your GitHub as you need.",
        "user": "U010ACLHD0R",
        "ts": "1585964275.093900",
        "team": "T0105GKDN1H",
        "user_team": "T0105GKDN1H",
        "source_team": "T0105GKDN1H",
        "user_profile": {
            "avatar_hash": "8c72eaca43ae",
            "image_72": "https:\/\/avatars.slack-edge.com\/2020-03-23\/1009675401811_8c72eaca43ae720843dc_72.png",
            "first_name": "Matthew",
            "real_name": "Matthew Bub",
            "display_name": "Matthew Bub",
            "team": "T0105GKDN1H",
            "name": "6matbub",
            "is_restricted": false,
            "is_ultra_restricted": false
        },
        "edited": {
            "user": "U010ACLHD0R",
            "ts": "1585964346.000000"
        },
        "blocks": [
            {
                "type": "rich_text",
                "block_id": "XMI",
                "elements": [
                    {
                        "type": "rich_text_section",
                        "elements": [
                            {
                                "type": "text",
                                "text": "Hey "
                            },
                            {
                                "type": "user",
                                "user_id": "U01086WUV5Y"
                            },
                            {
                                "type": "text",
                                "text": " you won’t need to merge until your ready to submit your assignment. But by all means feel free to make as many pushes to your GitHub as you need."
                            }
                        ]
                    }
                ]
            }
        ],
        "reactions": [
            {
                "name": "+1",
                "users": [
                    "U010Y90H4T0"
                ],
                "count": 1
            }
        ]
    },
    {
        "client_msg_id": "365DBACA-575F-44C1-8AE0-5C80EEC009A0",
        "type": "message",
        "text": "Got it. Thanks <@U010ACLHD0R>  !",
        "user": "U01086WUV5Y",
        "ts": "1585968387.094600",
        "team": "T0105GKDN1H",
        "user_team": "T0105GKDN1H",
        "source_team": "T0105GKDN1H",
        "user_profile": {
            "avatar_hash": "dbd0fdef4a3e",
            "image_72": "https:\/\/avatars.slack-edge.com\/2020-03-23\/1021057228709_dbd0fdef4a3eff468eb3_72.jpg",
            "first_name": "",
            "real_name": "Jeff Turner",
            "display_name": "Jeff Turner",
            "team": "T0105GKDN1H",
            "name": "turner7350",
            "is_restricted": false,
            "is_ultra_restricted": false
        },
        "blocks": [
            {
                "type": "rich_text",
                "block_id": "PCIC",
                "elements": [
                    {
                        "type": "rich_text_section",
                        "elements": [
                            {
                                "type": "text",
                                "text": "Got it. Thanks "
                            },
                            {
                                "type": "user",
                                "user_id": "U010ACLHD0R"
                            },
                            {
                                "type": "text",
                                "text": "  !"
                            }
                        ]
                    }
                ]
            }
        ]
    },
    {
        "client_msg_id": "d659cf4c-3bbf-4744-8cb0-fe19f707af45",
        "type": "message",
        "text": "Here's the Video from Thursday April 2nd <https:\/\/www.bootcampspot.com\/sessions\/1128548\/videos\/78817>",
        "user": "U010Y90H4T0",
        "ts": "1585971717.095200",
        "team": "T0105GKDN1H",
        "user_team": "T0105GKDN1H",
        "source_team": "T0105GKDN1H",
        "user_profile": {
            "avatar_hash": "dab7da854ffb",
            "image_72": "https:\/\/avatars.slack-edge.com\/2020-03-27\/1017678411922_dab7da854ffb816e196d_72.jpg",
            "first_name": "Chris",
            "real_name": "Chris Murphy",
            "display_name": "Chris Murphy",
            "team": "T0105GKDN1H",
            "name": "christoph2005",
            "is_restricted": false,
            "is_ultra_restricted": false
        },
        "blocks": [
            {
                "type": "rich_text",
                "block_id": "0ri",
                "elements": [
                    {
                        "type": "rich_text_section",
                        "elements": [
                            {
                                "type": "text",
                                "text": "Here's the Video from Thursday April 2nd "
                            },
                            {
                                "type": "link",
                                "url": "https:\/\/www.bootcampspot.com\/sessions\/1128548\/videos\/78817"
                            }
                        ]
                    }
                ]
            }
        ]
    },
    {
        "client_msg_id": "97f8ceb3-0875-400d-9620-1df85e3382ff",
        "type": "message",
        "text": "Solution added for \"Student Bio\" class activity:\n• <https:\/\/uclax.bootcampcontent.com\/UCLA-Coding-Boot-Camp\/ucla-virt-fsf-pt-03-2020-u-lol\/tree\/master\/01-Week\/01-Activities\/04-HTML_Git>\nSolution added for \"HTML_CSS_Layout\" activity:\n• <https:\/\/uclax.bootcampcontent.com\/UCLA-Coding-Boot-Camp\/ucla-virt-fsf-pt-03-2020-u-lol\/tree\/master\/01-Week\/01-Activities\/06-HTML_CSS_Layout>\n",
        "user": "U010Y90H4T0",
        "ts": "1585979961.095500",
        "team": "T0105GKDN1H",
        "user_team": "T0105GKDN1H",
        "source_team": "T0105GKDN1H",
        "user_profile": {
            "avatar_hash": "dab7da854ffb",
            "image_72": "https:\/\/avatars.slack-edge.com\/2020-03-27\/1017678411922_dab7da854ffb816e196d_72.jpg",
            "first_name": "Chris",
            "real_name": "Chris Murphy",
            "display_name": "Chris Murphy",
            "team": "T0105GKDN1H",
            "name": "christoph2005",
            "is_restricted": false,
            "is_ultra_restricted": false
        },
        "attachments": [
            {
                "service_name": "GitLab",
                "title": "Sign in",
                "title_link": "https:\/\/uclax.bootcampcontent.com\/UCLA-Coding-Boot-Camp\/ucla-virt-fsf-pt-03-2020-u-lol\/tree\/master\/01-Week\/01-Activities\/04-HTML_Git",
                "text": "GitLab Community Edition",
                "fallback": "GitLab: Sign in",
                "thumb_url": "https:\/\/uclax.bootcampcontent.com\/assets\/gitlab_logo-7ae504fe4f68fdebb3c2034e36621930cd36ea87924c11ff65dbcb8ed50dca58.png",
                "from_url": "https:\/\/uclax.bootcampcontent.com\/UCLA-Coding-Boot-Camp\/ucla-virt-fsf-pt-03-2020-u-lol\/tree\/master\/01-Week\/01-Activities\/04-HTML_Git",
                "thumb_width": 128,
                "thumb_height": 128,
                "service_icon": "https:\/\/uclax.bootcampcontent.com\/assets\/touch-icon-iphone-5a9cee0e8a51212e70b90c87c12f382c428870c0ff67d1eb034d884b78d2dae7.png",
                "id": 1,
                "original_url": "https:\/\/uclax.bootcampcontent.com\/UCLA-Coding-Boot-Camp\/ucla-virt-fsf-pt-03-2020-u-lol\/tree\/master\/01-Week\/01-Activities\/04-HTML_Git"
            },
            {
                "service_name": "GitLab",
                "title": "Sign in",
                "title_link": "https:\/\/uclax.bootcampcontent.com\/UCLA-Coding-Boot-Camp\/ucla-virt-fsf-pt-03-2020-u-lol\/tree\/master\/01-Week\/01-Activities\/06-HTML_CSS_Layout",
                "text": "GitLab Community Edition",
                "fallback": "GitLab: Sign in",
                "thumb_url": "https:\/\/uclax.bootcampcontent.com\/assets\/gitlab_logo-7ae504fe4f68fdebb3c2034e36621930cd36ea87924c11ff65dbcb8ed50dca58.png",
                "from_url": "https:\/\/uclax.bootcampcontent.com\/UCLA-Coding-Boot-Camp\/ucla-virt-fsf-pt-03-2020-u-lol\/tree\/master\/01-Week\/01-Activities\/06-HTML_CSS_Layout",
                "thumb_width": 128,
                "thumb_height": 128,
                "service_icon": "https:\/\/uclax.bootcampcontent.com\/assets\/touch-icon-iphone-5a9cee0e8a51212e70b90c87c12f382c428870c0ff67d1eb034d884b78d2dae7.png",
                "id": 2,
                "original_url": "https:\/\/uclax.bootcampcontent.com\/UCLA-Coding-Boot-Camp\/ucla-virt-fsf-pt-03-2020-u-lol\/tree\/master\/01-Week\/01-Activities\/06-HTML_CSS_Layout"
            }
        ],
        "blocks": [
            {
                "type": "rich_text",
                "block_id": "dVze",
                "elements": [
                    {
                        "type": "rich_text_section",
                        "elements": [
                            {
                                "type": "text",
                                "text": "Solution added for \"Student Bio\" class activity:\n"
                            }
                        ]
                    },
                    {
                        "type": "rich_text_list",
                        "elements": [
                            {
                                "type": "rich_text_section",
                                "elements": [
                                    {
                                        "type": "link",
                                        "url": "https:\/\/uclax.bootcampcontent.com\/UCLA-Coding-Boot-Camp\/ucla-virt-fsf-pt-03-2020-u-lol\/tree\/master\/01-Week\/01-Activities\/04-HTML_Git"
                                    }
                                ]
                            }
                        ],
                        "style": "bullet",
                        "indent": 0
                    },
                    {
                        "type": "rich_text_section",
                        "elements": [
                            {
                                "type": "text",
                                "text": "Solution added for \"HTML_CSS_Layout\" activity:\n"
                            }
                        ]
                    },
                    {
                        "type": "rich_text_list",
                        "elements": [
                            {
                                "type": "rich_text_section",
                                "elements": [
                                    {
                                        "type": "link",
                                        "url": "https:\/\/uclax.bootcampcontent.com\/UCLA-Coding-Boot-Camp\/ucla-virt-fsf-pt-03-2020-u-lol\/tree\/master\/01-Week\/01-Activities\/06-HTML_CSS_Layout"
                                    }
                                ]
                            }
                        ],
                        "style": "bullet",
                        "indent": 0
                    },
                    {
                        "type": "rich_text_section",
                        "elements": []
                    }
                ]
            }
        ]
    }
]