[
    {
        "client_msg_id": "06571ed3-045d-458c-90fd-876896b06f12",
        "type": "message",
        "text": "Having trouble finding the homework due on the 11th, on bootcampspot can someone link me?",
        "user": "U010884RC58",
        "ts": "1586481646.045800",
        "team": "T0105GKDN1H",
        "user_team": "T0105GKDN1H",
        "source_team": "T0105GKDN1H",
        "user_profile": {
            "avatar_hash": "583810e502cf",
            "image_72": "https:\/\/avatars.slack-edge.com\/2020-04-09\/1046379652647_583810e502cffb658e9a_72.png",
            "first_name": "Isaiah",
            "real_name": "Isaiah Aguinaldo",
            "display_name": "Isaiah Aguinaldo",
            "team": "T0105GKDN1H",
            "name": "isaiahagr",
            "is_restricted": false,
            "is_ultra_restricted": false
        },
        "blocks": [
            {
                "type": "rich_text",
                "block_id": "25m",
                "elements": [
                    {
                        "type": "rich_text_section",
                        "elements": [
                            {
                                "type": "text",
                                "text": "Having trouble finding the homework due on the 11th, on bootcampspot can someone link me?"
                            }
                        ]
                    }
                ]
            }
        ],
        "thread_ts": "1586481646.045800",
        "reply_count": 2,
        "reply_users_count": 1,
        "latest_reply": "1586481963.048100",
        "reply_users": [
            "U010LHWSG4U"
        ],
        "replies": [
            {
                "user": "U010LHWSG4U",
                "ts": "1586481948.047800"
            },
            {
                "user": "U010LHWSG4U",
                "ts": "1586481963.048100"
            }
        ],
        "subscribed": false
    },
    {
        "client_msg_id": "f48424ae-6b52-4de5-b93c-bd9239e00878",
        "type": "message",
        "text": "Are you looking for where you are supposed to submit the homework? Or the instructions and such for the hw?",
        "user": "U010LEW7V2R",
        "ts": "1586481700.046500",
        "team": "T0105GKDN1H",
        "user_team": "T0105GKDN1H",
        "source_team": "T0105GKDN1H",
        "user_profile": {
            "avatar_hash": "d3ca0dce327c",
            "image_72": "https:\/\/avatars.slack-edge.com\/2020-03-23\/1020683219136_d3ca0dce327cf88e2c77_72.jpg",
            "first_name": "Stacy",
            "real_name": "Stacy Keown",
            "display_name": "Stacy Keown",
            "team": "T0105GKDN1H",
            "name": "code",
            "is_restricted": false,
            "is_ultra_restricted": false
        },
        "blocks": [
            {
                "type": "rich_text",
                "block_id": "kow",
                "elements": [
                    {
                        "type": "rich_text_section",
                        "elements": [
                            {
                                "type": "text",
                                "text": "Are you looking for where you are supposed to submit the homework? Or the instructions and such for the hw?"
                            }
                        ]
                    }
                ]
            }
        ]
    },
    {
        "client_msg_id": "8a40b432-d838-426d-83c9-0619259f5bee",
        "type": "message",
        "text": "Instructions.",
        "user": "U010884RC58",
        "ts": "1586481711.046700",
        "team": "T0105GKDN1H",
        "user_team": "T0105GKDN1H",
        "source_team": "T0105GKDN1H",
        "user_profile": {
            "avatar_hash": "583810e502cf",
            "image_72": "https:\/\/avatars.slack-edge.com\/2020-04-09\/1046379652647_583810e502cffb658e9a_72.png",
            "first_name": "Isaiah",
            "real_name": "Isaiah Aguinaldo",
            "display_name": "Isaiah Aguinaldo",
            "team": "T0105GKDN1H",
            "name": "isaiahagr",
            "is_restricted": false,
            "is_ultra_restricted": false
        },
        "blocks": [
            {
                "type": "rich_text",
                "block_id": "Jy9W9",
                "elements": [
                    {
                        "type": "rich_text_section",
                        "elements": [
                            {
                                "type": "text",
                                "text": "Instructions."
                            }
                        ]
                    }
                ]
            }
        ]
    },
    {
        "client_msg_id": "a1070827-821a-463d-8471-80c05be1e8e3",
        "type": "message",
        "text": "I am not sure if you can find those on BCS. But they are located in the GitLab under 01-Week &gt; 02-Homework &gt; Instructions",
        "user": "U010LEW7V2R",
        "ts": "1586481791.047700",
        "team": "T0105GKDN1H",
        "user_team": "T0105GKDN1H",
        "source_team": "T0105GKDN1H",
        "user_profile": {
            "avatar_hash": "d3ca0dce327c",
            "image_72": "https:\/\/avatars.slack-edge.com\/2020-03-23\/1020683219136_d3ca0dce327cf88e2c77_72.jpg",
            "first_name": "Stacy",
            "real_name": "Stacy Keown",
            "display_name": "Stacy Keown",
            "team": "T0105GKDN1H",
            "name": "code",
            "is_restricted": false,
            "is_ultra_restricted": false
        },
        "blocks": [
            {
                "type": "rich_text",
                "block_id": "74S=p",
                "elements": [
                    {
                        "type": "rich_text_section",
                        "elements": [
                            {
                                "type": "text",
                                "text": "I am not sure if you can find those on BCS. But they are located in the GitLab under 01-Week > 02-Homework > Instructions"
                            }
                        ]
                    }
                ]
            }
        ]
    },
    {
        "client_msg_id": "416c8ced-8670-45d4-b41c-bddf17627d81",
        "type": "message",
        "text": "<https:\/\/uclax.bootcampcontent.com\/UCLA-Coding-Boot-Camp\/ucla-virt-fsf-pt-03-2020-u-lol\/blob\/master\/01-Week\/02-Homework\/Instructions\/easier-homework-assignment.md>",
        "user": "U010LHWSG4U",
        "ts": "1586481948.047800",
        "team": "T0105GKDN1H",
        "user_team": "T0105GKDN1H",
        "source_team": "T0105GKDN1H",
        "user_profile": {
            "avatar_hash": "94c7660ade93",
            "image_72": "https:\/\/avatars.slack-edge.com\/2020-03-25\/1015453574355_94c7660ade93297788be_72.jpg",
            "first_name": "",
            "real_name": "Sandra Romero",
            "display_name": "Sandra Romero",
            "team": "T0105GKDN1H",
            "name": "sandymarieromero",
            "is_restricted": false,
            "is_ultra_restricted": false
        },
        "attachments": [
            {
                "service_name": "GitLab",
                "title": "Sign in",
                "title_link": "https:\/\/uclax.bootcampcontent.com\/UCLA-Coding-Boot-Camp\/ucla-virt-fsf-pt-03-2020-u-lol\/blob\/master\/01-Week\/02-Homework\/Instructions\/easier-homework-assignment.md",
                "text": "GitLab Community Edition",
                "fallback": "GitLab: Sign in",
                "thumb_url": "https:\/\/uclax.bootcampcontent.com\/assets\/gitlab_logo-7ae504fe4f68fdebb3c2034e36621930cd36ea87924c11ff65dbcb8ed50dca58.png",
                "from_url": "https:\/\/uclax.bootcampcontent.com\/UCLA-Coding-Boot-Camp\/ucla-virt-fsf-pt-03-2020-u-lol\/blob\/master\/01-Week\/02-Homework\/Instructions\/easier-homework-assignment.md",
                "thumb_width": 128,
                "thumb_height": 128,
                "service_icon": "https:\/\/uclax.bootcampcontent.com\/assets\/touch-icon-iphone-5a9cee0e8a51212e70b90c87c12f382c428870c0ff67d1eb034d884b78d2dae7.png",
                "id": 1,
                "original_url": "https:\/\/uclax.bootcampcontent.com\/UCLA-Coding-Boot-Camp\/ucla-virt-fsf-pt-03-2020-u-lol\/blob\/master\/01-Week\/02-Homework\/Instructions\/easier-homework-assignment.md"
            }
        ],
        "blocks": [
            {
                "type": "rich_text",
                "block_id": "GscJ",
                "elements": [
                    {
                        "type": "rich_text_section",
                        "elements": [
                            {
                                "type": "link",
                                "url": "https:\/\/uclax.bootcampcontent.com\/UCLA-Coding-Boot-Camp\/ucla-virt-fsf-pt-03-2020-u-lol\/blob\/master\/01-Week\/02-Homework\/Instructions\/easier-homework-assignment.md"
                            }
                        ]
                    }
                ]
            }
        ],
        "thread_ts": "1586481646.045800",
        "parent_user_id": "U010884RC58"
    },
    {
        "client_msg_id": "07d6b58e-d19b-447e-b1f9-422293a52b76",
        "type": "message",
        "text": "See  if you can see that.",
        "user": "U010LHWSG4U",
        "ts": "1586481963.048100",
        "team": "T0105GKDN1H",
        "user_team": "T0105GKDN1H",
        "source_team": "T0105GKDN1H",
        "user_profile": {
            "avatar_hash": "94c7660ade93",
            "image_72": "https:\/\/avatars.slack-edge.com\/2020-03-25\/1015453574355_94c7660ade93297788be_72.jpg",
            "first_name": "",
            "real_name": "Sandra Romero",
            "display_name": "Sandra Romero",
            "team": "T0105GKDN1H",
            "name": "sandymarieromero",
            "is_restricted": false,
            "is_ultra_restricted": false
        },
        "blocks": [
            {
                "type": "rich_text",
                "block_id": "5RUTP",
                "elements": [
                    {
                        "type": "rich_text_section",
                        "elements": [
                            {
                                "type": "text",
                                "text": "See  if you can see that."
                            }
                        ]
                    }
                ]
            }
        ],
        "thread_ts": "1586481646.045800",
        "parent_user_id": "U010884RC58"
    },
    {
        "client_msg_id": "5903c033-5f9d-4247-9f18-d6fbf3b51ce0",
        "type": "message",
        "text": "Thank You.",
        "user": "U010884RC58",
        "ts": "1586482015.048500",
        "team": "T0105GKDN1H",
        "user_team": "T0105GKDN1H",
        "source_team": "T0105GKDN1H",
        "user_profile": {
            "avatar_hash": "583810e502cf",
            "image_72": "https:\/\/avatars.slack-edge.com\/2020-04-09\/1046379652647_583810e502cffb658e9a_72.png",
            "first_name": "Isaiah",
            "real_name": "Isaiah Aguinaldo",
            "display_name": "Isaiah Aguinaldo",
            "team": "T0105GKDN1H",
            "name": "isaiahagr",
            "is_restricted": false,
            "is_ultra_restricted": false
        },
        "blocks": [
            {
                "type": "rich_text",
                "block_id": "LZ9k",
                "elements": [
                    {
                        "type": "rich_text_section",
                        "elements": [
                            {
                                "type": "text",
                                "text": "Thank You."
                            }
                        ]
                    }
                ]
            }
        ]
    },
    {
        "client_msg_id": "6e9dd6cc-6cc2-4092-8be4-e56e1859442d",
        "type": "message",
        "text": "found it!",
        "user": "U010884RC58",
        "ts": "1586482020.048700",
        "team": "T0105GKDN1H",
        "user_team": "T0105GKDN1H",
        "source_team": "T0105GKDN1H",
        "user_profile": {
            "avatar_hash": "583810e502cf",
            "image_72": "https:\/\/avatars.slack-edge.com\/2020-04-09\/1046379652647_583810e502cffb658e9a_72.png",
            "first_name": "Isaiah",
            "real_name": "Isaiah Aguinaldo",
            "display_name": "Isaiah Aguinaldo",
            "team": "T0105GKDN1H",
            "name": "isaiahagr",
            "is_restricted": false,
            "is_ultra_restricted": false
        },
        "blocks": [
            {
                "type": "rich_text",
                "block_id": "3T0Cn",
                "elements": [
                    {
                        "type": "rich_text_section",
                        "elements": [
                            {
                                "type": "text",
                                "text": "found it!"
                            }
                        ]
                    }
                ]
            }
        ],
        "reactions": [
            {
                "name": "+1",
                "users": [
                    "U010LEW7V2R"
                ],
                "count": 1
            }
        ]
    }
]