[
    {
        "client_msg_id": "5deeafeb-a262-4a15-92f1-ba32a5a59de5",
        "type": "message",
        "text": "Is there a way to set row height in bootstrap grid? having trouble finding it.",
        "user": "U010AJPBC3B",
        "ts": "1586656450.050400",
        "team": "T0105GKDN1H",
        "user_team": "T0105GKDN1H",
        "source_team": "T0105GKDN1H",
        "user_profile": {
            "avatar_hash": "a7accc11904a",
            "image_72": "https:\/\/avatars.slack-edge.com\/2020-03-31\/1039823854836_a7accc11904a7e79e199_72.png",
            "first_name": "Krista",
            "real_name": "Krista Clarke",
            "display_name": "Krista C",
            "team": "T0105GKDN1H",
            "name": "kristaclarke82",
            "is_restricted": false,
            "is_ultra_restricted": false
        },
        "blocks": [
            {
                "type": "rich_text",
                "block_id": "KCQ",
                "elements": [
                    {
                        "type": "rich_text_section",
                        "elements": [
                            {
                                "type": "text",
                                "text": "Is there a way to set row height in bootstrap grid? having trouble finding it."
                            }
                        ]
                    }
                ]
            }
        ],
        "thread_ts": "1586656450.050400",
        "reply_count": 1,
        "reply_users_count": 1,
        "latest_reply": "1586658361.050500",
        "reply_users": [
            "U010Y90H4T0"
        ],
        "replies": [
            {
                "user": "U010Y90H4T0",
                "ts": "1586658361.050500"
            }
        ],
        "subscribed": false
    },
    {
        "client_msg_id": "da973659-3b37-4ff6-8e93-02539d6d405b",
        "type": "message",
        "text": "Does this help?\n<https:\/\/getbootstrap.com\/docs\/4.0\/utilities\/sizing\/|https:\/\/getbootstrap.com\/docs\/4.0\/utilities\/sizing\/>",
        "user": "U010Y90H4T0",
        "ts": "1586658361.050500",
        "team": "T0105GKDN1H",
        "user_team": "T0105GKDN1H",
        "source_team": "T0105GKDN1H",
        "user_profile": {
            "avatar_hash": "dab7da854ffb",
            "image_72": "https:\/\/avatars.slack-edge.com\/2020-03-27\/1017678411922_dab7da854ffb816e196d_72.jpg",
            "first_name": "Chris",
            "real_name": "Chris Murphy",
            "display_name": "Chris Murphy",
            "team": "T0105GKDN1H",
            "name": "christoph2005",
            "is_restricted": false,
            "is_ultra_restricted": false
        },
        "attachments": [
            {
                "title": "Sizing",
                "title_link": "https:\/\/getbootstrap.com\/docs\/4.0\/utilities\/sizing\/",
                "text": "Easily make an element as wide or as tall (relative to its parent) with our width and height utilities.",
                "fallback": "Sizing",
                "thumb_url": "https:\/\/getbootstrap.com\/docs\/4.0\/assets\/brand\/bootstrap-social-logo.png",
                "from_url": "https:\/\/getbootstrap.com\/docs\/4.0\/utilities\/sizing\/",
                "thumb_width": 600,
                "thumb_height": 600,
                "service_icon": "https:\/\/getbootstrap.com\/docs\/4.0\/assets\/img\/favicons\/apple-touch-icon.png",
                "service_name": "getbootstrap.com",
                "id": 1,
                "original_url": "https:\/\/getbootstrap.com\/docs\/4.0\/utilities\/sizing\/"
            }
        ],
        "blocks": [
            {
                "type": "rich_text",
                "block_id": "Agmk",
                "elements": [
                    {
                        "type": "rich_text_section",
                        "elements": [
                            {
                                "type": "text",
                                "text": "Does this help?\n"
                            },
                            {
                                "type": "link",
                                "url": "https:\/\/getbootstrap.com\/docs\/4.0\/utilities\/sizing\/",
                                "text": "https:\/\/getbootstrap.com\/docs\/4.0\/utilities\/sizing\/"
                            }
                        ]
                    }
                ]
            }
        ],
        "thread_ts": "1586656450.050400",
        "parent_user_id": "U010AJPBC3B"
    }
]