[
    {
        "client_msg_id": "4a269a76-4e52-43f6-a0d8-faa34c92bc2d",
        "type": "message",
        "text": "I got an email from Jeff about joining a waiting room prior to entering the class, will that be link be posted in week 2? and would it be the same thing as when we click a zoom link?",
        "user": "U010LHWSG4U",
        "ts": "1586305038.043000",
        "team": "T0105GKDN1H",
        "user_team": "T0105GKDN1H",
        "source_team": "T0105GKDN1H",
        "user_profile": {
            "avatar_hash": "94c7660ade93",
            "image_72": "https:\/\/avatars.slack-edge.com\/2020-03-25\/1015453574355_94c7660ade93297788be_72.jpg",
            "first_name": "",
            "real_name": "Sandra Romero",
            "display_name": "Sandra Romero",
            "team": "T0105GKDN1H",
            "name": "sandymarieromero",
            "is_restricted": false,
            "is_ultra_restricted": false
        },
        "blocks": [
            {
                "type": "rich_text",
                "block_id": "Y\/X",
                "elements": [
                    {
                        "type": "rich_text_section",
                        "elements": [
                            {
                                "type": "text",
                                "text": "I got an email from Jeff about joining a waiting room prior to entering the class, will that be link be posted in week 2? and would it be the same thing as when we click a zoom link?"
                            }
                        ]
                    }
                ]
            }
        ],
        "thread_ts": "1586305038.043000",
        "reply_count": 7,
        "reply_users_count": 2,
        "latest_reply": "1586307119.044500",
        "reply_users": [
            "U010LEW7V2R",
            "U010LHWSG4U"
        ],
        "replies": [
            {
                "user": "U010LEW7V2R",
                "ts": "1586305342.043100"
            },
            {
                "user": "U010LHWSG4U",
                "ts": "1586305550.043400"
            },
            {
                "user": "U010LEW7V2R",
                "ts": "1586305640.043600"
            },
            {
                "user": "U010LEW7V2R",
                "ts": "1586306511.043900"
            },
            {
                "user": "U010LHWSG4U",
                "ts": "1586306670.044100"
            },
            {
                "user": "U010LHWSG4U",
                "ts": "1586307109.044300"
            },
            {
                "user": "U010LHWSG4U",
                "ts": "1586307119.044500"
            }
        ],
        "subscribed": false
    },
    {
        "type": "message",
        "subtype": "thread_broadcast",
        "text": "The process should still be the same. It will be the same link that we have been using. We will also Slack it out in a bit here so it is easily accessible to access. Instead of automatically being let into the chat like normal though, you will be in a \"waiting room\" and either Chris, Matthew, Michael, or myself will have to authorize you to come in to the main Zoom Room. If you leave the meeting you will again have to be authorized. Just an extra step of security.",
        "user": "U010LEW7V2R",
        "ts": "1586305342.043100",
        "thread_ts": "1586305038.043000",
        "root": {
            "client_msg_id": "4a269a76-4e52-43f6-a0d8-faa34c92bc2d",
            "type": "message",
            "text": "I got an email from Jeff about joining a waiting room prior to entering the class, will that be link be posted in week 2? and would it be the same thing as when we click a zoom link?",
            "user": "U010LHWSG4U",
            "ts": "1586305038.043000",
            "team": "T0105GKDN1H",
            "blocks": [
                {
                    "type": "rich_text",
                    "block_id": "Y\/X",
                    "elements": [
                        {
                            "type": "rich_text_section",
                            "elements": [
                                {
                                    "type": "text",
                                    "text": "I got an email from Jeff about joining a waiting room prior to entering the class, will that be link be posted in week 2? and would it be the same thing as when we click a zoom link?"
                                }
                            ]
                        }
                    ]
                }
            ],
            "thread_ts": "1586305038.043000",
            "reply_count": 7,
            "reply_users_count": 2,
            "latest_reply": "1586307119.044500",
            "reply_users": [
                "U010LEW7V2R",
                "U010LHWSG4U"
            ],
            "subscribed": false
        },
        "blocks": [
            {
                "type": "rich_text",
                "block_id": "98rgu",
                "elements": [
                    {
                        "type": "rich_text_section",
                        "elements": [
                            {
                                "type": "text",
                                "text": "The process should still be the same. It will be the same link that we have been using. We will also Slack it out in a bit here so it is easily accessible to access. Instead of automatically being let into the chat like normal though, you will be in a \"waiting room\" and either Chris, Matthew, Michael, or myself will have to authorize you to come in to the main Zoom Room. If you leave the meeting you will again have to be authorized. Just an extra step of security."
                            }
                        ]
                    }
                ]
            }
        ],
        "client_msg_id": "eec9d653-2935-4ab4-9a1e-78271f8107fa"
    },
    {
        "client_msg_id": "1e76fd6a-f6e8-461e-bb38-12c9a7620dbd",
        "type": "message",
        "text": "ok, got it thank you!",
        "user": "U010LHWSG4U",
        "ts": "1586305550.043400",
        "team": "T0105GKDN1H",
        "user_team": "T0105GKDN1H",
        "source_team": "T0105GKDN1H",
        "user_profile": {
            "avatar_hash": "94c7660ade93",
            "image_72": "https:\/\/avatars.slack-edge.com\/2020-03-25\/1015453574355_94c7660ade93297788be_72.jpg",
            "first_name": "",
            "real_name": "Sandra Romero",
            "display_name": "Sandra Romero",
            "team": "T0105GKDN1H",
            "name": "sandymarieromero",
            "is_restricted": false,
            "is_ultra_restricted": false
        },
        "blocks": [
            {
                "type": "rich_text",
                "block_id": "JW1A",
                "elements": [
                    {
                        "type": "rich_text_section",
                        "elements": [
                            {
                                "type": "text",
                                "text": "ok, got it thank you!"
                            }
                        ]
                    }
                ]
            }
        ],
        "thread_ts": "1586305038.043000",
        "parent_user_id": "U010LHWSG4U"
    },
    {
        "client_msg_id": "61980263-b7f7-4193-a36c-d61d5843ce20",
        "type": "message",
        "text": "Of course :slightly_smiling_face:",
        "user": "U010LEW7V2R",
        "ts": "1586305640.043600",
        "team": "T0105GKDN1H",
        "user_team": "T0105GKDN1H",
        "source_team": "T0105GKDN1H",
        "user_profile": {
            "avatar_hash": "d3ca0dce327c",
            "image_72": "https:\/\/avatars.slack-edge.com\/2020-03-23\/1020683219136_d3ca0dce327cf88e2c77_72.jpg",
            "first_name": "Stacy",
            "real_name": "Stacy Keown",
            "display_name": "Stacy Keown",
            "team": "T0105GKDN1H",
            "name": "code",
            "is_restricted": false,
            "is_ultra_restricted": false
        },
        "blocks": [
            {
                "type": "rich_text",
                "block_id": "=6oW",
                "elements": [
                    {
                        "type": "rich_text_section",
                        "elements": [
                            {
                                "type": "text",
                                "text": "Of course "
                            },
                            {
                                "type": "emoji",
                                "name": "slightly_smiling_face"
                            }
                        ]
                    }
                ]
            }
        ],
        "thread_ts": "1586305038.043000",
        "parent_user_id": "U010LHWSG4U"
    },
    {
        "client_msg_id": "7a410a49-02f3-47ee-928a-0ef2f84269af",
        "type": "message",
        "text": "Chris added some more information about the waiting room under <#C011LJT6N3E|z-class-week-02>",
        "user": "U010LEW7V2R",
        "ts": "1586306511.043900",
        "team": "T0105GKDN1H",
        "user_team": "T0105GKDN1H",
        "source_team": "T0105GKDN1H",
        "user_profile": {
            "avatar_hash": "d3ca0dce327c",
            "image_72": "https:\/\/avatars.slack-edge.com\/2020-03-23\/1020683219136_d3ca0dce327cf88e2c77_72.jpg",
            "first_name": "Stacy",
            "real_name": "Stacy Keown",
            "display_name": "Stacy Keown",
            "team": "T0105GKDN1H",
            "name": "code",
            "is_restricted": false,
            "is_ultra_restricted": false
        },
        "blocks": [
            {
                "type": "rich_text",
                "block_id": "U2a",
                "elements": [
                    {
                        "type": "rich_text_section",
                        "elements": [
                            {
                                "type": "text",
                                "text": "Chris added some more information about the waiting room under "
                            },
                            {
                                "type": "channel",
                                "channel_id": "C011LJT6N3E"
                            }
                        ]
                    }
                ]
            }
        ],
        "thread_ts": "1586305038.043000",
        "parent_user_id": "U010LHWSG4U"
    },
    {
        "client_msg_id": "d8661237-6c48-40f6-a437-4862bde8b49c",
        "type": "message",
        "text": "Just saw that, thank you!",
        "user": "U010LHWSG4U",
        "ts": "1586306670.044100",
        "team": "T0105GKDN1H",
        "user_team": "T0105GKDN1H",
        "source_team": "T0105GKDN1H",
        "user_profile": {
            "avatar_hash": "94c7660ade93",
            "image_72": "https:\/\/avatars.slack-edge.com\/2020-03-25\/1015453574355_94c7660ade93297788be_72.jpg",
            "first_name": "",
            "real_name": "Sandra Romero",
            "display_name": "Sandra Romero",
            "team": "T0105GKDN1H",
            "name": "sandymarieromero",
            "is_restricted": false,
            "is_ultra_restricted": false
        },
        "blocks": [
            {
                "type": "rich_text",
                "block_id": "wPl0",
                "elements": [
                    {
                        "type": "rich_text_section",
                        "elements": [
                            {
                                "type": "text",
                                "text": "Just saw that, thank you!"
                            }
                        ]
                    }
                ]
            }
        ],
        "thread_ts": "1586305038.043000",
        "parent_user_id": "U010LHWSG4U"
    },
    {
        "client_msg_id": "67e18058-d132-4563-8c24-16bb1222c1be",
        "type": "message",
        "text": "Hi, I'm having a hard time hearing everyone",
        "user": "U010LHWSG4U",
        "ts": "1586307109.044300",
        "team": "T0105GKDN1H",
        "user_team": "T0105GKDN1H",
        "source_team": "T0105GKDN1H",
        "user_profile": {
            "avatar_hash": "94c7660ade93",
            "image_72": "https:\/\/avatars.slack-edge.com\/2020-03-25\/1015453574355_94c7660ade93297788be_72.jpg",
            "first_name": "",
            "real_name": "Sandra Romero",
            "display_name": "Sandra Romero",
            "team": "T0105GKDN1H",
            "name": "sandymarieromero",
            "is_restricted": false,
            "is_ultra_restricted": false
        },
        "blocks": [
            {
                "type": "rich_text",
                "block_id": "pSj2v",
                "elements": [
                    {
                        "type": "rich_text_section",
                        "elements": [
                            {
                                "type": "text",
                                "text": "Hi, I'm having a hard time hearing everyone"
                            }
                        ]
                    }
                ]
            }
        ],
        "thread_ts": "1586305038.043000",
        "parent_user_id": "U010LHWSG4U"
    },
    {
        "client_msg_id": "877596b9-a960-40ff-8438-5d4c9eae48e2",
        "type": "message",
        "text": "I'm not sure how to go about trouble shooting this",
        "user": "U010LHWSG4U",
        "ts": "1586307119.044500",
        "team": "T0105GKDN1H",
        "user_team": "T0105GKDN1H",
        "source_team": "T0105GKDN1H",
        "user_profile": {
            "avatar_hash": "94c7660ade93",
            "image_72": "https:\/\/avatars.slack-edge.com\/2020-03-25\/1015453574355_94c7660ade93297788be_72.jpg",
            "first_name": "",
            "real_name": "Sandra Romero",
            "display_name": "Sandra Romero",
            "team": "T0105GKDN1H",
            "name": "sandymarieromero",
            "is_restricted": false,
            "is_ultra_restricted": false
        },
        "blocks": [
            {
                "type": "rich_text",
                "block_id": "09z+",
                "elements": [
                    {
                        "type": "rich_text_section",
                        "elements": [
                            {
                                "type": "text",
                                "text": "I'm not sure how to go about trouble shooting this"
                            }
                        ]
                    }
                ]
            }
        ],
        "thread_ts": "1586305038.043000",
        "parent_user_id": "U010LHWSG4U"
    }
]