[
    {
        "client_msg_id": "8c1903be-de76-469e-ae19-ab98aabc4ff7",
        "type": "message",
        "text": "anyone do the more challenging game in Scratch? I'm trying to make it so that when my falling object hits the floor, points\/lives get deducted. any ideas?",
        "user": "U0109GZP6HH",
        "ts": "1585518247.002000",
        "team": "T0105GKDN1H",
        "user_team": "T0105GKDN1H",
        "source_team": "T0105GKDN1H",
        "user_profile": {
            "avatar_hash": "dcfd7b601289",
            "image_72": "https:\/\/avatars.slack-edge.com\/2020-03-27\/1034775747879_dcfd7b601289e2bf7f73_72.jpg",
            "first_name": "",
            "real_name": "Jessica Vaiana-Cavanagh",
            "display_name": "Jessica Vaiana-Cavanagh",
            "team": "T0105GKDN1H",
            "name": "jessica.vaicav",
            "is_restricted": false,
            "is_ultra_restricted": false
        },
        "blocks": [
            {
                "type": "rich_text",
                "block_id": "dPX",
                "elements": [
                    {
                        "type": "rich_text_section",
                        "elements": [
                            {
                                "type": "text",
                                "text": "anyone do the more challenging game in Scratch? I'm trying to make it so that when my falling object hits the floor, points\/lives get deducted. any ideas?"
                            }
                        ]
                    }
                ]
            }
        ]
    },
    {
        "client_msg_id": "85b0d16f-a4f6-45d6-b238-26ea93cb3ab9",
        "type": "message",
        "text": "Have you checked out the youtube tutorial videos for help? I used 3 to get all the elements\/ideas for the cheesy puffs (a galactica looking one was really helpful!). you might try search terms like: scratch, game, falling",
        "user": "U010AJPBC3B",
        "ts": "1585527239.003900",
        "team": "T0105GKDN1H",
        "user_team": "T0105GKDN1H",
        "source_team": "T0105GKDN1H",
        "user_profile": {
            "avatar_hash": "a7accc11904a",
            "image_72": "https:\/\/avatars.slack-edge.com\/2020-03-31\/1039823854836_a7accc11904a7e79e199_72.png",
            "first_name": "Krista",
            "real_name": "Krista Clarke",
            "display_name": "Krista C",
            "team": "T0105GKDN1H",
            "name": "kristaclarke82",
            "is_restricted": false,
            "is_ultra_restricted": false
        },
        "blocks": [
            {
                "type": "rich_text",
                "block_id": "=b4AO",
                "elements": [
                    {
                        "type": "rich_text_section",
                        "elements": [
                            {
                                "type": "text",
                                "text": "Have you checked out the youtube tutorial videos for help? I used 3 to get all the elements\/ideas for the cheesy puffs (a galactica looking one was really helpful!). you might try search terms like: scratch, game, falling"
                            }
                        ]
                    }
                ]
            }
        ],
        "thread_ts": "1585527239.003900",
        "reply_count": 2,
        "reply_users_count": 2,
        "latest_reply": "1585592664.004500",
        "reply_users": [
            "U010LJKUX44",
            "U010AJPBC3B"
        ],
        "replies": [
            {
                "user": "U010LJKUX44",
                "ts": "1585530756.004100"
            },
            {
                "user": "U010AJPBC3B",
                "ts": "1585592664.004500"
            }
        ],
        "subscribed": false,
        "reactions": [
            {
                "name": "+1",
                "users": [
                    "U010ACLHD0R",
                    "U010APCDU9F",
                    "U0109GZP6HH"
                ],
                "count": 3
            }
        ]
    },
    {
        "client_msg_id": "776a9d19-d9bc-4218-b5ba-270c5637338f",
        "type": "message",
        "text": "Tutorial videos! I didn't think about looking for those. haha",
        "user": "U010LJKUX44",
        "ts": "1585530756.004100",
        "team": "T0105GKDN1H",
        "user_team": "T0105GKDN1H",
        "source_team": "T0105GKDN1H",
        "user_profile": {
            "avatar_hash": "76dca6aade71",
            "image_72": "https:\/\/avatars.slack-edge.com\/2020-03-23\/1022739361382_76dca6aade71042586a7_72.png",
            "first_name": "",
            "real_name": "Hazel Kasusky",
            "display_name": "Hazel Kasusky",
            "team": "T0105GKDN1H",
            "name": "kasusky.music",
            "is_restricted": false,
            "is_ultra_restricted": false
        },
        "blocks": [
            {
                "type": "rich_text",
                "block_id": "20Vm",
                "elements": [
                    {
                        "type": "rich_text_section",
                        "elements": [
                            {
                                "type": "text",
                                "text": "Tutorial videos! I didn't think about looking for those. haha"
                            }
                        ]
                    }
                ]
            }
        ],
        "thread_ts": "1585527239.003900",
        "parent_user_id": "U010AJPBC3B"
    }
]