[
    {
        "client_msg_id": "92ee6690-e080-4540-9e2d-63912a7e2f0d",
        "type": "message",
        "text": "there are tons out there, and some can be really useful for getting tips on putting the elements together.",
        "user": "U010AJPBC3B",
        "ts": "1585592664.004500",
        "team": "T0105GKDN1H",
        "user_team": "T0105GKDN1H",
        "source_team": "T0105GKDN1H",
        "user_profile": {
            "avatar_hash": "a7accc11904a",
            "image_72": "https:\/\/avatars.slack-edge.com\/2020-03-31\/1039823854836_a7accc11904a7e79e199_72.png",
            "first_name": "Krista",
            "real_name": "Krista Clarke",
            "display_name": "Krista C",
            "team": "T0105GKDN1H",
            "name": "kristaclarke82",
            "is_restricted": false,
            "is_ultra_restricted": false
        },
        "blocks": [
            {
                "type": "rich_text",
                "block_id": "hJyhF",
                "elements": [
                    {
                        "type": "rich_text_section",
                        "elements": [
                            {
                                "type": "text",
                                "text": "there are tons out there, and some can be really useful for getting tips on putting the elements together."
                            }
                        ]
                    }
                ]
            }
        ],
        "thread_ts": "1585527239.003900",
        "parent_user_id": "U010AJPBC3B"
    },
    {
        "client_msg_id": "720ea782-9753-42c1-b193-ced10aac2335",
        "type": "message",
        "text": "i've watched several youtube videos - it's how i got as far as i did. LOL. I'm having trouble find videos to help me get through my last few elements",
        "user": "U0109GZP6HH",
        "ts": "1585616800.006800",
        "team": "T0105GKDN1H",
        "user_team": "T0105GKDN1H",
        "source_team": "T0105GKDN1H",
        "user_profile": {
            "avatar_hash": "dcfd7b601289",
            "image_72": "https:\/\/avatars.slack-edge.com\/2020-03-27\/1034775747879_dcfd7b601289e2bf7f73_72.jpg",
            "first_name": "",
            "real_name": "Jessica Vaiana-Cavanagh",
            "display_name": "Jessica Vaiana-Cavanagh",
            "team": "T0105GKDN1H",
            "name": "jessica.vaicav",
            "is_restricted": false,
            "is_ultra_restricted": false
        },
        "blocks": [
            {
                "type": "rich_text",
                "block_id": "CVE+",
                "elements": [
                    {
                        "type": "rich_text_section",
                        "elements": [
                            {
                                "type": "text",
                                "text": "i've watched several youtube videos - it's how i got as far as i did. LOL. I'm having trouble find videos to help me get through my last few elements"
                            }
                        ]
                    }
                ]
            }
        ]
    },
    {
        "client_msg_id": "d7867f80-244e-4672-96c3-075417788b73",
        "type": "message",
        "text": "When videos arent answering your questions, try asking your question in places like Google, W3 Schools, and Stack Overflow! (Or maybe someone here knows the answer and can help :grin:)",
        "user": "U010ACLHD0R",
        "ts": "1585617896.007100",
        "team": "T0105GKDN1H",
        "user_team": "T0105GKDN1H",
        "source_team": "T0105GKDN1H",
        "user_profile": {
            "avatar_hash": "8c72eaca43ae",
            "image_72": "https:\/\/avatars.slack-edge.com\/2020-03-23\/1009675401811_8c72eaca43ae720843dc_72.png",
            "first_name": "Matthew",
            "real_name": "Matthew Bub",
            "display_name": "Matthew Bub",
            "team": "T0105GKDN1H",
            "name": "6matbub",
            "is_restricted": false,
            "is_ultra_restricted": false
        },
        "blocks": [
            {
                "type": "rich_text",
                "block_id": "Z4w",
                "elements": [
                    {
                        "type": "rich_text_section",
                        "elements": [
                            {
                                "type": "text",
                                "text": "When videos arent answering your questions, try asking your question in places like Google, W3 Schools, and Stack Overflow! (Or maybe someone here knows the answer and can help "
                            },
                            {
                                "type": "emoji",
                                "name": "grin"
                            },
                            {
                                "type": "text",
                                "text": ")"
                            }
                        ]
                    }
                ]
            }
        ],
        "reactions": [
            {
                "name": "+1",
                "users": [
                    "U010LEW7V2R"
                ],
                "count": 1
            }
        ]
    },
    {
        "client_msg_id": "a85036fc-00de-4205-a8c1-1a171e68c0d2",
        "type": "message",
        "text": "Also, if you have done your research and are still struggling, reach out to your fellow program members.\nAsk your resources in this program, in this order:\n1. Other Students\n2. TA's\n3. Ask about tutoring resources through the program\n4. Instructor\n<!channel> Everyone, if you know the answer to your fellow students' inquiry's please answer. You'll appreciate if they do the same for you.",
        "user": "U010Y90H4T0",
        "ts": "1585617955.007700",
        "team": "T0105GKDN1H",
        "user_team": "T0105GKDN1H",
        "source_team": "T0105GKDN1H",
        "user_profile": {
            "avatar_hash": "dab7da854ffb",
            "image_72": "https:\/\/avatars.slack-edge.com\/2020-03-27\/1017678411922_dab7da854ffb816e196d_72.jpg",
            "first_name": "Chris",
            "real_name": "Chris Murphy",
            "display_name": "Chris Murphy",
            "team": "T0105GKDN1H",
            "name": "christoph2005",
            "is_restricted": false,
            "is_ultra_restricted": false
        },
        "edited": {
            "user": "U010Y90H4T0",
            "ts": "1585618374.000000"
        },
        "blocks": [
            {
                "type": "rich_text",
                "block_id": "UCS",
                "elements": [
                    {
                        "type": "rich_text_section",
                        "elements": [
                            {
                                "type": "text",
                                "text": "Also, if you have done your research and are still struggling, reach out to your fellow program members.\nAsk your resources in this program, in this order:\n"
                            }
                        ]
                    },
                    {
                        "type": "rich_text_list",
                        "elements": [
                            {
                                "type": "rich_text_section",
                                "elements": [
                                    {
                                        "type": "text",
                                        "text": "Other Students"
                                    }
                                ]
                            },
                            {
                                "type": "rich_text_section",
                                "elements": [
                                    {
                                        "type": "text",
                                        "text": "TA's"
                                    }
                                ]
                            },
                            {
                                "type": "rich_text_section",
                                "elements": [
                                    {
                                        "type": "text",
                                        "text": "Ask about tutoring resources through the program"
                                    }
                                ]
                            },
                            {
                                "type": "rich_text_section",
                                "elements": [
                                    {
                                        "type": "text",
                                        "text": "Instructor"
                                    }
                                ]
                            }
                        ],
                        "style": "ordered",
                        "indent": 0
                    },
                    {
                        "type": "rich_text_section",
                        "elements": [
                            {
                                "type": "text",
                                "text": "\n"
                            },
                            {
                                "type": "broadcast",
                                "range": "channel"
                            },
                            {
                                "type": "text",
                                "text": " Everyone, if you know the answer to your fellow students' inquiry's please answer. You'll appreciate if they do the same for you."
                            }
                        ]
                    }
                ]
            }
        ],
        "reactions": [
            {
                "name": "+1",
                "users": [
                    "U010ACLHD0R"
                ],
                "count": 1
            }
        ]
    },
    {
        "client_msg_id": "7ca2ca98-beb3-4864-bf1b-4aee6dbacba2",
        "type": "message",
        "text": "<@U0109GZP6HH>\n\nPrograms in scratch typically run \"on start\" and continue until there are no further blocks to execute.\n\nTo \"detect\" if your \"falling object\" \"hits the floor\" you'll likely have to use the \"if-then\" code block to detect if the \"actor's\" \"y-position\" is \" &lt; \" the \"y-position of the bottom of the screen (about -250)\".\n\nFurther, an \"if-then\" block will only get activated 1-time, and the \"y-position &lt; -250\" condition can happen at \"any time\". Thus you'll also need to use a \"loop\" block with the \"if-then\" block inside of it, to repeatedly check for the appropriate condition, and perform an action only once that condition is detected.\n\nI hope this was clear, and helpful.",
        "user": "U010Y90H4T0",
        "ts": "1585618636.012000",
        "team": "T0105GKDN1H",
        "user_team": "T0105GKDN1H",
        "source_team": "T0105GKDN1H",
        "user_profile": {
            "avatar_hash": "dab7da854ffb",
            "image_72": "https:\/\/avatars.slack-edge.com\/2020-03-27\/1017678411922_dab7da854ffb816e196d_72.jpg",
            "first_name": "Chris",
            "real_name": "Chris Murphy",
            "display_name": "Chris Murphy",
            "team": "T0105GKDN1H",
            "name": "christoph2005",
            "is_restricted": false,
            "is_ultra_restricted": false
        },
        "edited": {
            "user": "U010Y90H4T0",
            "ts": "1585618661.000000"
        },
        "blocks": [
            {
                "type": "rich_text",
                "block_id": "sfoG",
                "elements": [
                    {
                        "type": "rich_text_section",
                        "elements": [
                            {
                                "type": "user",
                                "user_id": "U0109GZP6HH"
                            },
                            {
                                "type": "text",
                                "text": "\n\nPrograms in scratch typically run \"on start\" and continue until there are no further blocks to execute.\n\nTo \"detect\" if your \"falling object\" \"hits the floor\" you'll likely have to use the \"if-then\" code block to detect if the \"actor's\" \"y-position\" is \" < \" the \"y-position of the bottom of the screen (about -250)\".\n\nFurther, an \"if-then\" block will only get activated 1-time, and the \"y-position < -250\" condition can happen at \"any time\". Thus you'll also need to use a \"loop\" block with the \"if-then\" block inside of it, to repeatedly check for the appropriate condition, and perform an action only once that condition is detected.\n\nI hope this was clear, and helpful."
                            }
                        ]
                    }
                ]
            }
        ]
    },
    {
        "client_msg_id": "937db141-d20d-43e5-ac7e-964e932567ce",
        "type": "message",
        "text": "<@U0109GZP6HH> <https:\/\/scratch.mit.edu\/projects\/editor\/?tutorial=getStarted>",
        "user": "U010B4FCHCZ",
        "ts": "1585618899.014100",
        "team": "T0105GKDN1H",
        "user_team": "T0105GKDN1H",
        "source_team": "T0105GKDN1H",
        "user_profile": {
            "avatar_hash": "95e91a16d45e",
            "image_72": "https:\/\/avatars.slack-edge.com\/2020-03-23\/1023056229415_95e91a16d45eaa901d97_72.jpg",
            "first_name": "Kanyarut",
            "real_name": "Kanyarut Pornamnuay",
            "display_name": "Kanyarut (Ben)",
            "team": "T0105GKDN1H",
            "name": "benbaba2525",
            "is_restricted": false,
            "is_ultra_restricted": false
        },
        "blocks": [
            {
                "type": "rich_text",
                "block_id": "b0P",
                "elements": [
                    {
                        "type": "rich_text_section",
                        "elements": [
                            {
                                "type": "user",
                                "user_id": "U0109GZP6HH"
                            },
                            {
                                "type": "text",
                                "text": " "
                            },
                            {
                                "type": "link",
                                "url": "https:\/\/scratch.mit.edu\/projects\/editor\/?tutorial=getStarted"
                            }
                        ]
                    }
                ]
            }
        ],
        "reactions": [
            {
                "name": "+1",
                "users": [
                    "U010ACLHD0R",
                    "U0109GZP6HH"
                ],
                "count": 2
            }
        ]
    },
    {
        "client_msg_id": "b639f3f3-bfa7-4326-af44-6bc760fb1e6a",
        "type": "message",
        "text": "<!channel>\n\nI appreciate students who have tried to provide helpful hints for fellow classmates. Thank you!\nI have a request though...\n1. Please do not provide suggestions for \"go watch a video\" or \"search google\".\n2. If you have a specific video in mind that you believe concisely answers the question, please provide a link to that specific video.\n3. If you have a non-video, such as a tutorial or website that does the same, please link the specific material.\n4. If the material does not answer the question, please refrain from posting it.\nThanks!",
        "user": "U010Y90H4T0",
        "ts": "1585618950.015700",
        "team": "T0105GKDN1H",
        "user_team": "T0105GKDN1H",
        "source_team": "T0105GKDN1H",
        "user_profile": {
            "avatar_hash": "dab7da854ffb",
            "image_72": "https:\/\/avatars.slack-edge.com\/2020-03-27\/1017678411922_dab7da854ffb816e196d_72.jpg",
            "first_name": "Chris",
            "real_name": "Chris Murphy",
            "display_name": "Chris Murphy",
            "team": "T0105GKDN1H",
            "name": "christoph2005",
            "is_restricted": false,
            "is_ultra_restricted": false
        },
        "blocks": [
            {
                "type": "rich_text",
                "block_id": "NvQrj",
                "elements": [
                    {
                        "type": "rich_text_section",
                        "elements": [
                            {
                                "type": "broadcast",
                                "range": "channel"
                            },
                            {
                                "type": "text",
                                "text": "\n\nI appreciate students who have tried to provide helpful hints for fellow classmates. Thank you!\nI have a request though...\n"
                            }
                        ]
                    },
                    {
                        "type": "rich_text_list",
                        "elements": [
                            {
                                "type": "rich_text_section",
                                "elements": [
                                    {
                                        "type": "text",
                                        "text": "Please do not provide suggestions for \"go watch a video\" or \"search google\"."
                                    }
                                ]
                            },
                            {
                                "type": "rich_text_section",
                                "elements": [
                                    {
                                        "type": "text",
                                        "text": "If you have a specific video in mind that you believe concisely answers the question, please provide a link to that specific video."
                                    }
                                ]
                            },
                            {
                                "type": "rich_text_section",
                                "elements": [
                                    {
                                        "type": "text",
                                        "text": "If you have a non-video, such as a tutorial or website that does the same, please link the specific material."
                                    }
                                ]
                            },
                            {
                                "type": "rich_text_section",
                                "elements": [
                                    {
                                        "type": "text",
                                        "text": "If the material does not answer the question, please refrain from posting it."
                                    }
                                ]
                            }
                        ],
                        "style": "ordered",
                        "indent": 0
                    },
                    {
                        "type": "rich_text_section",
                        "elements": [
                            {
                                "type": "text",
                                "text": "\nThanks!"
                            }
                        ]
                    }
                ]
            }
        ]
    },
    {
        "client_msg_id": "380d4af6-5fe5-4c37-93a4-8a97868e9cdb",
        "type": "message",
        "text": "This link help me a lot . Go to this link then select on Tutorails \/ Game",
        "user": "U010B4FCHCZ",
        "ts": "1585619054.016600",
        "team": "T0105GKDN1H",
        "user_team": "T0105GKDN1H",
        "source_team": "T0105GKDN1H",
        "user_profile": {
            "avatar_hash": "95e91a16d45e",
            "image_72": "https:\/\/avatars.slack-edge.com\/2020-03-23\/1023056229415_95e91a16d45eaa901d97_72.jpg",
            "first_name": "Kanyarut",
            "real_name": "Kanyarut Pornamnuay",
            "display_name": "Kanyarut (Ben)",
            "team": "T0105GKDN1H",
            "name": "benbaba2525",
            "is_restricted": false,
            "is_ultra_restricted": false
        },
        "blocks": [
            {
                "type": "rich_text",
                "block_id": "b95",
                "elements": [
                    {
                        "type": "rich_text_section",
                        "elements": [
                            {
                                "type": "text",
                                "text": "This link help me a lot . Go to this link then select on Tutorails \/ Game"
                            }
                        ]
                    }
                ]
            }
        ]
    },
    {
        "client_msg_id": "4D7D1B69-E29A-47A9-A987-7106F22B0189",
        "type": "message",
        "text": "I myself used the logic Prof. Murphy suggested. Similarly the ideas are applicable for other interactions in the game, especially when used in conjunction with global variables (for instance, each object being able to communicate their individual locations to each other proved very helpful to me). ",
        "user": "U010LUDNEJU",
        "ts": "1585619468.020800",
        "team": "T0105GKDN1H",
        "user_team": "T0105GKDN1H",
        "source_team": "T0105GKDN1H",
        "user_profile": {
            "avatar_hash": "60a42db80d27",
            "image_72": "https:\/\/avatars.slack-edge.com\/2020-04-10\/1056102682051_60a42db80d27d72bc6b0_72.jpg",
            "first_name": "",
            "real_name": "Marc Martinez",
            "display_name": "Marc Martinez",
            "team": "T0105GKDN1H",
            "name": "marcmartinez987",
            "is_restricted": false,
            "is_ultra_restricted": false
        },
        "blocks": [
            {
                "type": "rich_text",
                "block_id": "SWBE=",
                "elements": [
                    {
                        "type": "rich_text_section",
                        "elements": [
                            {
                                "type": "text",
                                "text": "I myself used the logic Prof. Murphy suggested. Similarly the ideas are applicable for other interactions in the game, especially when used in conjunction with global variables (for instance, each object being able to communicate their individual locations to each other proved very helpful to me). "
                            }
                        ]
                    }
                ]
            }
        ],
        "reactions": [
            {
                "name": "+1",
                "users": [
                    "U010ACLHD0R",
                    "U010LHWSG4U",
                    "U0109GZP6HH"
                ],
                "count": 3
            }
        ]
    },
    {
        "client_msg_id": "428db7ce-3298-4828-87f6-d1011487ac51",
        "type": "message",
        "text": "Thank you for linking the specific material and describing where to find the solution.",
        "user": "U010Y90H4T0",
        "ts": "1585619623.022000",
        "team": "T0105GKDN1H",
        "user_team": "T0105GKDN1H",
        "source_team": "T0105GKDN1H",
        "user_profile": {
            "avatar_hash": "dab7da854ffb",
            "image_72": "https:\/\/avatars.slack-edge.com\/2020-03-27\/1017678411922_dab7da854ffb816e196d_72.jpg",
            "first_name": "Chris",
            "real_name": "Chris Murphy",
            "display_name": "Chris Murphy",
            "team": "T0105GKDN1H",
            "name": "christoph2005",
            "is_restricted": false,
            "is_ultra_restricted": false
        },
        "blocks": [
            {
                "type": "rich_text",
                "block_id": "05bD",
                "elements": [
                    {
                        "type": "rich_text_section",
                        "elements": [
                            {
                                "type": "text",
                                "text": "Thank you for linking the specific material and describing where to find the solution."
                            }
                        ]
                    }
                ]
            }
        ],
        "reactions": [
            {
                "name": "+1",
                "users": [
                    "U010B4FCHCZ"
                ],
                "count": 1
            }
        ]
    }
]