[
    {
        "type": "message",
        "text": "Hey guys! I'm trying to finish my first HW assignment and i'm having a bit of trouble floating my \"aside\" section to the left. I've tried just about everything I could think of so any advice would be much appreciated. I think currently my \"aside\" is somewhere behind my <section>. Thanks!",
        "files": [
            {
                "id": "F01161G5803",
                "created": 1586113086,
                "timestamp": 1586113086,
                "name": "Screen Shot 2020-04-05 at 2.52.25 PM.png",
                "title": "Screen Shot 2020-04-05 at 2.52.25 PM.png",
                "mimetype": "image\/png",
                "filetype": "png",
                "pretty_type": "PNG",
                "user": "U010M34SKMK",
                "editable": false,
                "size": 23617,
                "mode": "hosted",
                "is_external": false,
                "external_type": "",
                "is_public": true,
                "public_url_shared": false,
                "display_as_bot": false,
                "username": "",
                "url_private": "https:\/\/files.slack.com\/files-pri\/T0105GKDN1H-F01161G5803\/screen_shot_2020-04-05_at_2.52.25_pm.png?t=xoxe-1005563464051-1077300145892-1094973465936-b91b441389dd5f41adba77ce94586498",
                "url_private_download": "https:\/\/files.slack.com\/files-pri\/T0105GKDN1H-F01161G5803\/download\/screen_shot_2020-04-05_at_2.52.25_pm.png?t=xoxe-1005563464051-1077300145892-1094973465936-b91b441389dd5f41adba77ce94586498",
                "thumb_64": "https:\/\/files.slack.com\/files-tmb\/T0105GKDN1H-F01161G5803-050029ccae\/screen_shot_2020-04-05_at_2.52.25_pm_64.png?t=xoxe-1005563464051-1077300145892-1094973465936-b91b441389dd5f41adba77ce94586498",
                "thumb_80": "https:\/\/files.slack.com\/files-tmb\/T0105GKDN1H-F01161G5803-050029ccae\/screen_shot_2020-04-05_at_2.52.25_pm_80.png?t=xoxe-1005563464051-1077300145892-1094973465936-b91b441389dd5f41adba77ce94586498",
                "thumb_360": "https:\/\/files.slack.com\/files-tmb\/T0105GKDN1H-F01161G5803-050029ccae\/screen_shot_2020-04-05_at_2.52.25_pm_360.png?t=xoxe-1005563464051-1077300145892-1094973465936-b91b441389dd5f41adba77ce94586498",
                "thumb_360_w": 360,
                "thumb_360_h": 211,
                "thumb_480": "https:\/\/files.slack.com\/files-tmb\/T0105GKDN1H-F01161G5803-050029ccae\/screen_shot_2020-04-05_at_2.52.25_pm_480.png?t=xoxe-1005563464051-1077300145892-1094973465936-b91b441389dd5f41adba77ce94586498",
                "thumb_480_w": 480,
                "thumb_480_h": 281,
                "thumb_160": "https:\/\/files.slack.com\/files-tmb\/T0105GKDN1H-F01161G5803-050029ccae\/screen_shot_2020-04-05_at_2.52.25_pm_160.png?t=xoxe-1005563464051-1077300145892-1094973465936-b91b441389dd5f41adba77ce94586498",
                "thumb_720": "https:\/\/files.slack.com\/files-tmb\/T0105GKDN1H-F01161G5803-050029ccae\/screen_shot_2020-04-05_at_2.52.25_pm_720.png?t=xoxe-1005563464051-1077300145892-1094973465936-b91b441389dd5f41adba77ce94586498",
                "thumb_720_w": 720,
                "thumb_720_h": 422,
                "thumb_800": "https:\/\/files.slack.com\/files-tmb\/T0105GKDN1H-F01161G5803-050029ccae\/screen_shot_2020-04-05_at_2.52.25_pm_800.png?t=xoxe-1005563464051-1077300145892-1094973465936-b91b441389dd5f41adba77ce94586498",
                "thumb_800_w": 800,
                "thumb_800_h": 469,
                "thumb_960": "https:\/\/files.slack.com\/files-tmb\/T0105GKDN1H-F01161G5803-050029ccae\/screen_shot_2020-04-05_at_2.52.25_pm_960.png?t=xoxe-1005563464051-1077300145892-1094973465936-b91b441389dd5f41adba77ce94586498",
                "thumb_960_w": 960,
                "thumb_960_h": 563,
                "thumb_1024": "https:\/\/files.slack.com\/files-tmb\/T0105GKDN1H-F01161G5803-050029ccae\/screen_shot_2020-04-05_at_2.52.25_pm_1024.png?t=xoxe-1005563464051-1077300145892-1094973465936-b91b441389dd5f41adba77ce94586498",
                "thumb_1024_w": 1024,
                "thumb_1024_h": 600,
                "image_exif_rotation": 1,
                "original_w": 1102,
                "original_h": 646,
                "thumb_tiny": "AwAcADCzb\/6lfu\/jUv8A3xVaJpBGAkYYDvT903\/PJaAJf++aX\/vmoC82PmiUDuaq0AaP\/fNVLr\/WDp07VDRQBZgZRHyzD6VJvT++9RxSssYAAp3nN6CgBXdCpAdifeqeD6Vb85vQUvnt6CgCng+lFXPPb0FV52LuCfSgD\/\/Z",
                "permalink": "https:\/\/uclavirtfsfpt-96r8630.slack.com\/files\/U010M34SKMK\/F01161G5803\/screen_shot_2020-04-05_at_2.52.25_pm.png",
                "permalink_public": "https:\/\/slack-files.com\/T0105GKDN1H-F01161G5803-1c2855b4ef",
                "is_starred": false,
                "has_rich_preview": false
            }
        ],
        "upload": true,
        "blocks": [
            {
                "type": "rich_text",
                "block_id": "fMZds",
                "elements": [
                    {
                        "type": "rich_text_section",
                        "elements": [
                            {
                                "type": "text",
                                "text": "Hey guys! I'm trying to finish my first HW assignment and i'm having a bit of trouble floating my \"aside\" section to the left. I've tried just about everything I could think of so any advice would be much appreciated. I think currently my \"aside\" is somewhere behind my <section>. Thanks!"
                            }
                        ]
                    }
                ]
            }
        ],
        "user": "U010M34SKMK",
        "display_as_bot": false,
        "ts": "1586113091.033100",
        "client_msg_id": "3e037bd0-5ad2-4649-b727-d437baad9678"
    },
    {
        "client_msg_id": "2f9d90d6-64cc-4074-bebc-7a016236bc4e",
        "type": "message",
        "text": "left refers to the &lt;section&gt;",
        "user": "U010M34SKMK",
        "ts": "1586113228.034700",
        "team": "T0105GKDN1H",
        "user_team": "T0105GKDN1H",
        "source_team": "T0105GKDN1H",
        "user_profile": {
            "avatar_hash": "0122aab1c9b1",
            "image_72": "https:\/\/avatars.slack-edge.com\/2020-03-23\/1009660365315_0122aab1c9b12475e96c_72.jpg",
            "first_name": "",
            "real_name": "Caroline Lester",
            "display_name": "Caroline Lester",
            "team": "T0105GKDN1H",
            "name": "carolineclester",
            "is_restricted": false,
            "is_ultra_restricted": false
        },
        "blocks": [
            {
                "type": "rich_text",
                "block_id": "AmN\/",
                "elements": [
                    {
                        "type": "rich_text_section",
                        "elements": [
                            {
                                "type": "text",
                                "text": "left refers to the <section>"
                            }
                        ]
                    }
                ]
            }
        ]
    },
    {
        "client_msg_id": "dd21fbc2-0150-4dd7-ac06-3da4297106cb",
        "type": "message",
        "text": "I don't think you want to force its width to 495px. To start",
        "user": "U010Y90H4T0",
        "ts": "1586113282.035600",
        "team": "T0105GKDN1H",
        "user_team": "T0105GKDN1H",
        "source_team": "T0105GKDN1H",
        "user_profile": {
            "avatar_hash": "dab7da854ffb",
            "image_72": "https:\/\/avatars.slack-edge.com\/2020-03-27\/1017678411922_dab7da854ffb816e196d_72.jpg",
            "first_name": "Chris",
            "real_name": "Chris Murphy",
            "display_name": "Chris Murphy",
            "team": "T0105GKDN1H",
            "name": "christoph2005",
            "is_restricted": false,
            "is_ultra_restricted": false
        },
        "blocks": [
            {
                "type": "rich_text",
                "block_id": "cqmL",
                "elements": [
                    {
                        "type": "rich_text_section",
                        "elements": [
                            {
                                "type": "text",
                                "text": "I don't think you want to force its width to 495px. To start"
                            }
                        ]
                    }
                ]
            }
        ]
    },
    {
        "type": "message",
        "text": "its specifically in the instructions -- is it ok to change that to a %?",
        "files": [
            {
                "id": "F01161L5FQB",
                "created": 1586113427,
                "timestamp": 1586113427,
                "name": "Screen Shot 2020-04-05 at 3.02.46 PM.png",
                "title": "Screen Shot 2020-04-05 at 3.02.46 PM.png",
                "mimetype": "image\/png",
                "filetype": "png",
                "pretty_type": "PNG",
                "user": "U010M34SKMK",
                "editable": false,
                "size": 12433,
                "mode": "hosted",
                "is_external": false,
                "external_type": "",
                "is_public": true,
                "public_url_shared": false,
                "display_as_bot": false,
                "username": "",
                "url_private": "https:\/\/files.slack.com\/files-pri\/T0105GKDN1H-F01161L5FQB\/screen_shot_2020-04-05_at_3.02.46_pm.png?t=xoxe-1005563464051-1077300145892-1094973465936-b91b441389dd5f41adba77ce94586498",
                "url_private_download": "https:\/\/files.slack.com\/files-pri\/T0105GKDN1H-F01161L5FQB\/download\/screen_shot_2020-04-05_at_3.02.46_pm.png?t=xoxe-1005563464051-1077300145892-1094973465936-b91b441389dd5f41adba77ce94586498",
                "thumb_64": "https:\/\/files.slack.com\/files-tmb\/T0105GKDN1H-F01161L5FQB-c67b2852d2\/screen_shot_2020-04-05_at_3.02.46_pm_64.png?t=xoxe-1005563464051-1077300145892-1094973465936-b91b441389dd5f41adba77ce94586498",
                "thumb_80": "https:\/\/files.slack.com\/files-tmb\/T0105GKDN1H-F01161L5FQB-c67b2852d2\/screen_shot_2020-04-05_at_3.02.46_pm_80.png?t=xoxe-1005563464051-1077300145892-1094973465936-b91b441389dd5f41adba77ce94586498",
                "thumb_360": "https:\/\/files.slack.com\/files-tmb\/T0105GKDN1H-F01161L5FQB-c67b2852d2\/screen_shot_2020-04-05_at_3.02.46_pm_360.png?t=xoxe-1005563464051-1077300145892-1094973465936-b91b441389dd5f41adba77ce94586498",
                "thumb_360_w": 278,
                "thumb_360_h": 148,
                "thumb_160": "https:\/\/files.slack.com\/files-tmb\/T0105GKDN1H-F01161L5FQB-c67b2852d2\/screen_shot_2020-04-05_at_3.02.46_pm_160.png?t=xoxe-1005563464051-1077300145892-1094973465936-b91b441389dd5f41adba77ce94586498",
                "image_exif_rotation": 1,
                "original_w": 278,
                "original_h": 148,
                "thumb_tiny": "AwAZADDSbp\/9eo+ck8j\/AIFT3yATnA+majwCRjb\/AN8UASBvXA\/Gl3D1H51EuCcDHPbZThH6hP8AvmgCSim4f+8PypVzj5iCfagAJbPC5Hrmm7n\/AOef60+igBm5\/wC5+tPoooAKKKKAP\/\/Z",
                "permalink": "https:\/\/uclavirtfsfpt-96r8630.slack.com\/files\/U010M34SKMK\/F01161L5FQB\/screen_shot_2020-04-05_at_3.02.46_pm.png",
                "permalink_public": "https:\/\/slack-files.com\/T0105GKDN1H-F01161L5FQB-1bf5ba39fe",
                "is_starred": false,
                "has_rich_preview": false
            }
        ],
        "upload": true,
        "blocks": [
            {
                "type": "rich_text",
                "block_id": "TKHYs",
                "elements": [
                    {
                        "type": "rich_text_section",
                        "elements": [
                            {
                                "type": "text",
                                "text": "its specifically in the instructions -- is it ok to change that to a %?"
                            }
                        ]
                    }
                ]
            }
        ],
        "user": "U010M34SKMK",
        "display_as_bot": false,
        "ts": "1586113429.035700",
        "client_msg_id": "f2e363c0-20b8-481d-92fa-6bf802f34336"
    },
    {
        "client_msg_id": "86032407-0678-41e1-97dd-5e95a484d303",
        "type": "message",
        "text": "I think that refers to the other three section elements",
        "user": "U010Y90H4T0",
        "ts": "1586113508.037000",
        "team": "T0105GKDN1H",
        "user_team": "T0105GKDN1H",
        "source_team": "T0105GKDN1H",
        "user_profile": {
            "avatar_hash": "dab7da854ffb",
            "image_72": "https:\/\/avatars.slack-edge.com\/2020-03-27\/1017678411922_dab7da854ffb816e196d_72.jpg",
            "first_name": "Chris",
            "real_name": "Chris Murphy",
            "display_name": "Chris Murphy",
            "team": "T0105GKDN1H",
            "name": "christoph2005",
            "is_restricted": false,
            "is_ultra_restricted": false
        },
        "blocks": [
            {
                "type": "rich_text",
                "block_id": "iFn",
                "elements": [
                    {
                        "type": "rich_text_section",
                        "elements": [
                            {
                                "type": "text",
                                "text": "I think that refers to the other three section elements"
                            }
                        ]
                    }
                ]
            }
        ]
    },
    {
        "client_msg_id": "6a9f5084-4a9f-4a4d-8f1e-db6a4fa8b7a9",
        "type": "message",
        "text": "I'll take a look set the directions in a moment. And reinterpret in a moment.",
        "user": "U010Y90H4T0",
        "ts": "1586113576.038000",
        "team": "T0105GKDN1H",
        "user_team": "T0105GKDN1H",
        "source_team": "T0105GKDN1H",
        "user_profile": {
            "avatar_hash": "dab7da854ffb",
            "image_72": "https:\/\/avatars.slack-edge.com\/2020-03-27\/1017678411922_dab7da854ffb816e196d_72.jpg",
            "first_name": "Chris",
            "real_name": "Chris Murphy",
            "display_name": "Chris Murphy",
            "team": "T0105GKDN1H",
            "name": "christoph2005",
            "is_restricted": false,
            "is_ultra_restricted": false
        },
        "blocks": [
            {
                "type": "rich_text",
                "block_id": "x05",
                "elements": [
                    {
                        "type": "rich_text_section",
                        "elements": [
                            {
                                "type": "text",
                                "text": "I'll take a look set the directions in a moment. And reinterpret in a moment."
                            }
                        ]
                    }
                ]
            }
        ],
        "reactions": [
            {
                "name": "+1",
                "users": [
                    "U010M34SKMK"
                ],
                "count": 1
            }
        ]
    },
    {
        "client_msg_id": "fe4c5d78-ef22-4afd-b5aa-7f760c2e7d5a",
        "type": "message",
        "text": "Is that from Tuesday?",
        "user": "U010Y90H4T0",
        "ts": "1586113944.038700",
        "team": "T0105GKDN1H",
        "user_team": "T0105GKDN1H",
        "source_team": "T0105GKDN1H",
        "user_profile": {
            "avatar_hash": "dab7da854ffb",
            "image_72": "https:\/\/avatars.slack-edge.com\/2020-03-27\/1017678411922_dab7da854ffb816e196d_72.jpg",
            "first_name": "Chris",
            "real_name": "Chris Murphy",
            "display_name": "Chris Murphy",
            "team": "T0105GKDN1H",
            "name": "christoph2005",
            "is_restricted": false,
            "is_ultra_restricted": false
        },
        "blocks": [
            {
                "type": "rich_text",
                "block_id": "Udw",
                "elements": [
                    {
                        "type": "rich_text_section",
                        "elements": [
                            {
                                "type": "text",
                                "text": "Is that from Tuesday?"
                            }
                        ]
                    }
                ]
            }
        ]
    },
    {
        "client_msg_id": "3b7d2a41-518d-4691-89a6-3d3111dee426",
        "type": "message",
        "text": "Is that the \"Float Activity\" ?",
        "user": "U010Y90H4T0",
        "ts": "1586114040.038900",
        "team": "T0105GKDN1H",
        "user_team": "T0105GKDN1H",
        "source_team": "T0105GKDN1H",
        "user_profile": {
            "avatar_hash": "dab7da854ffb",
            "image_72": "https:\/\/avatars.slack-edge.com\/2020-03-27\/1017678411922_dab7da854ffb816e196d_72.jpg",
            "first_name": "Chris",
            "real_name": "Chris Murphy",
            "display_name": "Chris Murphy",
            "team": "T0105GKDN1H",
            "name": "christoph2005",
            "is_restricted": false,
            "is_ultra_restricted": false
        },
        "blocks": [
            {
                "type": "rich_text",
                "block_id": "pOiF",
                "elements": [
                    {
                        "type": "rich_text_section",
                        "elements": [
                            {
                                "type": "text",
                                "text": "Is that the \"Float Activity\" ?"
                            }
                        ]
                    }
                ]
            }
        ]
    },
    {
        "client_msg_id": "751869b2-5fee-4303-a253-3f81c05d0113",
        "type": "message",
        "text": "No this is the \"Easier HW\" that's due saturday",
        "user": "U010M34SKMK",
        "ts": "1586114061.039200",
        "team": "T0105GKDN1H",
        "user_team": "T0105GKDN1H",
        "source_team": "T0105GKDN1H",
        "user_profile": {
            "avatar_hash": "0122aab1c9b1",
            "image_72": "https:\/\/avatars.slack-edge.com\/2020-03-23\/1009660365315_0122aab1c9b12475e96c_72.jpg",
            "first_name": "",
            "real_name": "Caroline Lester",
            "display_name": "Caroline Lester",
            "team": "T0105GKDN1H",
            "name": "carolineclester",
            "is_restricted": false,
            "is_ultra_restricted": false
        },
        "blocks": [
            {
                "type": "rich_text",
                "block_id": "1+X8",
                "elements": [
                    {
                        "type": "rich_text_section",
                        "elements": [
                            {
                                "type": "text",
                                "text": "No this is the \"Easier HW\" that's due saturday"
                            }
                        ]
                    }
                ]
            }
        ]
    },
    {
        "client_msg_id": "6b3ab8c7-a7ae-4ab1-910a-022ec1471f19",
        "type": "message",
        "text": "Okay one moment plz",
        "user": "U010Y90H4T0",
        "ts": "1586114098.040000",
        "team": "T0105GKDN1H",
        "user_team": "T0105GKDN1H",
        "source_team": "T0105GKDN1H",
        "user_profile": {
            "avatar_hash": "dab7da854ffb",
            "image_72": "https:\/\/avatars.slack-edge.com\/2020-03-27\/1017678411922_dab7da854ffb816e196d_72.jpg",
            "first_name": "Chris",
            "real_name": "Chris Murphy",
            "display_name": "Chris Murphy",
            "team": "T0105GKDN1H",
            "name": "christoph2005",
            "is_restricted": false,
            "is_ultra_restricted": false
        },
        "blocks": [
            {
                "type": "rich_text",
                "block_id": "AUlko",
                "elements": [
                    {
                        "type": "rich_text_section",
                        "elements": [
                            {
                                "type": "text",
                                "text": "Okay one moment plz"
                            }
                        ]
                    }
                ]
            }
        ]
    },
    {
        "type": "message",
        "text": "I've actually made a tiny bit of headway -- I was able to float it to the right but now am trying to get it beside the left section",
        "files": [
            {
                "id": "F0114R544SE",
                "created": 1586114120,
                "timestamp": 1586114120,
                "name": "Screen Shot 2020-04-05 at 3.15.06 PM.png",
                "title": "Screen Shot 2020-04-05 at 3.15.06 PM.png",
                "mimetype": "image\/png",
                "filetype": "png",
                "pretty_type": "PNG",
                "user": "U010M34SKMK",
                "editable": false,
                "size": 23764,
                "mode": "hosted",
                "is_external": false,
                "external_type": "",
                "is_public": true,
                "public_url_shared": false,
                "display_as_bot": false,
                "username": "",
                "url_private": "https:\/\/files.slack.com\/files-pri\/T0105GKDN1H-F0114R544SE\/screen_shot_2020-04-05_at_3.15.06_pm.png?t=xoxe-1005563464051-1077300145892-1094973465936-b91b441389dd5f41adba77ce94586498",
                "url_private_download": "https:\/\/files.slack.com\/files-pri\/T0105GKDN1H-F0114R544SE\/download\/screen_shot_2020-04-05_at_3.15.06_pm.png?t=xoxe-1005563464051-1077300145892-1094973465936-b91b441389dd5f41adba77ce94586498",
                "thumb_64": "https:\/\/files.slack.com\/files-tmb\/T0105GKDN1H-F0114R544SE-f8d424fe9e\/screen_shot_2020-04-05_at_3.15.06_pm_64.png?t=xoxe-1005563464051-1077300145892-1094973465936-b91b441389dd5f41adba77ce94586498",
                "thumb_80": "https:\/\/files.slack.com\/files-tmb\/T0105GKDN1H-F0114R544SE-f8d424fe9e\/screen_shot_2020-04-05_at_3.15.06_pm_80.png?t=xoxe-1005563464051-1077300145892-1094973465936-b91b441389dd5f41adba77ce94586498",
                "thumb_360": "https:\/\/files.slack.com\/files-tmb\/T0105GKDN1H-F0114R544SE-f8d424fe9e\/screen_shot_2020-04-05_at_3.15.06_pm_360.png?t=xoxe-1005563464051-1077300145892-1094973465936-b91b441389dd5f41adba77ce94586498",
                "thumb_360_w": 360,
                "thumb_360_h": 230,
                "thumb_480": "https:\/\/files.slack.com\/files-tmb\/T0105GKDN1H-F0114R544SE-f8d424fe9e\/screen_shot_2020-04-05_at_3.15.06_pm_480.png?t=xoxe-1005563464051-1077300145892-1094973465936-b91b441389dd5f41adba77ce94586498",
                "thumb_480_w": 480,
                "thumb_480_h": 307,
                "thumb_160": "https:\/\/files.slack.com\/files-tmb\/T0105GKDN1H-F0114R544SE-f8d424fe9e\/screen_shot_2020-04-05_at_3.15.06_pm_160.png?t=xoxe-1005563464051-1077300145892-1094973465936-b91b441389dd5f41adba77ce94586498",
                "thumb_720": "https:\/\/files.slack.com\/files-tmb\/T0105GKDN1H-F0114R544SE-f8d424fe9e\/screen_shot_2020-04-05_at_3.15.06_pm_720.png?t=xoxe-1005563464051-1077300145892-1094973465936-b91b441389dd5f41adba77ce94586498",
                "thumb_720_w": 720,
                "thumb_720_h": 461,
                "thumb_800": "https:\/\/files.slack.com\/files-tmb\/T0105GKDN1H-F0114R544SE-f8d424fe9e\/screen_shot_2020-04-05_at_3.15.06_pm_800.png?t=xoxe-1005563464051-1077300145892-1094973465936-b91b441389dd5f41adba77ce94586498",
                "thumb_800_w": 800,
                "thumb_800_h": 512,
                "thumb_960": "https:\/\/files.slack.com\/files-tmb\/T0105GKDN1H-F0114R544SE-f8d424fe9e\/screen_shot_2020-04-05_at_3.15.06_pm_960.png?t=xoxe-1005563464051-1077300145892-1094973465936-b91b441389dd5f41adba77ce94586498",
                "thumb_960_w": 960,
                "thumb_960_h": 615,
                "image_exif_rotation": 1,
                "original_w": 1009,
                "original_h": 646,
                "thumb_tiny": "AwAeADC5GD5a\/KvQU7B\/urVdZSFAEWcDrS+cf+eNAE+D\/dWjB\/urVczEjBhxnvVfJ9T+dAGhg\/3VqK5B8k8AciqmT6n86TJ9TQBciJ8sYdR7EU\/Jz\/rF\/L\/69RI0Wxcqc4pd0P8AcNADpCdh+dT7AVSq3uh\/uGlEkQGAn6CgCnRV3zI\/7n6Co5nRoiFXB+lAH\/\/Z",
                "permalink": "https:\/\/uclavirtfsfpt-96r8630.slack.com\/files\/U010M34SKMK\/F0114R544SE\/screen_shot_2020-04-05_at_3.15.06_pm.png",
                "permalink_public": "https:\/\/slack-files.com\/T0105GKDN1H-F0114R544SE-0189385b37",
                "is_starred": false,
                "has_rich_preview": false
            }
        ],
        "upload": true,
        "blocks": [
            {
                "type": "rich_text",
                "block_id": "9e+Fz",
                "elements": [
                    {
                        "type": "rich_text_section",
                        "elements": [
                            {
                                "type": "text",
                                "text": "I've actually made a tiny bit of headway -- I was able to float it to the right but now am trying to get it beside the left section"
                            }
                        ]
                    }
                ]
            }
        ],
        "user": "U010M34SKMK",
        "display_as_bot": false,
        "ts": "1586114123.040100",
        "client_msg_id": "a9fbace3-968a-44a0-a54b-e42818f5b2ca"
    },
    {
        "client_msg_id": "796ca8b0-a401-47af-a5e3-e84267efedfb",
        "type": "message",
        "text": "Could you also post html",
        "user": "U010Y90H4T0",
        "ts": "1586114274.040700",
        "team": "T0105GKDN1H",
        "user_team": "T0105GKDN1H",
        "source_team": "T0105GKDN1H",
        "user_profile": {
            "avatar_hash": "dab7da854ffb",
            "image_72": "https:\/\/avatars.slack-edge.com\/2020-03-27\/1017678411922_dab7da854ffb816e196d_72.jpg",
            "first_name": "Chris",
            "real_name": "Chris Murphy",
            "display_name": "Chris Murphy",
            "team": "T0105GKDN1H",
            "name": "christoph2005",
            "is_restricted": false,
            "is_ultra_restricted": false
        },
        "blocks": [
            {
                "type": "rich_text",
                "block_id": "69u",
                "elements": [
                    {
                        "type": "rich_text_section",
                        "elements": [
                            {
                                "type": "text",
                                "text": "Could you also post html"
                            }
                        ]
                    }
                ]
            }
        ]
    },
    {
        "client_msg_id": "c1ddd011-6039-4e79-86e9-5ba0b7987155",
        "type": "message",
        "text": "well...",
        "user": "U010Y90H4T0",
        "ts": "1586114283.040900",
        "team": "T0105GKDN1H",
        "user_team": "T0105GKDN1H",
        "source_team": "T0105GKDN1H",
        "user_profile": {
            "avatar_hash": "dab7da854ffb",
            "image_72": "https:\/\/avatars.slack-edge.com\/2020-03-27\/1017678411922_dab7da854ffb816e196d_72.jpg",
            "first_name": "Chris",
            "real_name": "Chris Murphy",
            "display_name": "Chris Murphy",
            "team": "T0105GKDN1H",
            "name": "christoph2005",
            "is_restricted": false,
            "is_ultra_restricted": false
        },
        "blocks": [
            {
                "type": "rich_text",
                "block_id": "7r0hy",
                "elements": [
                    {
                        "type": "rich_text_section",
                        "elements": [
                            {
                                "type": "text",
                                "text": "well..."
                            }
                        ]
                    }
                ]
            }
        ]
    },
    {
        "client_msg_id": "68294494-1745-41be-904b-178894e6ea13",
        "type": "message",
        "text": "let me reconsider that...",
        "user": "U010Y90H4T0",
        "ts": "1586114288.041100",
        "team": "T0105GKDN1H",
        "user_team": "T0105GKDN1H",
        "source_team": "T0105GKDN1H",
        "user_profile": {
            "avatar_hash": "dab7da854ffb",
            "image_72": "https:\/\/avatars.slack-edge.com\/2020-03-27\/1017678411922_dab7da854ffb816e196d_72.jpg",
            "first_name": "Chris",
            "real_name": "Chris Murphy",
            "display_name": "Chris Murphy",
            "team": "T0105GKDN1H",
            "name": "christoph2005",
            "is_restricted": false,
            "is_ultra_restricted": false
        },
        "blocks": [
            {
                "type": "rich_text",
                "block_id": "Z=mT",
                "elements": [
                    {
                        "type": "rich_text_section",
                        "elements": [
                            {
                                "type": "text",
                                "text": "let me reconsider that..."
                            }
                        ]
                    }
                ]
            }
        ]
    },
    {
        "client_msg_id": "14ae0c6f-3b38-4f42-ae9a-1e20d42f248d",
        "type": "message",
        "text": "yes, send to me privately, plz also remove the css",
        "user": "U010Y90H4T0",
        "ts": "1586114323.041500",
        "team": "T0105GKDN1H",
        "user_team": "T0105GKDN1H",
        "source_team": "T0105GKDN1H",
        "user_profile": {
            "avatar_hash": "dab7da854ffb",
            "image_72": "https:\/\/avatars.slack-edge.com\/2020-03-27\/1017678411922_dab7da854ffb816e196d_72.jpg",
            "first_name": "Chris",
            "real_name": "Chris Murphy",
            "display_name": "Chris Murphy",
            "team": "T0105GKDN1H",
            "name": "christoph2005",
            "is_restricted": false,
            "is_ultra_restricted": false
        },
        "blocks": [
            {
                "type": "rich_text",
                "block_id": "4Ip",
                "elements": [
                    {
                        "type": "rich_text_section",
                        "elements": [
                            {
                                "type": "text",
                                "text": "yes, send to me privately, plz also remove the css"
                            }
                        ]
                    }
                ]
            }
        ]
    }
]