[
    {
        "client_msg_id": "9861cbdb-7eb4-4d27-9ae3-4ec20def92de",
        "type": "message",
        "text": "• Step 3: Type in this command along with your email to generate your keys: `ssh-keygen –t rsa –b 4096 –C \"<mailto:YOURGITHUBEMAIL@PLACEHOLDER.NET|YOURGITHUBEMAIL@PLACEHOLDER.NET>\"`\n• Step 4: When asked to enter a file to save the key, just hit return. Also enter a passphrase for your key. _Note_: You shouldn’t see any characters appear in the window while typing the password.\n• Step 5: For the next step, we need to use a tool called an ssh agent. Run this command in Terminal: `eval \"$(ssh-agent –s)\"`\n• Step 6: Now run this command: `ssh-add ~\/.ssh\/id_rsa`\n",
        "user": "U010Y90H4T0",
        "ts": "1586032938.032700",
        "team": "T0105GKDN1H",
        "user_team": "T0105GKDN1H",
        "source_team": "T0105GKDN1H",
        "user_profile": {
            "avatar_hash": "dab7da854ffb",
            "image_72": "https:\/\/avatars.slack-edge.com\/2020-03-27\/1017678411922_dab7da854ffb816e196d_72.jpg",
            "first_name": "Chris",
            "real_name": "Chris Murphy",
            "display_name": "Chris Murphy",
            "team": "T0105GKDN1H",
            "name": "christoph2005",
            "is_restricted": false,
            "is_ultra_restricted": false
        },
        "blocks": [
            {
                "type": "rich_text",
                "block_id": "jEKxY",
                "elements": [
                    {
                        "type": "rich_text_list",
                        "elements": [
                            {
                                "type": "rich_text_section",
                                "elements": [
                                    {
                                        "type": "text",
                                        "text": "Step 3: Type in this command along with your email to generate your keys: "
                                    },
                                    {
                                        "type": "text",
                                        "text": "ssh-keygen –t rsa –b 4096 –C \"",
                                        "style": {
                                            "code": true
                                        }
                                    },
                                    {
                                        "type": "link",
                                        "url": "mailto:YOURGITHUBEMAIL@PLACEHOLDER.NET",
                                        "text": "YOURGITHUBEMAIL@PLACEHOLDER.NET",
                                        "style": {
                                            "code": true
                                        }
                                    },
                                    {
                                        "type": "text",
                                        "text": "\"",
                                        "style": {
                                            "code": true
                                        }
                                    }
                                ]
                            },
                            {
                                "type": "rich_text_section",
                                "elements": [
                                    {
                                        "type": "text",
                                        "text": "Step 4: When asked to enter a file to save the key, just hit return. Also enter a passphrase for your key. "
                                    },
                                    {
                                        "type": "text",
                                        "text": "Note",
                                        "style": {
                                            "italic": true
                                        }
                                    },
                                    {
                                        "type": "text",
                                        "text": ": You shouldn’t see any characters appear in the window while typing the password."
                                    }
                                ]
                            },
                            {
                                "type": "rich_text_section",
                                "elements": [
                                    {
                                        "type": "text",
                                        "text": "Step 5: For the next step, we need to use a tool called an ssh agent. Run this command in Terminal: "
                                    },
                                    {
                                        "type": "text",
                                        "text": "eval \"$(ssh-agent –s)\"",
                                        "style": {
                                            "code": true
                                        }
                                    }
                                ]
                            },
                            {
                                "type": "rich_text_section",
                                "elements": [
                                    {
                                        "type": "text",
                                        "text": "Step 6: Now run this command: "
                                    },
                                    {
                                        "type": "text",
                                        "text": "ssh-add ~\/.ssh\/id_rsa",
                                        "style": {
                                            "code": true
                                        }
                                    }
                                ]
                            }
                        ],
                        "style": "bullet",
                        "indent": 0
                    },
                    {
                        "type": "rich_text_section",
                        "elements": []
                    }
                ]
            }
        ]
    }
]