[
    {
        "client_msg_id": "accc8893-e447-493f-84a3-955a8114be2f",
        "type": "message",
        "text": "Hey, class! Checking in on the Bootstrap Portfolio: Is it supposed to look identical to our Basic-Portfolio?",
        "user": "U010LJKUX44",
        "ts": "1587181050.057800",
        "team": "T0105GKDN1H",
        "user_team": "T0105GKDN1H",
        "source_team": "T0105GKDN1H",
        "user_profile": {
            "avatar_hash": "76dca6aade71",
            "image_72": "https:\/\/avatars.slack-edge.com\/2020-03-23\/1022739361382_76dca6aade71042586a7_72.png",
            "first_name": "",
            "real_name": "Hazel Kasusky",
            "display_name": "Hazel Kasusky",
            "team": "T0105GKDN1H",
            "name": "kasusky.music",
            "is_restricted": false,
            "is_ultra_restricted": false
        },
        "blocks": [
            {
                "type": "rich_text",
                "block_id": "H6xd",
                "elements": [
                    {
                        "type": "rich_text_section",
                        "elements": [
                            {
                                "type": "text",
                                "text": "Hey, class! Checking in on the Bootstrap Portfolio: Is it supposed to look identical to our Basic-Portfolio?"
                            }
                        ]
                    }
                ]
            }
        ]
    },
    {
        "client_msg_id": "ba8e749a-218f-44d9-86f7-7adce388b04d",
        "type": "message",
        "text": "Hi <@U010LJKUX44>. It is okay to get creative with your assignment. We will be grading the Bootstrap portfolio based on the following criteria:\n\nInside your Bootstrap-Portfolio repo, create index.html, portfolio.html and contact.html. Using Bootstrap, recreate your portfolio site with the following items:\n\nA navbar\n\nA responsive layout (remember the grid, rows and columns are your friends)\n\neg. On an xs screen, content should take up the entire screen. On sm and larger screens, you should have some margins on the left and right side of the screen. Check out various sites on your mobile device versus your computer to see this in action!\nResponsive images\n\nBONUS Using Bootstrap, make a sticky footer and use sub-rows and sub-columns on your portfolio site (Hint: Check out the Bootstrap documentation)\n\nYour Bootstrap solution should minimize use of media queries.\n\nDeploy your new Bootstrap-powered portfolio to GitHub Pages.",
        "user": "U010ACLHD0R",
        "ts": "1587182817.060700",
        "team": "T0105GKDN1H",
        "user_team": "T0105GKDN1H",
        "source_team": "T0105GKDN1H",
        "user_profile": {
            "avatar_hash": "8c72eaca43ae",
            "image_72": "https:\/\/avatars.slack-edge.com\/2020-03-23\/1009675401811_8c72eaca43ae720843dc_72.png",
            "first_name": "Matthew",
            "real_name": "Matthew Bub",
            "display_name": "Matthew Bub",
            "team": "T0105GKDN1H",
            "name": "6matbub",
            "is_restricted": false,
            "is_ultra_restricted": false
        },
        "edited": {
            "user": "U010ACLHD0R",
            "ts": "1587182829.000000"
        },
        "blocks": [
            {
                "type": "rich_text",
                "block_id": "Fndoq",
                "elements": [
                    {
                        "type": "rich_text_section",
                        "elements": [
                            {
                                "type": "text",
                                "text": "Hi "
                            },
                            {
                                "type": "user",
                                "user_id": "U010LJKUX44"
                            },
                            {
                                "type": "text",
                                "text": ". It is okay to get creative with your assignment. We will be grading the Bootstrap portfolio based on the following criteria:\n\nInside your Bootstrap-Portfolio repo, create index.html, portfolio.html and contact.html. Using Bootstrap, recreate your portfolio site with the following items:\n\nA navbar\n\nA responsive layout (remember the grid, rows and columns are your friends)\n\neg. On an xs screen, content should take up the entire screen. On sm and larger screens, you should have some margins on the left and right side of the screen. Check out various sites on your mobile device versus your computer to see this in action!\nResponsive images\n\nBONUS Using Bootstrap, make a sticky footer and use sub-rows and sub-columns on your portfolio site (Hint: Check out the Bootstrap documentation)\n\nYour Bootstrap solution should minimize use of media queries.\n\nDeploy your new Bootstrap-powered portfolio to GitHub Pages."
                            }
                        ]
                    }
                ]
            }
        ]
    },
    {
        "client_msg_id": "b236d0a5-bebc-45b5-ba89-fdddc7442101",
        "type": "message",
        "text": "Thank you!",
        "user": "U010LJKUX44",
        "ts": "1587182946.061000",
        "team": "T0105GKDN1H",
        "user_team": "T0105GKDN1H",
        "source_team": "T0105GKDN1H",
        "user_profile": {
            "avatar_hash": "76dca6aade71",
            "image_72": "https:\/\/avatars.slack-edge.com\/2020-03-23\/1022739361382_76dca6aade71042586a7_72.png",
            "first_name": "",
            "real_name": "Hazel Kasusky",
            "display_name": "Hazel Kasusky",
            "team": "T0105GKDN1H",
            "name": "kasusky.music",
            "is_restricted": false,
            "is_ultra_restricted": false
        },
        "blocks": [
            {
                "type": "rich_text",
                "block_id": "wWMJX",
                "elements": [
                    {
                        "type": "rich_text_section",
                        "elements": [
                            {
                                "type": "text",
                                "text": "Thank you!"
                            }
                        ]
                    }
                ]
            }
        ]
    }
]