[
    {
        "client_msg_id": "eab4bfdb-176b-43ee-81f1-89768ca47240",
        "type": "message",
        "text": "Hi everyone, this is unrelated to course material, but I was wondering if anyone is familiar with Shopify, and could tell me which languages are the most essential to customize a shopify template. From what I can gather online it seems that shopify templates are created in liquid which is written in Ruby. Is liquid itself a language? If so, how does it differ from Ruby? What should one focus on learning if they want to customize a shopify store? Any help would be greatly appreciated. Thanks!",
        "user": "U010M13U1FS",
        "ts": "1585704668.027700",
        "team": "T0105GKDN1H",
        "user_team": "T0105GKDN1H",
        "source_team": "T0105GKDN1H",
        "user_profile": {
            "avatar_hash": "2a19df12c2ca",
            "image_72": "https:\/\/avatars.slack-edge.com\/2020-03-23\/1021043303312_2a19df12c2cac5943aeb_72.jpg",
            "first_name": "Joseph",
            "real_name": "Joseph Warren",
            "display_name": "Joseph Warren",
            "team": "T0105GKDN1H",
            "name": "joseph",
            "is_restricted": false,
            "is_ultra_restricted": false
        },
        "blocks": [
            {
                "type": "rich_text",
                "block_id": "ZEI",
                "elements": [
                    {
                        "type": "rich_text_section",
                        "elements": [
                            {
                                "type": "text",
                                "text": "Hi everyone, this is unrelated to course material, but I was wondering if anyone is familiar with Shopify, and could tell me which languages are the most essential to customize a shopify template. From what I can gather online it seems that shopify templates are created in liquid which is written in Ruby. Is liquid itself a language? If so, how does it differ from Ruby? What should one focus on learning if they want to customize a shopify store? Any help would be greatly appreciated. Thanks!"
                            }
                        ]
                    }
                ]
            }
        ]
    },
    {
        "client_msg_id": "db65df17-73d6-4609-9079-e20e94c5e03f",
        "type": "message",
        "text": "Hey <@U010M13U1FS>, I've worked with Shopify with a frontend facade that connected on the \"backend\" with Shopify's capabilities (checkout, inventory, etc.) I'm not sure I can fully help, but would be interested to hear what you're trying to accomplish.",
        "user": "U010AP9JH4Z",
        "ts": "1585705161.029900",
        "team": "T0105GKDN1H",
        "user_team": "T0105GKDN1H",
        "source_team": "T0105GKDN1H",
        "user_profile": {
            "avatar_hash": "16a093b0a61e",
            "image_72": "https:\/\/avatars.slack-edge.com\/2020-03-28\/1033178107317_16a093b0a61e962de046_72.jpg",
            "first_name": "Rey",
            "real_name": "Rey Coronado",
            "display_name": "Rey Coronado",
            "team": "T0105GKDN1H",
            "name": "rcorojr",
            "is_restricted": false,
            "is_ultra_restricted": false
        },
        "blocks": [
            {
                "type": "rich_text",
                "block_id": "\/gD",
                "elements": [
                    {
                        "type": "rich_text_section",
                        "elements": [
                            {
                                "type": "text",
                                "text": "Hey "
                            },
                            {
                                "type": "user",
                                "user_id": "U010M13U1FS"
                            },
                            {
                                "type": "text",
                                "text": ", I've worked with Shopify with a frontend facade that connected on the \"backend\" with Shopify's capabilities (checkout, inventory, etc.) I'm not sure I can fully help, but would be interested to hear what you're trying to accomplish."
                            }
                        ]
                    }
                ]
            }
        ]
    },
    {
        "client_msg_id": "ef1e39db-8f33-467d-967d-b5cd52ead1f8",
        "type": "message",
        "text": "does class go to 9 or 9:30?",
        "user": "U010PSR7BT6",
        "ts": "1585714474.030500",
        "team": "T0105GKDN1H",
        "user_team": "T0105GKDN1H",
        "source_team": "T0105GKDN1H",
        "user_profile": {
            "avatar_hash": "e3038105be99",
            "image_72": "https:\/\/avatars.slack-edge.com\/2020-03-27\/1031035067156_e3038105be99732f1919_72.jpg",
            "first_name": "",
            "real_name": "Joseph Shapiro",
            "display_name": "Joseph Shapiro",
            "team": "T0105GKDN1H",
            "name": "joevshapiro",
            "is_restricted": false,
            "is_ultra_restricted": false
        },
        "blocks": [
            {
                "type": "rich_text",
                "block_id": "iBrw",
                "elements": [
                    {
                        "type": "rich_text_section",
                        "elements": [
                            {
                                "type": "text",
                                "text": "does class go to 9 or 9:30?"
                            }
                        ]
                    }
                ]
            }
        ],
        "thread_ts": "1585714474.030500",
        "reply_count": 1,
        "reply_users_count": 1,
        "latest_reply": "1585714726.030700",
        "reply_users": [
            "U010LEW7V2R"
        ],
        "replies": [
            {
                "user": "U010LEW7V2R",
                "ts": "1585714726.030700"
            }
        ],
        "subscribed": false,
        "reactions": [
            {
                "name": "+1",
                "users": [
                    "U010AJPBC3B"
                ],
                "count": 1
            }
        ]
    },
    {
        "client_msg_id": "d3a864d8-7f67-4393-b547-30a6f6c4aa9c",
        "type": "message",
        "text": "Class ends at 9:10. Office hours go until about 9:40ish",
        "user": "U010LEW7V2R",
        "ts": "1585714726.030700",
        "team": "T0105GKDN1H",
        "user_team": "T0105GKDN1H",
        "source_team": "T0105GKDN1H",
        "user_profile": {
            "avatar_hash": "d3ca0dce327c",
            "image_72": "https:\/\/avatars.slack-edge.com\/2020-03-23\/1020683219136_d3ca0dce327cf88e2c77_72.jpg",
            "first_name": "Stacy",
            "real_name": "Stacy Keown",
            "display_name": "Stacy Keown",
            "team": "T0105GKDN1H",
            "name": "code",
            "is_restricted": false,
            "is_ultra_restricted": false
        },
        "blocks": [
            {
                "type": "rich_text",
                "block_id": "jFd",
                "elements": [
                    {
                        "type": "rich_text_section",
                        "elements": [
                            {
                                "type": "text",
                                "text": "Class ends at 9:10. Office hours go until about 9:40ish"
                            }
                        ]
                    }
                ]
            }
        ],
        "thread_ts": "1585714474.030500",
        "parent_user_id": "U010PSR7BT6"
    },
    {
        "client_msg_id": "db000ce7-c4fc-4d42-8ac1-0618c77204e4",
        "type": "message",
        "text": "9:30 with office hours after",
        "user": "U010Y90H4T0",
        "ts": "1585715897.031300",
        "team": "T0105GKDN1H",
        "user_team": "T0105GKDN1H",
        "source_team": "T0105GKDN1H",
        "user_profile": {
            "avatar_hash": "dab7da854ffb",
            "image_72": "https:\/\/avatars.slack-edge.com\/2020-03-27\/1017678411922_dab7da854ffb816e196d_72.jpg",
            "first_name": "Chris",
            "real_name": "Chris Murphy",
            "display_name": "Chris Murphy",
            "team": "T0105GKDN1H",
            "name": "christoph2005",
            "is_restricted": false,
            "is_ultra_restricted": false
        },
        "blocks": [
            {
                "type": "rich_text",
                "block_id": "VFQq9",
                "elements": [
                    {
                        "type": "rich_text_section",
                        "elements": [
                            {
                                "type": "text",
                                "text": "9:30 with office hours after"
                            }
                        ]
                    }
                ]
            }
        ],
        "reactions": [
            {
                "name": "+1",
                "users": [
                    "U010AJPBC3B"
                ],
                "count": 1
            }
        ]
    }
]