[
    {
        "client_msg_id": "a1ccda94-010e-42c7-99a0-f36c5993a59d",
        "type": "message",
        "text": "I am sorry to ask, but I forgot to check in to class and now it's marking me absent. Is there any way to change this?",
        "user": "U010L2Z8M7F",
        "ts": "1587090817.052300",
        "team": "T0105GKDN1H",
        "user_team": "T0105GKDN1H",
        "source_team": "T0105GKDN1H",
        "user_profile": {
            "avatar_hash": "d530d6a49334",
            "image_72": "https:\/\/avatars.slack-edge.com\/2020-03-23\/1010225799969_d530d6a493349354556a_72.jpg",
            "first_name": "",
            "real_name": "Mark Fullton",
            "display_name": "Mark Fullton",
            "team": "T0105GKDN1H",
            "name": "the.mark.fullton",
            "is_restricted": false,
            "is_ultra_restricted": false
        },
        "blocks": [
            {
                "type": "rich_text",
                "block_id": "BFmxg",
                "elements": [
                    {
                        "type": "rich_text_section",
                        "elements": [
                            {
                                "type": "text",
                                "text": "I am sorry to ask, but I forgot to check in to class and now it's marking me absent. Is there any way to change this?"
                            }
                        ]
                    }
                ]
            }
        ]
    },
    {
        "client_msg_id": "b765e6c5-dcaf-467d-aadf-0349f633c3d6",
        "type": "message",
        "text": "Yea i actually made the same mistake",
        "user": "U010LUDNEJU",
        "ts": "1587090836.052600",
        "team": "T0105GKDN1H",
        "user_team": "T0105GKDN1H",
        "source_team": "T0105GKDN1H",
        "user_profile": {
            "avatar_hash": "60a42db80d27",
            "image_72": "https:\/\/avatars.slack-edge.com\/2020-04-10\/1056102682051_60a42db80d27d72bc6b0_72.jpg",
            "first_name": "",
            "real_name": "Marc Martinez",
            "display_name": "Marc Martinez",
            "team": "T0105GKDN1H",
            "name": "marcmartinez987",
            "is_restricted": false,
            "is_ultra_restricted": false
        },
        "blocks": [
            {
                "type": "rich_text",
                "block_id": "9nEB8",
                "elements": [
                    {
                        "type": "rich_text_section",
                        "elements": [
                            {
                                "type": "text",
                                "text": "Yea i actually made the same mistake"
                            }
                        ]
                    }
                ]
            }
        ]
    },
    {
        "client_msg_id": "6dc0cb1c-f45a-4860-abdb-b9387759c95f",
        "type": "message",
        "text": "oooh ditto",
        "user": "U0109GZP6HH",
        "ts": "1587090843.052800",
        "team": "T0105GKDN1H",
        "user_team": "T0105GKDN1H",
        "source_team": "T0105GKDN1H",
        "user_profile": {
            "avatar_hash": "dcfd7b601289",
            "image_72": "https:\/\/avatars.slack-edge.com\/2020-03-27\/1034775747879_dcfd7b601289e2bf7f73_72.jpg",
            "first_name": "",
            "real_name": "Jessica Vaiana-Cavanagh",
            "display_name": "Jessica Vaiana-Cavanagh",
            "team": "T0105GKDN1H",
            "name": "jessica.vaicav",
            "is_restricted": false,
            "is_ultra_restricted": false
        },
        "blocks": [
            {
                "type": "rich_text",
                "block_id": "FTv3B",
                "elements": [
                    {
                        "type": "rich_text_section",
                        "elements": [
                            {
                                "type": "text",
                                "text": "oooh ditto"
                            }
                        ]
                    }
                ]
            }
        ]
    },
    {
        "client_msg_id": "2bb59f4e-d1fe-4dab-92ea-fffb95cd2351",
        "type": "message",
        "text": ":sweat_smile:",
        "user": "U010LUDNEJU",
        "ts": "1587090848.053000",
        "team": "T0105GKDN1H",
        "user_team": "T0105GKDN1H",
        "source_team": "T0105GKDN1H",
        "user_profile": {
            "avatar_hash": "60a42db80d27",
            "image_72": "https:\/\/avatars.slack-edge.com\/2020-04-10\/1056102682051_60a42db80d27d72bc6b0_72.jpg",
            "first_name": "",
            "real_name": "Marc Martinez",
            "display_name": "Marc Martinez",
            "team": "T0105GKDN1H",
            "name": "marcmartinez987",
            "is_restricted": false,
            "is_ultra_restricted": false
        },
        "blocks": [
            {
                "type": "rich_text",
                "block_id": "TSFlp",
                "elements": [
                    {
                        "type": "rich_text_section",
                        "elements": [
                            {
                                "type": "emoji",
                                "name": "sweat_smile"
                            }
                        ]
                    }
                ]
            }
        ]
    },
    {
        "client_msg_id": "60e2bbf5-2500-4cc9-ab5f-3cc27047d3c1",
        "type": "message",
        "text": "samesies!",
        "user": "U010LRKMSKX",
        "ts": "1587090856.053300",
        "team": "T0105GKDN1H",
        "user_team": "T0105GKDN1H",
        "source_team": "T0105GKDN1H",
        "user_profile": {
            "avatar_hash": "ae27f99c40c3",
            "image_72": "https:\/\/avatars.slack-edge.com\/2020-03-23\/1022872147895_ae27f99c40c3c34dd86b_72.jpg",
            "first_name": "",
            "real_name": "Yssabel Pangilinan",
            "display_name": "Yssabel Pangilinan",
            "team": "T0105GKDN1H",
            "name": "yssabelpangilinan",
            "is_restricted": false,
            "is_ultra_restricted": false
        },
        "blocks": [
            {
                "type": "rich_text",
                "block_id": "8SU",
                "elements": [
                    {
                        "type": "rich_text_section",
                        "elements": [
                            {
                                "type": "text",
                                "text": "samesies!"
                            }
                        ]
                    }
                ]
            }
        ]
    },
    {
        "client_msg_id": "f7150a39-3bb3-4f00-b4a4-025ba8c0279b",
        "type": "message",
        "text": "bootcampspot, attendance.",
        "user": "U010AFPTJP3",
        "ts": "1587090864.053500",
        "team": "T0105GKDN1H",
        "user_team": "T0105GKDN1H",
        "source_team": "T0105GKDN1H",
        "user_profile": {
            "avatar_hash": "69861d17cd07",
            "image_72": "https:\/\/avatars.slack-edge.com\/2020-03-23\/1020633507168_69861d17cd0737018148_72.jpg",
            "first_name": "Michael",
            "real_name": "Michael Solorzano",
            "display_name": "Michael Solorzano",
            "team": "T0105GKDN1H",
            "name": "imsolo90",
            "is_restricted": false,
            "is_ultra_restricted": false
        },
        "blocks": [
            {
                "type": "rich_text",
                "block_id": "M=7B",
                "elements": [
                    {
                        "type": "rich_text_section",
                        "elements": [
                            {
                                "type": "text",
                                "text": "bootcampspot, attendance."
                            }
                        ]
                    }
                ]
            }
        ]
    },
    {
        "client_msg_id": "CD568E90-A78B-4BA9-8B0D-06678DE49DAC",
        "type": "message",
        "text": "Same here ",
        "user": "U010HBPMX5G",
        "ts": "1587090875.053700",
        "team": "T0105GKDN1H",
        "user_team": "T0105GKDN1H",
        "source_team": "T0105GKDN1H",
        "user_profile": {
            "avatar_hash": "5cb5349df106",
            "image_72": "https:\/\/avatars.slack-edge.com\/2020-03-28\/1032931059492_5cb5349df1060e2e509d_72.png",
            "first_name": "Jeremy",
            "real_name": "Jeremy Pena",
            "display_name": "Jeremy Pena",
            "team": "T0105GKDN1H",
            "name": "jpena.boots",
            "is_restricted": false,
            "is_ultra_restricted": false
        },
        "blocks": [
            {
                "type": "rich_text",
                "block_id": "ZTKsF",
                "elements": [
                    {
                        "type": "rich_text_section",
                        "elements": [
                            {
                                "type": "text",
                                "text": "Same here "
                            }
                        ]
                    }
                ]
            }
        ]
    },
    {
        "client_msg_id": "77c7854e-1261-45a9-9b2c-7e8c29e0095a",
        "type": "message",
        "text": "<https:\/\/www.bootcampspot.com\/sessions>",
        "user": "U010AFPTJP3",
        "ts": "1587090906.053900",
        "team": "T0105GKDN1H",
        "user_team": "T0105GKDN1H",
        "source_team": "T0105GKDN1H",
        "user_profile": {
            "avatar_hash": "69861d17cd07",
            "image_72": "https:\/\/avatars.slack-edge.com\/2020-03-23\/1020633507168_69861d17cd0737018148_72.jpg",
            "first_name": "Michael",
            "real_name": "Michael Solorzano",
            "display_name": "Michael Solorzano",
            "team": "T0105GKDN1H",
            "name": "imsolo90",
            "is_restricted": false,
            "is_ultra_restricted": false
        },
        "blocks": [
            {
                "type": "rich_text",
                "block_id": "Srj9",
                "elements": [
                    {
                        "type": "rich_text_section",
                        "elements": [
                            {
                                "type": "link",
                                "url": "https:\/\/www.bootcampspot.com\/sessions"
                            }
                        ]
                    }
                ]
            }
        ],
        "reactions": [
            {
                "name": "star",
                "users": [
                    "U010ACLHD0R"
                ],
                "count": 1
            }
        ]
    },
    {
        "client_msg_id": "7d6f8e11-0693-4f98-929d-8291988629fa",
        "type": "message",
        "text": "yeaaaa. i did the same :disappointed:",
        "user": "U0109GZP6HH",
        "ts": "1587090946.054200",
        "team": "T0105GKDN1H",
        "user_team": "T0105GKDN1H",
        "source_team": "T0105GKDN1H",
        "user_profile": {
            "avatar_hash": "dcfd7b601289",
            "image_72": "https:\/\/avatars.slack-edge.com\/2020-03-27\/1034775747879_dcfd7b601289e2bf7f73_72.jpg",
            "first_name": "",
            "real_name": "Jessica Vaiana-Cavanagh",
            "display_name": "Jessica Vaiana-Cavanagh",
            "team": "T0105GKDN1H",
            "name": "jessica.vaicav",
            "is_restricted": false,
            "is_ultra_restricted": false
        },
        "blocks": [
            {
                "type": "rich_text",
                "block_id": "mIaZ\/",
                "elements": [
                    {
                        "type": "rich_text_section",
                        "elements": [
                            {
                                "type": "text",
                                "text": "yeaaaa. i did the same "
                            },
                            {
                                "type": "emoji",
                                "name": "disappointed"
                            }
                        ]
                    }
                ]
            }
        ]
    },
    {
        "client_msg_id": "9d5163ef-e70d-4507-85d2-83e06cd42632",
        "type": "message",
        "text": "same here lol..",
        "user": "U0107MTT526",
        "ts": "1587091760.054800",
        "team": "T0105GKDN1H",
        "user_team": "T0105GKDN1H",
        "source_team": "T0105GKDN1H",
        "user_profile": {
            "avatar_hash": "g3f8881b4553",
            "image_72": "https:\/\/secure.gravatar.com\/avatar\/3f8881b4553f124d0ddbf619ac84f426.jpg?s=72&d=https%3A%2F%2Fa.slack-edge.com%2Fdf10d%2Fimg%2Favatars%2Fava_0025-72.png",
            "first_name": "",
            "real_name": "Yoon Ho Ryoo",
            "display_name": "Yoon Ho Ryoo",
            "team": "T0105GKDN1H",
            "name": "ryoo94",
            "is_restricted": false,
            "is_ultra_restricted": false
        },
        "blocks": [
            {
                "type": "rich_text",
                "block_id": "JFK",
                "elements": [
                    {
                        "type": "rich_text_section",
                        "elements": [
                            {
                                "type": "text",
                                "text": "same here lol.."
                            }
                        ]
                    }
                ]
            }
        ]
    },
    {
        "client_msg_id": "2a85a562-d3fd-4b81-b1f1-a8a920e8026e",
        "type": "message",
        "text": "Hey all!! No worries about attendance today. I will make sure to go through Zoom when we get back from break and confirm that everyone there is marked as present in BCS :smiley:",
        "user": "U010LEW7V2R",
        "ts": "1587091817.055600",
        "team": "T0105GKDN1H",
        "user_team": "T0105GKDN1H",
        "source_team": "T0105GKDN1H",
        "user_profile": {
            "avatar_hash": "d3ca0dce327c",
            "image_72": "https:\/\/avatars.slack-edge.com\/2020-03-23\/1020683219136_d3ca0dce327cf88e2c77_72.jpg",
            "first_name": "Stacy",
            "real_name": "Stacy Keown",
            "display_name": "Stacy Keown",
            "team": "T0105GKDN1H",
            "name": "code",
            "is_restricted": false,
            "is_ultra_restricted": false
        },
        "blocks": [
            {
                "type": "rich_text",
                "block_id": "41G",
                "elements": [
                    {
                        "type": "rich_text_section",
                        "elements": [
                            {
                                "type": "text",
                                "text": "Hey all!! No worries about attendance today. I will make sure to go through Zoom when we get back from break and confirm that everyone there is marked as present in BCS "
                            },
                            {
                                "type": "emoji",
                                "name": "smiley"
                            }
                        ]
                    }
                ]
            }
        ],
        "reactions": [
            {
                "name": "heart",
                "users": [
                    "U010AJPBC3B",
                    "U010T8GS82C",
                    "U010B4FCHCZ"
                ],
                "count": 3
            },
            {
                "name": "star",
                "users": [
                    "U010ACLHD0R"
                ],
                "count": 1
            }
        ]
    }
]