[
    {
        "type": "message",
        "subtype": "channel_join",
        "ts": "1584982796.000100",
        "user": "U010H0ZEZJL",
        "text": "<@U010H0ZEZJL> has joined the channel"
    },
    {
        "type": "message",
        "subtype": "channel_join",
        "ts": "1584983695.000300",
        "user": "U010KG4F57W",
        "text": "<@U010KG4F57W> has joined the channel"
    },
    {
        "type": "message",
        "subtype": "channel_join",
        "ts": "1584985150.000500",
        "user": "U010L2Z8M7F",
        "text": "<@U010L2Z8M7F> has joined the channel"
    },
    {
        "type": "message",
        "subtype": "channel_join",
        "ts": "1584987271.000700",
        "user": "U010NBVRB62",
        "text": "<@U010NBVRB62> has joined the channel"
    },
    {
        "client_msg_id": "565d5820-df18-45b3-882c-b02923726c05",
        "type": "message",
        "text": "Zoom Room:\n<https:\/\/zoom.us\/j\/823356662>\nTechnical Support Room #1: \n<https:\/\/zoom.us\/j\/711076556>\nTechnical Support Room #2: \n<https:\/\/zoom.us\/j\/797518788>\nTechnical Support Room #3:\n<https:\/\/zoom.us\/j\/876181949>",
        "user": "U010H0ZEZJL",
        "ts": "1584993383.001300",
        "team": "T0105GKDN1H",
        "user_team": "T0105GKDN1H",
        "source_team": "T0105GKDN1H",
        "user_profile": {
            "avatar_hash": "55214de1ed85",
            "image_72": "https:\/\/avatars.slack-edge.com\/2020-03-23\/1019499947508_55214de1ed85b10c7784_72.jpg",
            "first_name": "",
            "real_name": "Jeff Susmarski",
            "display_name": "Jeff Susmarski",
            "team": "T0105GKDN1H",
            "name": "jsusmarski",
            "is_restricted": false,
            "is_ultra_restricted": false
        },
        "blocks": [
            {
                "type": "rich_text",
                "block_id": "Zl6",
                "elements": [
                    {
                        "type": "rich_text_section",
                        "elements": [
                            {
                                "type": "text",
                                "text": "Zoom Room:\n"
                            },
                            {
                                "type": "link",
                                "url": "https:\/\/zoom.us\/j\/823356662"
                            },
                            {
                                "type": "text",
                                "text": "\nTechnical Support Room #1: \n"
                            },
                            {
                                "type": "link",
                                "url": "https:\/\/zoom.us\/j\/711076556"
                            },
                            {
                                "type": "text",
                                "text": "\nTechnical Support Room #2: \n"
                            },
                            {
                                "type": "link",
                                "url": "https:\/\/zoom.us\/j\/797518788"
                            },
                            {
                                "type": "text",
                                "text": "\nTechnical Support Room #3:\n"
                            },
                            {
                                "type": "link",
                                "url": "https:\/\/zoom.us\/j\/876181949"
                            }
                        ]
                    }
                ]
            }
        ]
    },
    {
        "type": "message",
        "subtype": "channel_join",
        "ts": "1584994054.001700",
        "user": "U0107MTT526",
        "text": "<@U0107MTT526> has joined the channel"
    },
    {
        "type": "message",
        "subtype": "channel_join",
        "ts": "1584995206.001800",
        "user": "U010ACLHD0R",
        "text": "<@U010ACLHD0R> has joined the channel"
    },
    {
        "type": "message",
        "subtype": "channel_join",
        "ts": "1584995395.002000",
        "user": "U010AFPTJP3",
        "text": "<@U010AFPTJP3> has joined the channel"
    },
    {
        "type": "message",
        "subtype": "channel_join",
        "ts": "1584997011.002100",
        "user": "U010LEW7V2R",
        "text": "<@U010LEW7V2R> has joined the channel"
    },
    {
        "type": "message",
        "subtype": "channel_join",
        "ts": "1584997429.002300",
        "user": "U010AJPBC3B",
        "text": "<@U010AJPBC3B> has joined the channel"
    },
    {
        "type": "message",
        "subtype": "channel_join",
        "ts": "1584998093.002500",
        "user": "U010L7X7YJG",
        "text": "<@U010L7X7YJG> has joined the channel"
    },
    {
        "type": "message",
        "subtype": "channel_join",
        "ts": "1585001117.002700",
        "user": "U010AP9JH4Z",
        "text": "<@U010AP9JH4Z> has joined the channel"
    },
    {
        "type": "message",
        "subtype": "channel_join",
        "ts": "1585001133.002900",
        "user": "U010LRKMSKX",
        "text": "<@U010LRKMSKX> has joined the channel"
    },
    {
        "type": "message",
        "subtype": "channel_join",
        "ts": "1585001192.003100",
        "user": "U010APCDU9F",
        "text": "<@U010APCDU9F> has joined the channel"
    },
    {
        "type": "message",
        "subtype": "channel_join",
        "ts": "1585003991.003300",
        "user": "U010NLX5YVD",
        "text": "<@U010NLX5YVD> has joined the channel"
    },
    {
        "type": "message",
        "subtype": "channel_join",
        "ts": "1585004413.003500",
        "user": "U010853J6DQ",
        "text": "<@U010853J6DQ> has joined the channel"
    },
    {
        "type": "message",
        "subtype": "channel_join",
        "ts": "1585004657.003700",
        "user": "U010LUDNEJU",
        "text": "<@U010LUDNEJU> has joined the channel"
    },
    {
        "type": "message",
        "subtype": "channel_join",
        "ts": "1585006792.003900",
        "user": "U01086WUV5Y",
        "text": "<@U01086WUV5Y> has joined the channel"
    }
]