[
    {
        "client_msg_id": "586ef2dc-0416-489c-a3fa-ddcfed42e880",
        "type": "message",
        "text": "Hi All, late signing up but I'm in class too",
        "user": "U010PSR7BT6",
        "ts": "1585108902.000600",
        "team": "T0105GKDN1H",
        "user_team": "T0105GKDN1H",
        "source_team": "T0105GKDN1H",
        "user_profile": {
            "avatar_hash": "e3038105be99",
            "image_72": "https:\/\/avatars.slack-edge.com\/2020-03-27\/1031035067156_e3038105be99732f1919_72.jpg",
            "first_name": "",
            "real_name": "Joseph Shapiro",
            "display_name": "Joseph Shapiro",
            "team": "T0105GKDN1H",
            "name": "joevshapiro",
            "is_restricted": false,
            "is_ultra_restricted": false
        },
        "blocks": [
            {
                "type": "rich_text",
                "block_id": "omZOP",
                "elements": [
                    {
                        "type": "rich_text_section",
                        "elements": [
                            {
                                "type": "text",
                                "text": "Hi All, late signing up but I'm in class too"
                            }
                        ]
                    }
                ]
            }
        ]
    }
]