[
    {
        "client_msg_id": "14d36e7b-c063-4937-acf3-213168e31af7",
        "type": "message",
        "text": "Oh. I see! Thanks for the clarification.",
        "user": "U010LJKUX44",
        "ts": "1585362420.006600",
        "team": "T0105GKDN1H",
        "user_team": "T0105GKDN1H",
        "source_team": "T0105GKDN1H",
        "user_profile": {
            "avatar_hash": "76dca6aade71",
            "image_72": "https:\/\/avatars.slack-edge.com\/2020-03-23\/1022739361382_76dca6aade71042586a7_72.png",
            "first_name": "",
            "real_name": "Hazel Kasusky",
            "display_name": "Hazel Kasusky",
            "team": "T0105GKDN1H",
            "name": "kasusky.music",
            "is_restricted": false,
            "is_ultra_restricted": false
        },
        "blocks": [
            {
                "type": "rich_text",
                "block_id": "q=qb",
                "elements": [
                    {
                        "type": "rich_text_section",
                        "elements": [
                            {
                                "type": "text",
                                "text": "Oh. I see! Thanks for the clarification."
                            }
                        ]
                    }
                ]
            }
        ],
        "thread_ts": "1585251752.005700",
        "parent_user_id": "U010LJKUX44",
        "reactions": [
            {
                "name": "+1",
                "users": [
                    "U010APCDU9F"
                ],
                "count": 1
            }
        ]
    }
]