[
    {
        "client_msg_id": "fc050e5f-eb87-4cfb-a212-b9091681453a",
        "type": "message",
        "text": "Hi, where would be the most appropriate place to ask a general coding question unrelated to the course material? I assume the \"general\" channel...? :grin:",
        "user": "U010M13U1FS",
        "ts": "1585703894.030600",
        "team": "T0105GKDN1H",
        "user_team": "T0105GKDN1H",
        "source_team": "T0105GKDN1H",
        "user_profile": {
            "avatar_hash": "2a19df12c2ca",
            "image_72": "https:\/\/avatars.slack-edge.com\/2020-03-23\/1021043303312_2a19df12c2cac5943aeb_72.jpg",
            "first_name": "Joseph",
            "real_name": "Joseph Warren",
            "display_name": "Joseph Warren",
            "team": "T0105GKDN1H",
            "name": "joseph",
            "is_restricted": false,
            "is_ultra_restricted": false
        },
        "blocks": [
            {
                "type": "rich_text",
                "block_id": "niR",
                "elements": [
                    {
                        "type": "rich_text_section",
                        "elements": [
                            {
                                "type": "text",
                                "text": "Hi, where would be the most appropriate place to ask a general coding question unrelated to the course material? I assume the \"general\" channel...? "
                            },
                            {
                                "type": "emoji",
                                "name": "grin"
                            }
                        ]
                    }
                ]
            }
        ],
        "thread_ts": "1585703894.030600",
        "reply_count": 1,
        "reply_users_count": 1,
        "latest_reply": "1585728033.033900",
        "reply_users": [
            "U010Y90H4T0"
        ],
        "replies": [
            {
                "user": "U010Y90H4T0",
                "ts": "1585728033.033900"
            }
        ],
        "subscribed": false
    },
    {
        "client_msg_id": "68316520-7598-4685-9ba8-10c1df5d1481",
        "type": "message",
        "text": "<@U010M13U1FS> Or maybe ask-the-class so that way you can get help from fellow classmates who know the answer",
        "user": "U010M0LB2V6",
        "ts": "1585704027.032100",
        "team": "T0105GKDN1H",
        "user_team": "T0105GKDN1H",
        "source_team": "T0105GKDN1H",
        "user_profile": {
            "avatar_hash": "995068df2993",
            "image_72": "https:\/\/avatars.slack-edge.com\/2020-03-28\/1035266841158_995068df29932789a9e3_72.png",
            "first_name": "Allen",
            "real_name": "Allen Sales",
            "display_name": "Allen Sales",
            "team": "T0105GKDN1H",
            "name": "allen.dale310",
            "is_restricted": false,
            "is_ultra_restricted": false
        },
        "blocks": [
            {
                "type": "rich_text",
                "block_id": "ihrA",
                "elements": [
                    {
                        "type": "rich_text_section",
                        "elements": [
                            {
                                "type": "user",
                                "user_id": "U010M13U1FS"
                            },
                            {
                                "type": "text",
                                "text": " Or maybe ask-the-class so that way you can get help from fellow classmates who know the answer"
                            }
                        ]
                    }
                ]
            }
        ],
        "thread_ts": "1585704027.032100",
        "reply_count": 1,
        "reply_users_count": 1,
        "latest_reply": "1585728166.034400",
        "reply_users": [
            "U010Y90H4T0"
        ],
        "replies": [
            {
                "user": "U010Y90H4T0",
                "ts": "1585728166.034400"
            }
        ],
        "subscribed": false,
        "reactions": [
            {
                "name": "star",
                "users": [
                    "U010ACLHD0R"
                ],
                "count": 1
            }
        ]
    },
    {
        "client_msg_id": "403726bd-2b04-4c61-a78e-adf878d9e8b9",
        "type": "message",
        "text": "Thanks Allen!",
        "user": "U010M13U1FS",
        "ts": "1585704055.032300",
        "team": "T0105GKDN1H",
        "user_team": "T0105GKDN1H",
        "source_team": "T0105GKDN1H",
        "user_profile": {
            "avatar_hash": "2a19df12c2ca",
            "image_72": "https:\/\/avatars.slack-edge.com\/2020-03-23\/1021043303312_2a19df12c2cac5943aeb_72.jpg",
            "first_name": "Joseph",
            "real_name": "Joseph Warren",
            "display_name": "Joseph Warren",
            "team": "T0105GKDN1H",
            "name": "joseph",
            "is_restricted": false,
            "is_ultra_restricted": false
        },
        "blocks": [
            {
                "type": "rich_text",
                "block_id": "t4v",
                "elements": [
                    {
                        "type": "rich_text_section",
                        "elements": [
                            {
                                "type": "text",
                                "text": "Thanks Allen!"
                            }
                        ]
                    }
                ]
            }
        ],
        "reactions": [
            {
                "name": "call_me_hand::skin-tone-3",
                "users": [
                    "U010M0LB2V6"
                ],
                "count": 1
            }
        ]
    },
    {
        "client_msg_id": "ea111655-6c0d-456d-91a7-7c31b17938b7",
        "type": "message",
        "text": "if you're looking for the course calendar, go to <http:\/\/bootcampspot.com|bootcampspot.com> &gt; login &gt; find 'coursework' on side menu &gt; click &gt; see link for 'VIEW COURSE CALENDAR'",
        "user": "U0109GZP6HH",
        "ts": "1585706554.033800",
        "team": "T0105GKDN1H",
        "user_team": "T0105GKDN1H",
        "source_team": "T0105GKDN1H",
        "user_profile": {
            "avatar_hash": "dcfd7b601289",
            "image_72": "https:\/\/avatars.slack-edge.com\/2020-03-27\/1034775747879_dcfd7b601289e2bf7f73_72.jpg",
            "first_name": "",
            "real_name": "Jessica Vaiana-Cavanagh",
            "display_name": "Jessica Vaiana-Cavanagh",
            "team": "T0105GKDN1H",
            "name": "jessica.vaicav",
            "is_restricted": false,
            "is_ultra_restricted": false
        },
        "blocks": [
            {
                "type": "rich_text",
                "block_id": "tMBTX",
                "elements": [
                    {
                        "type": "rich_text_section",
                        "elements": [
                            {
                                "type": "text",
                                "text": "if you're looking for the course calendar, go to "
                            },
                            {
                                "type": "link",
                                "url": "http:\/\/bootcampspot.com",
                                "text": "bootcampspot.com"
                            },
                            {
                                "type": "text",
                                "text": " > login > find 'coursework' on side menu > click > see link for 'VIEW COURSE CALENDAR'"
                            }
                        ]
                    }
                ]
            }
        ]
    }
]