[
    {
        "type": "message",
        "subtype": "channel_join",
        "ts": "1584982796.000100",
        "user": "U010H0ZEZJL",
        "text": "<@U010H0ZEZJL> has joined the channel"
    },
    {
        "type": "message",
        "subtype": "channel_join",
        "ts": "1584983695.000300",
        "user": "U010KG4F57W",
        "text": "<@U010KG4F57W> has joined the channel"
    },
    {
        "type": "message",
        "subtype": "channel_join",
        "ts": "1584985150.000500",
        "user": "U010L2Z8M7F",
        "text": "<@U010L2Z8M7F> has joined the channel"
    },
    {
        "type": "message",
        "subtype": "channel_join",
        "ts": "1584987272.000700",
        "user": "U010NBVRB62",
        "text": "<@U010NBVRB62> has joined the channel"
    },
    {
        "type": "message",
        "subtype": "channel_join",
        "ts": "1584994055.001300",
        "user": "U0107MTT526",
        "text": "<@U0107MTT526> has joined the channel"
    },
    {
        "type": "message",
        "subtype": "channel_join",
        "ts": "1584995206.001400",
        "user": "U010ACLHD0R",
        "text": "<@U010ACLHD0R> has joined the channel"
    },
    {
        "type": "message",
        "subtype": "channel_join",
        "ts": "1584995395.001600",
        "user": "U010AFPTJP3",
        "text": "<@U010AFPTJP3> has joined the channel"
    },
    {
        "type": "message",
        "subtype": "channel_join",
        "ts": "1584997011.001700",
        "user": "U010LEW7V2R",
        "text": "<@U010LEW7V2R> has joined the channel"
    },
    {
        "client_msg_id": "130719be-7103-4331-b7ac-52fb78c0721a",
        "type": "message",
        "text": "Hey All!! Excited for this cohort :smile:",
        "user": "U010LEW7V2R",
        "ts": "1584997185.002100",
        "team": "T0105GKDN1H",
        "user_team": "T0105GKDN1H",
        "source_team": "T0105GKDN1H",
        "user_profile": {
            "avatar_hash": "d3ca0dce327c",
            "image_72": "https:\/\/avatars.slack-edge.com\/2020-03-23\/1020683219136_d3ca0dce327cf88e2c77_72.jpg",
            "first_name": "Stacy",
            "real_name": "Stacy Keown",
            "display_name": "Stacy Keown",
            "team": "T0105GKDN1H",
            "name": "code",
            "is_restricted": false,
            "is_ultra_restricted": false
        },
        "blocks": [
            {
                "type": "rich_text",
                "block_id": "AB1",
                "elements": [
                    {
                        "type": "rich_text_section",
                        "elements": [
                            {
                                "type": "text",
                                "text": "Hey All!! Excited for this cohort "
                            },
                            {
                                "type": "emoji",
                                "name": "smile"
                            }
                        ]
                    }
                ]
            }
        ]
    },
    {
        "type": "message",
        "subtype": "channel_join",
        "ts": "1584997429.002300",
        "user": "U010AJPBC3B",
        "text": "<@U010AJPBC3B> has joined the channel"
    },
    {
        "type": "message",
        "subtype": "channel_join",
        "ts": "1584998093.002500",
        "user": "U010L7X7YJG",
        "text": "<@U010L7X7YJG> has joined the channel"
    },
    {
        "type": "message",
        "subtype": "channel_join",
        "ts": "1585001117.002700",
        "user": "U010AP9JH4Z",
        "text": "<@U010AP9JH4Z> has joined the channel"
    },
    {
        "type": "message",
        "subtype": "channel_join",
        "ts": "1585001133.002900",
        "user": "U010LRKMSKX",
        "text": "<@U010LRKMSKX> has joined the channel"
    },
    {
        "type": "message",
        "subtype": "channel_join",
        "ts": "1585001192.003100",
        "user": "U010APCDU9F",
        "text": "<@U010APCDU9F> has joined the channel"
    },
    {
        "bot_id": "B010LRTTHPX",
        "type": "message",
        "text": "",
        "user": "U010AP9JH4Z",
        "ts": "1585001409.003300",
        "team": "T0105GKDN1H",
        "bot_profile": {
            "id": "B010LRTTHPX",
            "deleted": false,
            "name": "giphy",
            "updated": 1585001354,
            "app_id": "A0F827J2C",
            "icons": {
                "image_36": "https:\/\/a.slack-edge.com\/80588\/img\/plugins\/giphy\/service_36.png",
                "image_48": "https:\/\/a.slack-edge.com\/80588\/img\/plugins\/giphy\/service_48.png",
                "image_72": "https:\/\/a.slack-edge.com\/80588\/img\/plugins\/giphy\/service_72.png"
            },
            "team_id": "T0105GKDN1H"
        },
        "attachments": [
            {
                "fallback": "giphy: https:\/\/giphy.com\/gifs\/bear-hello-waving-IThjAlJnD9WNO",
                "image_url": "https:\/\/media0.giphy.com\/media\/IThjAlJnD9WNO\/giphy.gif?cid=6104955e97244ebb4693c383d30ad580eae04545f99e9a7e&rid=giphy.gif",
                "image_width": 245,
                "image_height": 184,
                "image_bytes": 511115,
                "is_animated": true,
                "title": "Hello!",
                "footer": "Posted using \/giphy",
                "id": 1,
                "title_link": "https:\/\/giphy.com\/gifs\/bear-hello-waving-IThjAlJnD9WNO"
            }
        ]
    },
    {
        "client_msg_id": "968a0f75-0607-49e5-8576-3a2bcbce86a3",
        "type": "message",
        "text": "Howdy y'all!",
        "user": "U010APCDU9F",
        "ts": "1585001891.003500",
        "team": "T0105GKDN1H",
        "user_team": "T0105GKDN1H",
        "source_team": "T0105GKDN1H",
        "user_profile": {
            "avatar_hash": "d44fbe708fa1",
            "image_72": "https:\/\/avatars.slack-edge.com\/2020-03-23\/1020879238357_d44fbe708fa1409cd3b9_72.jpg",
            "first_name": "",
            "real_name": "Eric Z",
            "display_name": "Eric Z",
            "team": "T0105GKDN1H",
            "name": "swissbizz88",
            "is_restricted": false,
            "is_ultra_restricted": false
        },
        "blocks": [
            {
                "type": "rich_text",
                "block_id": "xiY",
                "elements": [
                    {
                        "type": "rich_text_section",
                        "elements": [
                            {
                                "type": "text",
                                "text": "Howdy y'all!"
                            }
                        ]
                    }
                ]
            }
        ]
    },
    {
        "client_msg_id": "5ac4bd1c-e75f-4446-989f-2c1210ae08b1",
        "type": "message",
        "text": "How's everyone holding up?",
        "user": "U010APCDU9F",
        "ts": "1585001898.003800",
        "team": "T0105GKDN1H",
        "user_team": "T0105GKDN1H",
        "source_team": "T0105GKDN1H",
        "user_profile": {
            "avatar_hash": "d44fbe708fa1",
            "image_72": "https:\/\/avatars.slack-edge.com\/2020-03-23\/1020879238357_d44fbe708fa1409cd3b9_72.jpg",
            "first_name": "",
            "real_name": "Eric Z",
            "display_name": "Eric Z",
            "team": "T0105GKDN1H",
            "name": "swissbizz88",
            "is_restricted": false,
            "is_ultra_restricted": false
        },
        "blocks": [
            {
                "type": "rich_text",
                "block_id": "hjHE",
                "elements": [
                    {
                        "type": "rich_text_section",
                        "elements": [
                            {
                                "type": "text",
                                "text": "How's everyone holding up?"
                            }
                        ]
                    }
                ]
            }
        ]
    },
    {
        "type": "message",
        "text": "",
        "files": [
            {
                "id": "F010NJX9T1D",
                "created": 1585001914,
                "timestamp": 1585001914,
                "name": "image0.jpg",
                "title": "image0.jpg",
                "mimetype": "image\/jpeg",
                "filetype": "jpg",
                "pretty_type": "JPEG",
                "user": "U010APCDU9F",
                "editable": false,
                "size": 81572,
                "mode": "hosted",
                "is_external": false,
                "external_type": "",
                "is_public": true,
                "public_url_shared": false,
                "display_as_bot": false,
                "username": "",
                "url_private": "https:\/\/files.slack.com\/files-pri\/T0105GKDN1H-F010NJX9T1D\/image0.jpg?t=xoxe-1005563464051-1077300145892-1094973465936-b91b441389dd5f41adba77ce94586498",
                "url_private_download": "https:\/\/files.slack.com\/files-pri\/T0105GKDN1H-F010NJX9T1D\/download\/image0.jpg?t=xoxe-1005563464051-1077300145892-1094973465936-b91b441389dd5f41adba77ce94586498",
                "thumb_64": "https:\/\/files.slack.com\/files-tmb\/T0105GKDN1H-F010NJX9T1D-400f77930b\/image0_64.jpg?t=xoxe-1005563464051-1077300145892-1094973465936-b91b441389dd5f41adba77ce94586498",
                "thumb_80": "https:\/\/files.slack.com\/files-tmb\/T0105GKDN1H-F010NJX9T1D-400f77930b\/image0_80.jpg?t=xoxe-1005563464051-1077300145892-1094973465936-b91b441389dd5f41adba77ce94586498",
                "thumb_360": "https:\/\/files.slack.com\/files-tmb\/T0105GKDN1H-F010NJX9T1D-400f77930b\/image0_360.jpg?t=xoxe-1005563464051-1077300145892-1094973465936-b91b441389dd5f41adba77ce94586498",
                "thumb_360_w": 360,
                "thumb_360_h": 357,
                "thumb_480": "https:\/\/files.slack.com\/files-tmb\/T0105GKDN1H-F010NJX9T1D-400f77930b\/image0_480.jpg?t=xoxe-1005563464051-1077300145892-1094973465936-b91b441389dd5f41adba77ce94586498",
                "thumb_480_w": 480,
                "thumb_480_h": 476,
                "thumb_160": "https:\/\/files.slack.com\/files-tmb\/T0105GKDN1H-F010NJX9T1D-400f77930b\/image0_160.jpg?t=xoxe-1005563464051-1077300145892-1094973465936-b91b441389dd5f41adba77ce94586498",
                "thumb_720": "https:\/\/files.slack.com\/files-tmb\/T0105GKDN1H-F010NJX9T1D-400f77930b\/image0_720.jpg?t=xoxe-1005563464051-1077300145892-1094973465936-b91b441389dd5f41adba77ce94586498",
                "thumb_720_w": 720,
                "thumb_720_h": 714,
                "image_exif_rotation": 1,
                "original_w": 750,
                "original_h": 744,
                "thumb_tiny": "AwAvADCsFAOPSpPlVcn8zTUBGNw4z1qWYxgDPUcj3qhD4UV03ZzzintH5bBgmfao7SeOMMDkA8g0+8YsDtPy7Qc0hjHZ1IOwAY6Y4qFyZedvQdhU279wityOxpkh2RFF6nnNMRASQQRk0hBbknn0pQ1PDJICHwuOhxSAiLEDnqack7DhvmX0NOijRZNzyKQPrTJdpJI\/MUDJFlGDtQAe5zikkcv6YHTHApAFxgcDvmnjYBzikMjGxepY\/TijcpPC4B9ajpSaYiXzCqkbV471CSSMUpYn8abSAlPyHGaN59aZnikpgf\/Z",
                "permalink": "https:\/\/uclavirtfsfpt-96r8630.slack.com\/files\/U010APCDU9F\/F010NJX9T1D\/image0.jpg",
                "permalink_public": "https:\/\/slack-files.com\/T0105GKDN1H-F010NJX9T1D-239c335357",
                "is_starred": false,
                "has_rich_preview": false
            }
        ],
        "upload": true,
        "user": "U010APCDU9F",
        "display_as_bot": false,
        "ts": "1585001917.003900",
        "client_msg_id": "9c7bed40-8e37-41aa-ac8c-3400015c6dc1",
        "reactions": [
            {
                "name": "joy",
                "users": [
                    "U010LEW7V2R",
                    "U010ACLHD0R"
                ],
                "count": 2
            },
            {
                "name": "+1",
                "users": [
                    "U010LEW7V2R"
                ],
                "count": 1
            }
        ]
    },
    {
        "type": "message",
        "subtype": "channel_join",
        "ts": "1585003991.004600",
        "user": "U010NLX5YVD",
        "text": "<@U010NLX5YVD> has joined the channel"
    },
    {
        "type": "message",
        "subtype": "channel_join",
        "ts": "1585004413.004800",
        "user": "U010853J6DQ",
        "text": "<@U010853J6DQ> has joined the channel"
    },
    {
        "type": "message",
        "subtype": "channel_join",
        "ts": "1585004657.005000",
        "user": "U010LUDNEJU",
        "text": "<@U010LUDNEJU> has joined the channel"
    },
    {
        "type": "message",
        "subtype": "channel_join",
        "ts": "1585006792.005200",
        "user": "U01086WUV5Y",
        "text": "<@U01086WUV5Y> has joined the channel"
    },
    {
        "client_msg_id": "5cc53ef6-4b28-4c83-9463-eb614d0c6ca9",
        "type": "message",
        "text": "Looks like Module 11's activity is going to be a bit difficult to complete...",
        "user": "U010AP9JH4Z",
        "ts": "1585007444.005900",
        "team": "T0105GKDN1H",
        "user_team": "T0105GKDN1H",
        "source_team": "T0105GKDN1H",
        "user_profile": {
            "avatar_hash": "16a093b0a61e",
            "image_72": "https:\/\/avatars.slack-edge.com\/2020-03-28\/1033178107317_16a093b0a61e962de046_72.jpg",
            "first_name": "Rey",
            "real_name": "Rey Coronado",
            "display_name": "Rey Coronado",
            "team": "T0105GKDN1H",
            "name": "rcorojr",
            "is_restricted": false,
            "is_ultra_restricted": false
        },
        "blocks": [
            {
                "type": "rich_text",
                "block_id": "IJX",
                "elements": [
                    {
                        "type": "rich_text_section",
                        "elements": [
                            {
                                "type": "text",
                                "text": "Looks like Module 11's activity is going to be a bit difficult to complete..."
                            }
                        ]
                    }
                ]
            }
        ]
    },
    {
        "client_msg_id": "95b69d13-29f3-4f39-9425-32019667e9a3",
        "type": "message",
        "text": "What’s up everyone! :v::skin-tone-3:",
        "user": "U010M0LB2V6",
        "ts": "1585007564.006800",
        "team": "T0105GKDN1H",
        "user_team": "T0105GKDN1H",
        "source_team": "T0105GKDN1H",
        "user_profile": {
            "avatar_hash": "995068df2993",
            "image_72": "https:\/\/avatars.slack-edge.com\/2020-03-28\/1035266841158_995068df29932789a9e3_72.png",
            "first_name": "Allen",
            "real_name": "Allen Sales",
            "display_name": "Allen Sales",
            "team": "T0105GKDN1H",
            "name": "allen.dale310",
            "is_restricted": false,
            "is_ultra_restricted": false
        },
        "blocks": [
            {
                "type": "rich_text",
                "block_id": "VtH",
                "elements": [
                    {
                        "type": "rich_text_section",
                        "elements": [
                            {
                                "type": "text",
                                "text": "What’s up everyone! "
                            },
                            {
                                "type": "emoji",
                                "name": "v",
                                "skin_tone": 3
                            }
                        ]
                    }
                ]
            }
        ]
    },
    {
        "client_msg_id": "4b166acc-b550-401b-bd07-764be4a797f0",
        "type": "message",
        "text": "Hey everyone!",
        "user": "U010M13U1FS",
        "ts": "1585007790.007200",
        "team": "T0105GKDN1H",
        "user_team": "T0105GKDN1H",
        "source_team": "T0105GKDN1H",
        "user_profile": {
            "avatar_hash": "2a19df12c2ca",
            "image_72": "https:\/\/avatars.slack-edge.com\/2020-03-23\/1021043303312_2a19df12c2cac5943aeb_72.jpg",
            "first_name": "Joseph",
            "real_name": "Joseph Warren",
            "display_name": "Joseph Warren",
            "team": "T0105GKDN1H",
            "name": "joseph",
            "is_restricted": false,
            "is_ultra_restricted": false
        },
        "blocks": [
            {
                "type": "rich_text",
                "block_id": "ja4n",
                "elements": [
                    {
                        "type": "rich_text_section",
                        "elements": [
                            {
                                "type": "text",
                                "text": "Hey everyone!"
                            }
                        ]
                    }
                ]
            }
        ]
    },
    {
        "client_msg_id": "6693f81b-eb13-4af5-b630-cd1a79a96ae9",
        "type": "message",
        "text": "donedone",
        "user": "U010M13U1FS",
        "ts": "1585008225.007700",
        "team": "T0105GKDN1H",
        "user_team": "T0105GKDN1H",
        "source_team": "T0105GKDN1H",
        "user_profile": {
            "avatar_hash": "2a19df12c2ca",
            "image_72": "https:\/\/avatars.slack-edge.com\/2020-03-23\/1021043303312_2a19df12c2cac5943aeb_72.jpg",
            "first_name": "Joseph",
            "real_name": "Joseph Warren",
            "display_name": "Joseph Warren",
            "team": "T0105GKDN1H",
            "name": "joseph",
            "is_restricted": false,
            "is_ultra_restricted": false
        },
        "blocks": [
            {
                "type": "rich_text",
                "block_id": "r15",
                "elements": [
                    {
                        "type": "rich_text_section",
                        "elements": [
                            {
                                "type": "text",
                                "text": "donedone"
                            }
                        ]
                    }
                ]
            }
        ]
    },
    {
        "client_msg_id": "2ba3bc40-130e-42a2-8283-4890af9f0596",
        "type": "message",
        "text": "meowwwww",
        "user": "U0109GZP6HH",
        "ts": "1585008498.007900",
        "team": "T0105GKDN1H",
        "user_team": "T0105GKDN1H",
        "source_team": "T0105GKDN1H",
        "user_profile": {
            "avatar_hash": "dcfd7b601289",
            "image_72": "https:\/\/avatars.slack-edge.com\/2020-03-27\/1034775747879_dcfd7b601289e2bf7f73_72.jpg",
            "first_name": "",
            "real_name": "Jessica Vaiana-Cavanagh",
            "display_name": "Jessica Vaiana-Cavanagh",
            "team": "T0105GKDN1H",
            "name": "jessica.vaicav",
            "is_restricted": false,
            "is_ultra_restricted": false
        },
        "blocks": [
            {
                "type": "rich_text",
                "block_id": "6GL5",
                "elements": [
                    {
                        "type": "rich_text_section",
                        "elements": [
                            {
                                "type": "text",
                                "text": "meowwwww"
                            }
                        ]
                    }
                ]
            }
        ],
        "reactions": [
            {
                "name": "joy",
                "users": [
                    "U010APCDU9F"
                ],
                "count": 1
            },
            {
                "name": "smile_cat",
                "users": [
                    "U010LJKUX44"
                ],
                "count": 1
            }
        ]
    },
    {
        "client_msg_id": "0237e11b-8b63-4e82-afa2-a5734c239755",
        "type": "message",
        "text": "oh its discord",
        "user": "U010NLX5YVD",
        "ts": "1585008801.009000",
        "team": "T0105GKDN1H",
        "user_team": "T0105GKDN1H",
        "source_team": "T0105GKDN1H",
        "user_profile": {
            "avatar_hash": "g1146ac96ea0",
            "image_72": "https:\/\/secure.gravatar.com\/avatar\/1146ac96ea01d01b2cda88e5d9c36cc3.jpg?s=72&d=https%3A%2F%2Fa.slack-edge.com%2Fdf10d%2Fimg%2Favatars%2Fava_0013-72.png",
            "first_name": "",
            "real_name": "Michael Hoffman",
            "display_name": "",
            "team": "T0105GKDN1H",
            "name": "maaronhoffman",
            "is_restricted": false,
            "is_ultra_restricted": false
        },
        "blocks": [
            {
                "type": "rich_text",
                "block_id": "WuVFP",
                "elements": [
                    {
                        "type": "rich_text_section",
                        "elements": [
                            {
                                "type": "text",
                                "text": "oh its discord"
                            }
                        ]
                    }
                ]
            }
        ],
        "thread_ts": "1585008801.009000",
        "reply_count": 1,
        "reply_users_count": 1,
        "latest_reply": "1585387249.007000",
        "reply_users": [
            "U010LHWSG4U"
        ],
        "replies": [
            {
                "user": "U010LHWSG4U",
                "ts": "1585387249.007000"
            }
        ],
        "subscribed": false,
        "reactions": [
            {
                "name": "grin",
                "users": [
                    "U010LJKUX44"
                ],
                "count": 1
            },
            {
                "name": "slightly_smiling_face",
                "users": [
                    "U010LHWSG4U"
                ],
                "count": 1
            }
        ]
    },
    {
        "client_msg_id": "7c8b5da7-9fa4-4628-aad4-219ffb875bd8",
        "type": "message",
        "text": "I'm riding the Javascript struggle bus",
        "user": "U010LJKUX44",
        "ts": "1585010862.010100",
        "team": "T0105GKDN1H",
        "user_team": "T0105GKDN1H",
        "source_team": "T0105GKDN1H",
        "user_profile": {
            "avatar_hash": "76dca6aade71",
            "image_72": "https:\/\/avatars.slack-edge.com\/2020-03-23\/1022739361382_76dca6aade71042586a7_72.png",
            "first_name": "",
            "real_name": "Hazel Kasusky",
            "display_name": "Hazel Kasusky",
            "team": "T0105GKDN1H",
            "name": "kasusky.music",
            "is_restricted": false,
            "is_ultra_restricted": false
        },
        "blocks": [
            {
                "type": "rich_text",
                "block_id": "UTG",
                "elements": [
                    {
                        "type": "rich_text_section",
                        "elements": [
                            {
                                "type": "text",
                                "text": "I'm riding the Javascript struggle bus"
                            }
                        ]
                    }
                ]
            }
        ],
        "thread_ts": "1585010862.010100",
        "reply_count": 4,
        "reply_users_count": 3,
        "latest_reply": "1585024404.011900",
        "reply_users": [
            "U010ACLHD0R",
            "U010LJKUX44",
            "U010LRKMSKX"
        ],
        "replies": [
            {
                "user": "U010ACLHD0R",
                "ts": "1585012051.010900"
            },
            {
                "user": "U010LJKUX44",
                "ts": "1585013433.011100"
            },
            {
                "user": "U010LRKMSKX",
                "ts": "1585019629.011500"
            },
            {
                "user": "U010LJKUX44",
                "ts": "1585024404.011900"
            }
        ],
        "subscribed": false,
        "reactions": [
            {
                "name": "joy",
                "users": [
                    "U010ACLHD0R"
                ],
                "count": 1
            }
        ]
    },
    {
        "client_msg_id": "36867e11-4744-4668-a90a-a45acf086894",
        "type": "message",
        "text": "i think most of us. But we’ll be driving the bus in 6 months time!",
        "user": "U010M0LB2V6",
        "ts": "1585010894.010600",
        "team": "T0105GKDN1H",
        "user_team": "T0105GKDN1H",
        "source_team": "T0105GKDN1H",
        "user_profile": {
            "avatar_hash": "995068df2993",
            "image_72": "https:\/\/avatars.slack-edge.com\/2020-03-28\/1035266841158_995068df29932789a9e3_72.png",
            "first_name": "Allen",
            "real_name": "Allen Sales",
            "display_name": "Allen Sales",
            "team": "T0105GKDN1H",
            "name": "allen.dale310",
            "is_restricted": false,
            "is_ultra_restricted": false
        },
        "blocks": [
            {
                "type": "rich_text",
                "block_id": "EPk=y",
                "elements": [
                    {
                        "type": "rich_text_section",
                        "elements": [
                            {
                                "type": "text",
                                "text": "i think most of us. But we’ll be driving the bus in 6 months time!"
                            }
                        ]
                    }
                ]
            }
        ]
    },
    {
        "client_msg_id": "306a5185-a8f4-48f0-a387-b1af3994357e",
        "type": "message",
        "text": "It's not so bad after a while!",
        "user": "U010ACLHD0R",
        "ts": "1585012051.010900",
        "team": "T0105GKDN1H",
        "user_team": "T0105GKDN1H",
        "source_team": "T0105GKDN1H",
        "user_profile": {
            "avatar_hash": "8c72eaca43ae",
            "image_72": "https:\/\/avatars.slack-edge.com\/2020-03-23\/1009675401811_8c72eaca43ae720843dc_72.png",
            "first_name": "Matthew",
            "real_name": "Matthew Bub",
            "display_name": "Matthew Bub",
            "team": "T0105GKDN1H",
            "name": "6matbub",
            "is_restricted": false,
            "is_ultra_restricted": false
        },
        "blocks": [
            {
                "type": "rich_text",
                "block_id": "1HKV",
                "elements": [
                    {
                        "type": "rich_text_section",
                        "elements": [
                            {
                                "type": "text",
                                "text": "It's not so bad after a while!"
                            }
                        ]
                    }
                ]
            }
        ],
        "thread_ts": "1585010862.010100",
        "parent_user_id": "U010LJKUX44"
    },
    {
        "client_msg_id": "8ee6d89a-2de9-4b2b-8b3e-6da51cabb0a5",
        "type": "message",
        "text": "I hope so! haha",
        "user": "U010LJKUX44",
        "ts": "1585013433.011100",
        "team": "T0105GKDN1H",
        "user_team": "T0105GKDN1H",
        "source_team": "T0105GKDN1H",
        "user_profile": {
            "avatar_hash": "76dca6aade71",
            "image_72": "https:\/\/avatars.slack-edge.com\/2020-03-23\/1022739361382_76dca6aade71042586a7_72.png",
            "first_name": "",
            "real_name": "Hazel Kasusky",
            "display_name": "Hazel Kasusky",
            "team": "T0105GKDN1H",
            "name": "kasusky.music",
            "is_restricted": false,
            "is_ultra_restricted": false
        },
        "blocks": [
            {
                "type": "rich_text",
                "block_id": "Nn7My",
                "elements": [
                    {
                        "type": "rich_text_section",
                        "elements": [
                            {
                                "type": "text",
                                "text": "I hope so! haha"
                            }
                        ]
                    }
                ]
            }
        ],
        "thread_ts": "1585010862.010100",
        "parent_user_id": "U010LJKUX44"
    },
    {
        "client_msg_id": "5070cb56-6642-43f1-afb4-99ad46e7b652",
        "type": "message",
        "text": "you got this!!",
        "user": "U010LRKMSKX",
        "ts": "1585019629.011500",
        "team": "T0105GKDN1H",
        "user_team": "T0105GKDN1H",
        "source_team": "T0105GKDN1H",
        "user_profile": {
            "avatar_hash": "ae27f99c40c3",
            "image_72": "https:\/\/avatars.slack-edge.com\/2020-03-23\/1022872147895_ae27f99c40c3c34dd86b_72.jpg",
            "first_name": "",
            "real_name": "Yssabel Pangilinan",
            "display_name": "Yssabel Pangilinan",
            "team": "T0105GKDN1H",
            "name": "yssabelpangilinan",
            "is_restricted": false,
            "is_ultra_restricted": false
        },
        "blocks": [
            {
                "type": "rich_text",
                "block_id": "I+sa",
                "elements": [
                    {
                        "type": "rich_text_section",
                        "elements": [
                            {
                                "type": "text",
                                "text": "you got this!!"
                            }
                        ]
                    }
                ]
            }
        ],
        "thread_ts": "1585010862.010100",
        "parent_user_id": "U010LJKUX44"
    },
    {
        "client_msg_id": "efe687bc-3d2c-4e49-8dc4-bbb6d4147f66",
        "type": "message",
        "text": "we got this~",
        "user": "U010LJKUX44",
        "ts": "1585024404.011900",
        "team": "T0105GKDN1H",
        "user_team": "T0105GKDN1H",
        "source_team": "T0105GKDN1H",
        "user_profile": {
            "avatar_hash": "76dca6aade71",
            "image_72": "https:\/\/avatars.slack-edge.com\/2020-03-23\/1022739361382_76dca6aade71042586a7_72.png",
            "first_name": "",
            "real_name": "Hazel Kasusky",
            "display_name": "Hazel Kasusky",
            "team": "T0105GKDN1H",
            "name": "kasusky.music",
            "is_restricted": false,
            "is_ultra_restricted": false
        },
        "blocks": [
            {
                "type": "rich_text",
                "block_id": "0sE",
                "elements": [
                    {
                        "type": "rich_text_section",
                        "elements": [
                            {
                                "type": "text",
                                "text": "we got this~"
                            }
                        ]
                    }
                ]
            }
        ],
        "thread_ts": "1585010862.010100",
        "parent_user_id": "U010LJKUX44"
    }
]