[
    {
        "client_msg_id": "74e5ec47-4c32-4b13-8fd4-b3e2504c609b",
        "type": "message",
        "text": "<!everyone> Reminder, remember to put your zoom name as your full name so that we know who you are and have a better time admitting you into the zoom meeting! :grinning:",
        "user": "U010LEW4XPX",
        "ts": "1586309700.040500",
        "team": "T0105GKDN1H",
        "user_team": "T0105GKDN1H",
        "source_team": "T0105GKDN1H",
        "user_profile": {
            "avatar_hash": "g15b31306bf8",
            "image_72": "https:\/\/secure.gravatar.com\/avatar\/15b31306bf891aa1da33301277c37bc4.jpg?s=72&d=https%3A%2F%2Fa.slack-edge.com%2Fdf10d%2Fimg%2Favatars%2Fava_0008-72.png",
            "first_name": "",
            "real_name": "michaelpopedeveloper",
            "display_name": "michaelpopedeveloper",
            "team": "T0105GKDN1H",
            "name": "michaelpopedeveloper",
            "is_restricted": false,
            "is_ultra_restricted": false
        },
        "blocks": [
            {
                "type": "rich_text",
                "block_id": "JaWbB",
                "elements": [
                    {
                        "type": "rich_text_section",
                        "elements": [
                            {
                                "type": "broadcast",
                                "range": "everyone"
                            },
                            {
                                "type": "text",
                                "text": " Reminder, remember to put your zoom name as your full name so that we know who you are and have a better time admitting you into the zoom meeting! "
                            },
                            {
                                "type": "emoji",
                                "name": "grinning"
                            }
                        ]
                    }
                ]
            }
        ],
        "reactions": [
            {
                "name": "star",
                "users": [
                    "U010ACLHD0R"
                ],
                "count": 1
            },
            {
                "name": "githubparrot",
                "users": [
                    "U010APCDU9F"
                ],
                "count": 1
            },
            {
                "name": "+1",
                "users": [
                    "U010AJPBC3B"
                ],
                "count": 1
            }
        ]
    },
    {
        "client_msg_id": "1625c328-7cbd-491d-880b-59481eeb4c1c",
        "type": "message",
        "text": "<https:\/\/mycyberuniverse.com\/how-fix-fatal-authentication-failed-for-https-github-com.html>",
        "user": "U010B5G5KHP",
        "ts": "1586321834.041000",
        "team": "T0105GKDN1H",
        "user_team": "T0105GKDN1H",
        "source_team": "T0105GKDN1H",
        "user_profile": {
            "avatar_hash": "g8459139a504",
            "image_72": "https:\/\/secure.gravatar.com\/avatar\/8459139a5046573d20611198ddcc5541.jpg?s=72&d=https%3A%2F%2Fa.slack-edge.com%2Fdf10d%2Fimg%2Favatars%2Fava_0007-72.png",
            "first_name": "",
            "real_name": "Francis Duya",
            "display_name": "Francis Duya",
            "team": "T0105GKDN1H",
            "name": "sicnarf8888",
            "is_restricted": false,
            "is_ultra_restricted": false
        },
        "attachments": [
            {
                "service_name": "My Cyber Universe",
                "title": "How to fix: fatal: Authentication failed for https:\/\/gith… | My Cyber Universe",
                "title_link": "https:\/\/mycyberuniverse.com\/how-fix-fatal-authentication-failed-for-https-github-com.html",
                "text": "After enabling a two-factor authentication in my GitHub account, when I run the Git git push command it thr…",
                "fallback": "My Cyber Universe: How to fix: fatal: Authentication failed for https:\/\/gith… | My Cyber Universe",
                "image_url": "https:\/\/mycyberuniverse.com\/images\/thumbnail\/error.png",
                "ts": 1509926400,
                "from_url": "https:\/\/mycyberuniverse.com\/how-fix-fatal-authentication-failed-for-https-github-com.html",
                "image_width": 250,
                "image_height": 250,
                "image_bytes": 8271,
                "service_icon": "https:\/\/mycyberuniverse.com\/images\/brand\/icon\/apple-touch-icon.png",
                "id": 1,
                "original_url": "https:\/\/mycyberuniverse.com\/how-fix-fatal-authentication-failed-for-https-github-com.html"
            }
        ],
        "blocks": [
            {
                "type": "rich_text",
                "block_id": "vD0zA",
                "elements": [
                    {
                        "type": "rich_text_section",
                        "elements": [
                            {
                                "type": "link",
                                "url": "https:\/\/mycyberuniverse.com\/how-fix-fatal-authentication-failed-for-https-github-com.html"
                            }
                        ]
                    }
                ]
            }
        ],
        "reactions": [
            {
                "name": "star",
                "users": [
                    "U010ACLHD0R"
                ],
                "count": 1
            }
        ]
    }
]