[
    {
        "client_msg_id": "e53adf61-ad91-475f-8166-c84943f21586",
        "type": "message",
        "text": "The <#C010GGYPXS8|general> channel is best suited for \"general information *related to the class* but not any particular class.\"\n\nI believe the best channel to ask a general coding question would be the <#C010478KSNN|07-tech-support> channel.\n\nGood question.",
        "user": "U010Y90H4T0",
        "ts": "1585728033.033900",
        "team": "T0105GKDN1H",
        "user_team": "T0105GKDN1H",
        "source_team": "T0105GKDN1H",
        "user_profile": {
            "avatar_hash": "dab7da854ffb",
            "image_72": "https:\/\/avatars.slack-edge.com\/2020-03-27\/1017678411922_dab7da854ffb816e196d_72.jpg",
            "first_name": "Chris",
            "real_name": "Chris Murphy",
            "display_name": "Chris Murphy",
            "team": "T0105GKDN1H",
            "name": "christoph2005",
            "is_restricted": false,
            "is_ultra_restricted": false
        },
        "blocks": [
            {
                "type": "rich_text",
                "block_id": "1HP",
                "elements": [
                    {
                        "type": "rich_text_section",
                        "elements": [
                            {
                                "type": "text",
                                "text": "The "
                            },
                            {
                                "type": "channel",
                                "channel_id": "C010GGYPXS8"
                            },
                            {
                                "type": "text",
                                "text": " channel is best suited for \"general information "
                            },
                            {
                                "type": "text",
                                "text": "related to the class",
                                "style": {
                                    "bold": true
                                }
                            },
                            {
                                "type": "text",
                                "text": " but not any particular class.\"\n\nI believe the best channel to ask a general coding question would be the "
                            },
                            {
                                "type": "channel",
                                "channel_id": "C010478KSNN"
                            },
                            {
                                "type": "text",
                                "text": " channel.\n\nGood question."
                            }
                        ]
                    }
                ]
            }
        ],
        "thread_ts": "1585703894.030600",
        "parent_user_id": "U010M13U1FS"
    },
    {
        "client_msg_id": "6e379585-7fd2-4d25-b3ac-294ea5d8ae6b",
        "type": "message",
        "text": "<@U0109GZP6HH> thanks for the tip!",
        "user": "U010Y90H4T0",
        "ts": "1585728080.034300",
        "team": "T0105GKDN1H",
        "user_team": "T0105GKDN1H",
        "source_team": "T0105GKDN1H",
        "user_profile": {
            "avatar_hash": "dab7da854ffb",
            "image_72": "https:\/\/avatars.slack-edge.com\/2020-03-27\/1017678411922_dab7da854ffb816e196d_72.jpg",
            "first_name": "Chris",
            "real_name": "Chris Murphy",
            "display_name": "Chris Murphy",
            "team": "T0105GKDN1H",
            "name": "christoph2005",
            "is_restricted": false,
            "is_ultra_restricted": false
        },
        "blocks": [
            {
                "type": "rich_text",
                "block_id": "drj",
                "elements": [
                    {
                        "type": "rich_text_section",
                        "elements": [
                            {
                                "type": "user",
                                "user_id": "U0109GZP6HH"
                            },
                            {
                                "type": "text",
                                "text": " thanks for the tip!"
                            }
                        ]
                    }
                ]
            }
        ]
    },
    {
        "client_msg_id": "e71cc370-cdde-45cb-b9a4-b10ed1f54f77",
        "type": "message",
        "text": "I thought so too. But upon reviewing the day 0 slides, it appears the most suitable channel is <#C010478KSNN|07-tech-support>\n\nthe <#C010477U2N6|02-ask-the-class> channel is intended for questions related to the class content.",
        "user": "U010Y90H4T0",
        "ts": "1585728166.034400",
        "team": "T0105GKDN1H",
        "user_team": "T0105GKDN1H",
        "source_team": "T0105GKDN1H",
        "user_profile": {
            "avatar_hash": "dab7da854ffb",
            "image_72": "https:\/\/avatars.slack-edge.com\/2020-03-27\/1017678411922_dab7da854ffb816e196d_72.jpg",
            "first_name": "Chris",
            "real_name": "Chris Murphy",
            "display_name": "Chris Murphy",
            "team": "T0105GKDN1H",
            "name": "christoph2005",
            "is_restricted": false,
            "is_ultra_restricted": false
        },
        "blocks": [
            {
                "type": "rich_text",
                "block_id": "W4ju",
                "elements": [
                    {
                        "type": "rich_text_section",
                        "elements": [
                            {
                                "type": "text",
                                "text": "I thought so too. But upon reviewing the day 0 slides, it appears the most suitable channel is "
                            },
                            {
                                "type": "channel",
                                "channel_id": "C010478KSNN"
                            },
                            {
                                "type": "text",
                                "text": "\n\nthe "
                            },
                            {
                                "type": "channel",
                                "channel_id": "C010477U2N6"
                            },
                            {
                                "type": "text",
                                "text": " channel is intended for questions related to the class content."
                            }
                        ]
                    }
                ]
            }
        ],
        "thread_ts": "1585704027.032100",
        "parent_user_id": "U010M0LB2V6"
    },
    {
        "client_msg_id": "303f0fad-9523-4d1c-988a-dee09ec038b7",
        "type": "message",
        "text": "Now that you for sure have git bash installed, you may want to use it from the VS Code gui. It will likely be more convenient as we move forward in the curriculum.\n\nIn order to set the default shell for VS Code to Bash, (as opposed to powershell be default, on windows) you can follow the directions found here:\n<https:\/\/stackoverflow.com\/questions\/42606837\/how-do-i-use-bash-on-windows-from-the-visual-studio-code-integrated-terminal>",
        "user": "U010Y90H4T0",
        "ts": "1585737597.035800",
        "team": "T0105GKDN1H",
        "user_team": "T0105GKDN1H",
        "source_team": "T0105GKDN1H",
        "user_profile": {
            "avatar_hash": "dab7da854ffb",
            "image_72": "https:\/\/avatars.slack-edge.com\/2020-03-27\/1017678411922_dab7da854ffb816e196d_72.jpg",
            "first_name": "Chris",
            "real_name": "Chris Murphy",
            "display_name": "Chris Murphy",
            "team": "T0105GKDN1H",
            "name": "christoph2005",
            "is_restricted": false,
            "is_ultra_restricted": false
        },
        "attachments": [
            {
                "service_name": "Stack Overflow",
                "title": "How do I use Bash on Windows from the Visual Studio Code integrated terminal?",
                "title_link": "https:\/\/stackoverflow.com\/questions\/42606837\/how-do-i-use-bash-on-windows-from-the-visual-studio-code-integrated-terminal",
                "text": "Visual Studio Code on Windows uses PowerShell by default as the integrated terminal. If you want to use Bash from Visual Studio Code, what steps should be followed?",
                "fallback": "Stack Overflow: How do I use Bash on Windows from the Visual Studio Code integrated terminal?",
                "thumb_url": "https:\/\/cdn.sstatic.net\/Sites\/stackoverflow\/img\/apple-touch-icon@2.png?v=73d79a89bded",
                "from_url": "https:\/\/stackoverflow.com\/questions\/42606837\/how-do-i-use-bash-on-windows-from-the-visual-studio-code-integrated-terminal",
                "thumb_width": 316,
                "thumb_height": 316,
                "service_icon": "https:\/\/cdn.sstatic.net\/Sites\/stackoverflow\/img\/apple-touch-icon.png?v=c78bd457575a",
                "id": 1,
                "original_url": "https:\/\/stackoverflow.com\/questions\/42606837\/how-do-i-use-bash-on-windows-from-the-visual-studio-code-integrated-terminal"
            }
        ],
        "blocks": [
            {
                "type": "rich_text",
                "block_id": "4DtFV",
                "elements": [
                    {
                        "type": "rich_text_section",
                        "elements": [
                            {
                                "type": "text",
                                "text": "Now that you for sure have git bash installed, you may want to use it from the VS Code gui. It will likely be more convenient as we move forward in the curriculum.\n\nIn order to set the default shell for VS Code to Bash, (as opposed to powershell be default, on windows) you can follow the directions found here:\n"
                            },
                            {
                                "type": "link",
                                "url": "https:\/\/stackoverflow.com\/questions\/42606837\/how-do-i-use-bash-on-windows-from-the-visual-studio-code-integrated-terminal"
                            }
                        ]
                    }
                ]
            }
        ]
    },
    {
        "client_msg_id": "fe757cf6-33e1-41d0-9d97-c70baf91b97b",
        "type": "message",
        "text": "<https:\/\/youtu.be\/ZYEI_My-Buk|Career Services Overview | BCS Support>",
        "user": "U010Y90H4T0",
        "ts": "1585741015.036600",
        "team": "T0105GKDN1H",
        "user_team": "T0105GKDN1H",
        "source_team": "T0105GKDN1H",
        "user_profile": {
            "avatar_hash": "dab7da854ffb",
            "image_72": "https:\/\/avatars.slack-edge.com\/2020-03-27\/1017678411922_dab7da854ffb816e196d_72.jpg",
            "first_name": "Chris",
            "real_name": "Chris Murphy",
            "display_name": "Chris Murphy",
            "team": "T0105GKDN1H",
            "name": "christoph2005",
            "is_restricted": false,
            "is_ultra_restricted": false
        },
        "attachments": [
            {
                "service_name": "YouTube",
                "service_url": "https:\/\/www.youtube.com\/",
                "title": "Career Services Overview | BCS Support",
                "title_link": "https:\/\/youtu.be\/ZYEI_My-Buk",
                "author_name": "The Boot Camp",
                "author_link": "https:\/\/www.youtube.com\/channel\/UC2SYjKBTEOCtLEjVC6ixISw",
                "thumb_url": "https:\/\/i.ytimg.com\/vi\/ZYEI_My-Buk\/hqdefault.jpg",
                "thumb_width": 480,
                "thumb_height": 360,
                "fallback": "YouTube Video: Career Services Overview | BCS Support",
                "video_html": "<iframe width=\"400\" height=\"225\" src=\"https:\/\/www.youtube.com\/embed\/ZYEI_My-Buk?feature=oembed&autoplay=1&iv_load_policy=3\" frameborder=\"0\" allow=\"accelerometer; autoplay; encrypted-media; gyroscope; picture-in-picture\" allowfullscreen><\/iframe>",
                "video_html_width": 400,
                "video_html_height": 225,
                "from_url": "https:\/\/youtu.be\/ZYEI_My-Buk",
                "service_icon": "https:\/\/a.slack-edge.com\/80588\/img\/unfurl_icons\/youtube.png",
                "id": 1,
                "original_url": "https:\/\/youtu.be\/ZYEI_My-Buk"
            }
        ],
        "blocks": [
            {
                "type": "rich_text",
                "block_id": "Zha",
                "elements": [
                    {
                        "type": "rich_text_section",
                        "elements": [
                            {
                                "type": "link",
                                "url": "https:\/\/youtu.be\/ZYEI_My-Buk",
                                "text": "Career Services Overview | BCS Support"
                            }
                        ]
                    }
                ]
            }
        ]
    },
    {
        "client_msg_id": "b3d8bff1-7342-4c7b-8bce-7e07877fbdbe",
        "type": "message",
        "text": "<https:\/\/youtu.be\/n167oyB7mFo|Submitting Homework on BCS>",
        "user": "U010Y90H4T0",
        "ts": "1585741074.036900",
        "team": "T0105GKDN1H",
        "user_team": "T0105GKDN1H",
        "source_team": "T0105GKDN1H",
        "user_profile": {
            "avatar_hash": "dab7da854ffb",
            "image_72": "https:\/\/avatars.slack-edge.com\/2020-03-27\/1017678411922_dab7da854ffb816e196d_72.jpg",
            "first_name": "Chris",
            "real_name": "Chris Murphy",
            "display_name": "Chris Murphy",
            "team": "T0105GKDN1H",
            "name": "christoph2005",
            "is_restricted": false,
            "is_ultra_restricted": false
        },
        "attachments": [
            {
                "service_name": "YouTube",
                "service_url": "https:\/\/www.youtube.com\/",
                "title": "How To Submit Homework | BCS Support",
                "title_link": "https:\/\/youtu.be\/n167oyB7mFo",
                "author_name": "The Boot Camp",
                "author_link": "https:\/\/www.youtube.com\/channel\/UC2SYjKBTEOCtLEjVC6ixISw",
                "thumb_url": "https:\/\/i.ytimg.com\/vi\/n167oyB7mFo\/hqdefault.jpg",
                "thumb_width": 480,
                "thumb_height": 360,
                "fallback": "YouTube Video: How To Submit Homework | BCS Support",
                "video_html": "<iframe width=\"400\" height=\"225\" src=\"https:\/\/www.youtube.com\/embed\/n167oyB7mFo?feature=oembed&autoplay=1&iv_load_policy=3\" frameborder=\"0\" allow=\"accelerometer; autoplay; encrypted-media; gyroscope; picture-in-picture\" allowfullscreen><\/iframe>",
                "video_html_width": 400,
                "video_html_height": 225,
                "from_url": "https:\/\/youtu.be\/n167oyB7mFo",
                "service_icon": "https:\/\/a.slack-edge.com\/80588\/img\/unfurl_icons\/youtube.png",
                "id": 1,
                "original_url": "https:\/\/youtu.be\/n167oyB7mFo"
            }
        ],
        "blocks": [
            {
                "type": "rich_text",
                "block_id": "1aF9J",
                "elements": [
                    {
                        "type": "rich_text_section",
                        "elements": [
                            {
                                "type": "link",
                                "url": "https:\/\/youtu.be\/n167oyB7mFo",
                                "text": "Submitting Homework on BCS"
                            }
                        ]
                    }
                ]
            }
        ]
    },
    {
        "client_msg_id": "3d42b404-c0f2-4d82-81a1-fbbddd434328",
        "type": "message",
        "text": "Slack workspaces are all free plan based. There is a 10k limit. After 90 days, message will disappear.",
        "user": "U010Y90H4T0",
        "ts": "1585778286.037200",
        "team": "T0105GKDN1H",
        "user_team": "T0105GKDN1H",
        "source_team": "T0105GKDN1H",
        "user_profile": {
            "avatar_hash": "dab7da854ffb",
            "image_72": "https:\/\/avatars.slack-edge.com\/2020-03-27\/1017678411922_dab7da854ffb816e196d_72.jpg",
            "first_name": "Chris",
            "real_name": "Chris Murphy",
            "display_name": "Chris Murphy",
            "team": "T0105GKDN1H",
            "name": "christoph2005",
            "is_restricted": false,
            "is_ultra_restricted": false
        },
        "blocks": [
            {
                "type": "rich_text",
                "block_id": "cglk",
                "elements": [
                    {
                        "type": "rich_text_section",
                        "elements": [
                            {
                                "type": "text",
                                "text": "Slack workspaces are all free plan based. There is a 10k limit. After 90 days, message will disappear."
                            }
                        ]
                    }
                ]
            }
        ]
    },
    {
        "client_msg_id": "22732eb6-a3a9-425a-a1b8-ac2b9bd376d7",
        "type": "message",
        "text": "I will look into how to archive messages for future references, if possible",
        "user": "U010Y90H4T0",
        "ts": "1585778332.038300",
        "team": "T0105GKDN1H",
        "user_team": "T0105GKDN1H",
        "source_team": "T0105GKDN1H",
        "user_profile": {
            "avatar_hash": "dab7da854ffb",
            "image_72": "https:\/\/avatars.slack-edge.com\/2020-03-27\/1017678411922_dab7da854ffb816e196d_72.jpg",
            "first_name": "Chris",
            "real_name": "Chris Murphy",
            "display_name": "Chris Murphy",
            "team": "T0105GKDN1H",
            "name": "christoph2005",
            "is_restricted": false,
            "is_ultra_restricted": false
        },
        "blocks": [
            {
                "type": "rich_text",
                "block_id": "W3Uq",
                "elements": [
                    {
                        "type": "rich_text_section",
                        "elements": [
                            {
                                "type": "text",
                                "text": "I will look into how to archive messages for future references, if possible"
                            }
                        ]
                    }
                ]
            }
        ]
    }
]