[
    {
        "client_msg_id": "974017bb-5d8b-400f-b708-887c217150da",
        "type": "message",
        "text": "How's everyone holding up?",
        "user": "U010APCDU9F",
        "ts": "1585603939.023600",
        "team": "T0105GKDN1H",
        "user_team": "T0105GKDN1H",
        "source_team": "T0105GKDN1H",
        "user_profile": {
            "avatar_hash": "d44fbe708fa1",
            "image_72": "https:\/\/avatars.slack-edge.com\/2020-03-23\/1020879238357_d44fbe708fa1409cd3b9_72.jpg",
            "first_name": "",
            "real_name": "Eric Z",
            "display_name": "Eric Z",
            "team": "T0105GKDN1H",
            "name": "swissbizz88",
            "is_restricted": false,
            "is_ultra_restricted": false
        },
        "blocks": [
            {
                "type": "rich_text",
                "block_id": "rXZ",
                "elements": [
                    {
                        "type": "rich_text_section",
                        "elements": [
                            {
                                "type": "text",
                                "text": "How's everyone holding up?"
                            }
                        ]
                    }
                ]
            }
        ]
    },
    {
        "client_msg_id": "3f131dee-7526-4257-a615-a38f0395562c",
        "type": "message",
        "text": "Doing good and excited for tomorrow’s class! How about you <@U010APCDU9F>?",
        "user": "U010LJ07DTN",
        "ts": "1585613887.024500",
        "team": "T0105GKDN1H",
        "user_team": "T0105GKDN1H",
        "source_team": "T0105GKDN1H",
        "user_profile": {
            "avatar_hash": "2c52031105bc",
            "image_72": "https:\/\/avatars.slack-edge.com\/2020-03-23\/1009630606675_2c52031105bc8cd04410_72.jpg",
            "first_name": "",
            "real_name": "Juliana Hernandez",
            "display_name": "Juliana Hernandez",
            "team": "T0105GKDN1H",
            "name": "juliana88h",
            "is_restricted": false,
            "is_ultra_restricted": false
        },
        "blocks": [
            {
                "type": "rich_text",
                "block_id": "Uj1Mr",
                "elements": [
                    {
                        "type": "rich_text_section",
                        "elements": [
                            {
                                "type": "text",
                                "text": "Doing good and excited for tomorrow’s class! How about you "
                            },
                            {
                                "type": "user",
                                "user_id": "U010APCDU9F"
                            },
                            {
                                "type": "text",
                                "text": "?"
                            }
                        ]
                    }
                ]
            }
        ],
        "reactions": [
            {
                "name": "+1",
                "users": [
                    "U010APCDU9F"
                ],
                "count": 1
            }
        ]
    },
    {
        "client_msg_id": "3798bb5a-26a7-4e32-a365-1fe25d77e1d3",
        "type": "message",
        "text": "did we ever find out if there's an assigment or materials for tomorrow's class? I know they said materials will be available every Friday, but I'm not sure where...",
        "user": "U010AJPBC3B",
        "ts": "1585614309.025200",
        "team": "T0105GKDN1H",
        "user_team": "T0105GKDN1H",
        "source_team": "T0105GKDN1H",
        "user_profile": {
            "avatar_hash": "a7accc11904a",
            "image_72": "https:\/\/avatars.slack-edge.com\/2020-03-31\/1039823854836_a7accc11904a7e79e199_72.png",
            "first_name": "Krista",
            "real_name": "Krista Clarke",
            "display_name": "Krista C",
            "team": "T0105GKDN1H",
            "name": "kristaclarke82",
            "is_restricted": false,
            "is_ultra_restricted": false
        },
        "blocks": [
            {
                "type": "rich_text",
                "block_id": "YBK",
                "elements": [
                    {
                        "type": "rich_text_section",
                        "elements": [
                            {
                                "type": "text",
                                "text": "did we ever find out if there's an assigment or materials for tomorrow's class? I know they said materials will be available every Friday, but I'm not sure where..."
                            }
                        ]
                    }
                ]
            }
        ]
    },
    {
        "client_msg_id": "70fcbe8e-7986-4b27-8594-f647ccfcf0a7",
        "type": "message",
        "text": "There will be a homework assignment where you build a very simple (maybe not easy) webpage utilizing HTML, CSS and GitHub.\nThey will be graded for feedback, but will not affect your grade.\nWe will provide further details for you tomorrow during our session.\nOtherwise, please continue with the lesson plan that you should have access to on BCS.\nIf you have any further questions about this week, please don't hesitate to ask.",
        "user": "U010Y90H4T0",
        "ts": "1585617437.027800",
        "team": "T0105GKDN1H",
        "user_team": "T0105GKDN1H",
        "source_team": "T0105GKDN1H",
        "user_profile": {
            "avatar_hash": "dab7da854ffb",
            "image_72": "https:\/\/avatars.slack-edge.com\/2020-03-27\/1017678411922_dab7da854ffb816e196d_72.jpg",
            "first_name": "Chris",
            "real_name": "Chris Murphy",
            "display_name": "Chris Murphy",
            "team": "T0105GKDN1H",
            "name": "christoph2005",
            "is_restricted": false,
            "is_ultra_restricted": false
        },
        "blocks": [
            {
                "type": "rich_text",
                "block_id": "DoRx",
                "elements": [
                    {
                        "type": "rich_text_section",
                        "elements": [
                            {
                                "type": "text",
                                "text": "There will be a homework assignment where you build a very simple (maybe not easy) webpage utilizing HTML, CSS and GitHub.\nThey will be graded for feedback, but will not affect your grade.\nWe will provide further details for you tomorrow during our session.\nOtherwise, please continue with the lesson plan that you should have access to on BCS.\nIf you have any further questions about this week, please don't hesitate to ask."
                            }
                        ]
                    }
                ]
            }
        ],
        "reactions": [
            {
                "name": "star",
                "users": [
                    "U010ACLHD0R"
                ],
                "count": 1
            }
        ]
    }
]