[
    {
        "client_msg_id": "5a167cc8-d606-4919-a5a8-562ea27f82b0",
        "type": "message",
        "text": "Hey <@U010H0ZEZJL> ,\n\nI just want to clarify where this limits our boundaries as students interacting with other students. Are we able to discuss the current study topics together on this workspace, but we're not able to discuss homework solutions? Or are we able to discuss the current study topics together on other channels AND discuss homework solutions?\n\nThanks.",
        "user": "U010LJKUX44",
        "ts": "1585251752.005700",
        "team": "T0105GKDN1H",
        "user_team": "T0105GKDN1H",
        "source_team": "T0105GKDN1H",
        "user_profile": {
            "avatar_hash": "76dca6aade71",
            "image_72": "https:\/\/avatars.slack-edge.com\/2020-03-23\/1022739361382_76dca6aade71042586a7_72.png",
            "first_name": "",
            "real_name": "Hazel Kasusky",
            "display_name": "Hazel Kasusky",
            "team": "T0105GKDN1H",
            "name": "kasusky.music",
            "is_restricted": false,
            "is_ultra_restricted": false
        },
        "blocks": [
            {
                "type": "rich_text",
                "block_id": "DjhvF",
                "elements": [
                    {
                        "type": "rich_text_section",
                        "elements": [
                            {
                                "type": "text",
                                "text": "Hey "
                            },
                            {
                                "type": "user",
                                "user_id": "U010H0ZEZJL"
                            },
                            {
                                "type": "text",
                                "text": " ,\n\nI just want to clarify where this limits our boundaries as students interacting with other students. Are we able to discuss the current study topics together on this workspace, but we're not able to discuss homework solutions? Or are we able to discuss the current study topics together on other channels AND discuss homework solutions?\n\nThanks."
                            }
                        ]
                    }
                ]
            }
        ],
        "thread_ts": "1585251752.005700",
        "reply_count": 2,
        "reply_users_count": 2,
        "latest_reply": "1585362420.006600",
        "reply_users": [
            "U010H0ZEZJL",
            "U010LJKUX44"
        ],
        "replies": [
            {
                "user": "U010H0ZEZJL",
                "ts": "1585252417.005900"
            },
            {
                "user": "U010LJKUX44",
                "ts": "1585362420.006600"
            }
        ],
        "subscribed": false
    },
    {
        "client_msg_id": "6d149530-dc17-4a63-a970-2bb95325d22d",
        "type": "message",
        "text": "Hi Hazel, the disclosure basically states to be professional and curteous.  You can always discuss study topics, homework etc.  You will work a lot with you classmates and it is encouraged to form study groups.  There are several channels you will be posting in - class activities, ask the class, this one, etc.  Hope this helps clarify.",
        "user": "U010H0ZEZJL",
        "ts": "1585252417.005900",
        "team": "T0105GKDN1H",
        "user_team": "T0105GKDN1H",
        "source_team": "T0105GKDN1H",
        "user_profile": {
            "avatar_hash": "55214de1ed85",
            "image_72": "https:\/\/avatars.slack-edge.com\/2020-03-23\/1019499947508_55214de1ed85b10c7784_72.jpg",
            "first_name": "",
            "real_name": "Jeff Susmarski",
            "display_name": "Jeff Susmarski",
            "team": "T0105GKDN1H",
            "name": "jsusmarski",
            "is_restricted": false,
            "is_ultra_restricted": false
        },
        "blocks": [
            {
                "type": "rich_text",
                "block_id": "sc=C",
                "elements": [
                    {
                        "type": "rich_text_section",
                        "elements": [
                            {
                                "type": "text",
                                "text": "Hi Hazel, the disclosure basically states to be professional and curteous.  You can always discuss study topics, homework etc.  You will work a lot with you classmates and it is encouraged to form study groups.  There are several channels you will be posting in - class activities, ask the class, this one, etc.  Hope this helps clarify."
                            }
                        ]
                    }
                ]
            }
        ],
        "thread_ts": "1585251752.005700",
        "parent_user_id": "U010LJKUX44"
    }
]