[
    {
        "client_msg_id": "d1311f20-4ef7-45da-aa38-00dc49f465da",
        "type": "message",
        "text": "Career Services Videos Youtube Channel <https:\/\/www.youtube.com\/channel\/UCKTSy3Jsa2zczjAptE7isyQ>",
        "user": "U010LUDNEJU",
        "ts": "1585890340.038900",
        "team": "T0105GKDN1H",
        "user_team": "T0105GKDN1H",
        "source_team": "T0105GKDN1H",
        "user_profile": {
            "avatar_hash": "60a42db80d27",
            "image_72": "https:\/\/avatars.slack-edge.com\/2020-04-10\/1056102682051_60a42db80d27d72bc6b0_72.jpg",
            "first_name": "",
            "real_name": "Marc Martinez",
            "display_name": "Marc Martinez",
            "team": "T0105GKDN1H",
            "name": "marcmartinez987",
            "is_restricted": false,
            "is_ultra_restricted": false
        },
        "attachments": [
            {
                "service_name": "YouTube",
                "title": "Career Services",
                "title_link": "https:\/\/www.youtube.com\/channel\/UCKTSy3Jsa2zczjAptE7isyQ",
                "text": "Career Services Online Events for students of boot camps powered by Trilogy Education Services, a 2U, Inc. brand.",
                "fallback": "YouTube: Career Services",
                "thumb_url": "https:\/\/yt3.ggpht.com\/a\/AATXAJzRip3bSGlpSaLr1KS45JgXZfneDIIq0MFqWA=s900-c-k-c0xffffffff-no-rj-mo",
                "from_url": "https:\/\/www.youtube.com\/channel\/UCKTSy3Jsa2zczjAptE7isyQ",
                "thumb_width": 900,
                "thumb_height": 900,
                "service_icon": "https:\/\/s.ytimg.com\/yts\/img\/favicon-vfl8qSV2F.ico",
                "id": 1,
                "original_url": "https:\/\/www.youtube.com\/channel\/UCKTSy3Jsa2zczjAptE7isyQ"
            }
        ],
        "blocks": [
            {
                "type": "rich_text",
                "block_id": "jnY9",
                "elements": [
                    {
                        "type": "rich_text_section",
                        "elements": [
                            {
                                "type": "text",
                                "text": "Career Services Videos Youtube Channel "
                            },
                            {
                                "type": "link",
                                "url": "https:\/\/www.youtube.com\/channel\/UCKTSy3Jsa2zczjAptE7isyQ"
                            }
                        ]
                    }
                ]
            }
        ],
        "reactions": [
            {
                "name": "star2",
                "users": [
                    "U010Y90H4T0"
                ],
                "count": 1
            }
        ]
    }
]