[
    {
        "client_msg_id": "a48dd228-58cc-4a0d-8092-8b0b11090656",
        "type": "message",
        "text": "<https:\/\/uclax.bootcampcontent.com\/UCLA-Coding-Boot-Camp\/ucla-virt-fsf-pt-03-2020-u-lol\/tree\/master\/01-Week\/02-Homework\/Solutions|Homework 1: Solutions>",
        "user": "U010Y90H4T0",
        "ts": "1586879778.041600",
        "team": "T0105GKDN1H",
        "user_team": "T0105GKDN1H",
        "source_team": "T0105GKDN1H",
        "user_profile": {
            "avatar_hash": "dab7da854ffb",
            "image_72": "https:\/\/avatars.slack-edge.com\/2020-03-27\/1017678411922_dab7da854ffb816e196d_72.jpg",
            "first_name": "Chris",
            "real_name": "Chris Murphy",
            "display_name": "Chris Murphy",
            "team": "T0105GKDN1H",
            "name": "christoph2005",
            "is_restricted": false,
            "is_ultra_restricted": false
        },
        "attachments": [
            {
                "service_name": "GitLab",
                "title": "Sign in",
                "title_link": "https:\/\/uclax.bootcampcontent.com\/UCLA-Coding-Boot-Camp\/ucla-virt-fsf-pt-03-2020-u-lol\/tree\/master\/01-Week\/02-Homework\/Solutions",
                "text": "GitLab Community Edition",
                "fallback": "GitLab: Sign in",
                "thumb_url": "https:\/\/uclax.bootcampcontent.com\/assets\/gitlab_logo-7ae504fe4f68fdebb3c2034e36621930cd36ea87924c11ff65dbcb8ed50dca58.png",
                "from_url": "https:\/\/uclax.bootcampcontent.com\/UCLA-Coding-Boot-Camp\/ucla-virt-fsf-pt-03-2020-u-lol\/tree\/master\/01-Week\/02-Homework\/Solutions",
                "thumb_width": 128,
                "thumb_height": 128,
                "service_icon": "https:\/\/uclax.bootcampcontent.com\/assets\/touch-icon-iphone-5a9cee0e8a51212e70b90c87c12f382c428870c0ff67d1eb034d884b78d2dae7.png",
                "id": 1,
                "original_url": "https:\/\/uclax.bootcampcontent.com\/UCLA-Coding-Boot-Camp\/ucla-virt-fsf-pt-03-2020-u-lol\/tree\/master\/01-Week\/02-Homework\/Solutions"
            }
        ],
        "blocks": [
            {
                "type": "rich_text",
                "block_id": "+f0",
                "elements": [
                    {
                        "type": "rich_text_section",
                        "elements": [
                            {
                                "type": "link",
                                "url": "https:\/\/uclax.bootcampcontent.com\/UCLA-Coding-Boot-Camp\/ucla-virt-fsf-pt-03-2020-u-lol\/tree\/master\/01-Week\/02-Homework\/Solutions",
                                "text": "Homework 1: Solutions"
                            }
                        ]
                    }
                ]
            }
        ]
    }
]