[
    {
        "client_msg_id": "cc65cb17-5bee-4df1-9da8-3a7925e0c47f",
        "type": "message",
        "text": "welcome",
        "user": "U010AJPBC3B",
        "ts": "1585161056.000800",
        "team": "T0105GKDN1H",
        "user_team": "T0105GKDN1H",
        "source_team": "T0105GKDN1H",
        "user_profile": {
            "avatar_hash": "a7accc11904a",
            "image_72": "https:\/\/avatars.slack-edge.com\/2020-03-31\/1039823854836_a7accc11904a7e79e199_72.png",
            "first_name": "Krista",
            "real_name": "Krista Clarke",
            "display_name": "Krista C",
            "team": "T0105GKDN1H",
            "name": "kristaclarke82",
            "is_restricted": false,
            "is_ultra_restricted": false
        },
        "blocks": [
            {
                "type": "rich_text",
                "block_id": "tpn",
                "elements": [
                    {
                        "type": "rich_text_section",
                        "elements": [
                            {
                                "type": "text",
                                "text": "welcome"
                            }
                        ]
                    }
                ]
            }
        ]
    },
    {
        "client_msg_id": "ee56cbb7-d8c2-49ed-a1ec-d2c794007835",
        "type": "message",
        "text": "*Purpose* \nThis Slack channel is provided as a courtesy by TES to our student, and continued access and use to the Slack channel is subject to the discretion of TES as described below. To provide a way to engage with members of your Bootcamp. When you made the decision to join our boot camp program, you not only made a commitment to work diligently to earn your certificate of completion but you also committed to doing so by adhering to the University's student code of conduct.  Violations of these guidelines may result in your discontinued access to this Slack channel. \n\n• Get to know each other \n• Share knowledge and common interests\n• Give advice and problem solve together\n\n\n\n*Not for:*\n*A good way to decide if you should post a Slack message or not is to consider if you would say this in a public classroom setting and\/or work environment. Slack is no different, it's just virtual.*\n\n\n\n• Treat this slack channel in the same manner, you would any professional environment when it comes to language and professional behavior. Inappropriate language can include any language that in any way looks like, sounds like, or abbreviates any of the following: profanity, sexual content, or explicit language, or harassment.\n• Bullying other members or being disrespectful or condescending.   Bullying can also include inappropriate remarks relating to anyone’s ethnicity, religious background, sexual orientation, gender identity. It can also include making fun of, teasing, or harassing other members about their ideas, questions, or concerns. A good rule of thumb here is if you don't have anything nice to say, then please, don't say anything at all.\n• Conversations relating to any illegal activity, including illegal drugs or drug paraphernalia, are strictly prohibited\n• Sexual harassment, which includes remarks that can be perceived as provocative or sexual in nature, which includes comments towards individuals or one gender entirely\n• Promoting irrelevant content (promoting a friend or family member’s business, fundraiser or activities unrelated to the tech community)\n\nEscalations:\n• If you feel any user\/member violates these guidelines, please email your Program Support Manager at <mailto:jsusmarski@bootcampspot.com|jsusmarski@bootcampspot.com> and Regional Director <mailto:bwatson@bootcamspot.com|bwatson@bootcamspot.com>\n• Violations of these guidelines may result in your discontinued access to this Slack channel or as may otherwise be described in the student code of conduct\n",
        "user": "U010H0ZEZJL",
        "ts": "1585179723.001000",
        "team": "T0105GKDN1H",
        "user_team": "T0105GKDN1H",
        "source_team": "T0105GKDN1H",
        "user_profile": {
            "avatar_hash": "55214de1ed85",
            "image_72": "https:\/\/avatars.slack-edge.com\/2020-03-23\/1019499947508_55214de1ed85b10c7784_72.jpg",
            "first_name": "",
            "real_name": "Jeff Susmarski",
            "display_name": "Jeff Susmarski",
            "team": "T0105GKDN1H",
            "name": "jsusmarski",
            "is_restricted": false,
            "is_ultra_restricted": false
        },
        "blocks": [
            {
                "type": "rich_text",
                "block_id": "+peVz",
                "elements": [
                    {
                        "type": "rich_text_section",
                        "elements": [
                            {
                                "type": "text",
                                "text": "Purpose ",
                                "style": {
                                    "bold": true
                                }
                            },
                            {
                                "type": "text",
                                "text": "\nThis Slack channel is provided as a courtesy by TES to our student, and continued access and use to the Slack channel is subject to the discretion of TES as described below. To provide a way to engage with members of your Bootcamp. When you made the decision to join our boot camp program, you not only made a commitment to work diligently to earn your certificate of completion but you also committed to doing so by adhering to the University's student code of conduct.  Violations of these guidelines may result in your discontinued access to this Slack channel. \n\n"
                            }
                        ]
                    },
                    {
                        "type": "rich_text_list",
                        "elements": [
                            {
                                "type": "rich_text_section",
                                "elements": [
                                    {
                                        "type": "text",
                                        "text": "Get to know each other "
                                    }
                                ]
                            },
                            {
                                "type": "rich_text_section",
                                "elements": [
                                    {
                                        "type": "text",
                                        "text": "Share knowledge and common interests"
                                    }
                                ]
                            },
                            {
                                "type": "rich_text_section",
                                "elements": [
                                    {
                                        "type": "text",
                                        "text": "Give advice and problem solve together"
                                    }
                                ]
                            }
                        ],
                        "style": "bullet",
                        "indent": 0
                    },
                    {
                        "type": "rich_text_section",
                        "elements": [
                            {
                                "type": "text",
                                "text": "\n\n\n\n"
                            },
                            {
                                "type": "text",
                                "text": "Not for:",
                                "style": {
                                    "bold": true
                                }
                            },
                            {
                                "type": "text",
                                "text": "\n"
                            },
                            {
                                "type": "text",
                                "text": "A good way to decide if you should post a Slack message or not is to consider if you would say this in a public classroom setting and\/or work environment. Slack is no different, it's just virtual.",
                                "style": {
                                    "bold": true
                                }
                            },
                            {
                                "type": "text",
                                "text": "\n\n\n\n"
                            }
                        ]
                    },
                    {
                        "type": "rich_text_list",
                        "elements": [
                            {
                                "type": "rich_text_section",
                                "elements": [
                                    {
                                        "type": "text",
                                        "text": "Treat this slack channel in the same manner, you would any professional environment when it comes to language and professional behavior. Inappropriate language can include any language that in any way looks like, sounds like, or abbreviates any of the following: profanity, sexual content, or explicit language, or harassment."
                                    }
                                ]
                            },
                            {
                                "type": "rich_text_section",
                                "elements": [
                                    {
                                        "type": "text",
                                        "text": "Bullying other members or being disrespectful or condescending.   Bullying can also include inappropriate remarks relating to anyone’s ethnicity, religious background, sexual orientation, gender identity. It can also include making fun of, teasing, or harassing other members about their ideas, questions, or concerns. A good rule of thumb here is if you don't have anything nice to say, then please, don't say anything at all."
                                    }
                                ]
                            },
                            {
                                "type": "rich_text_section",
                                "elements": [
                                    {
                                        "type": "text",
                                        "text": "Conversations relating to any illegal activity, including illegal drugs or drug paraphernalia, are strictly prohibited"
                                    }
                                ]
                            },
                            {
                                "type": "rich_text_section",
                                "elements": [
                                    {
                                        "type": "text",
                                        "text": "Sexual harassment, which includes remarks that can be perceived as provocative or sexual in nature, which includes comments towards individuals or one gender entirely"
                                    }
                                ]
                            },
                            {
                                "type": "rich_text_section",
                                "elements": [
                                    {
                                        "type": "text",
                                        "text": "Promoting irrelevant content (promoting a friend or family member’s business, fundraiser or activities unrelated to the tech community)"
                                    }
                                ]
                            }
                        ],
                        "style": "bullet",
                        "indent": 0
                    },
                    {
                        "type": "rich_text_section",
                        "elements": [
                            {
                                "type": "text",
                                "text": "\n\nEscalations:\n"
                            }
                        ]
                    },
                    {
                        "type": "rich_text_list",
                        "elements": [
                            {
                                "type": "rich_text_section",
                                "elements": [
                                    {
                                        "type": "text",
                                        "text": "If you feel any user\/member violates these guidelines, please email your Program Support Manager at "
                                    },
                                    {
                                        "type": "link",
                                        "url": "mailto:jsusmarski@bootcampspot.com",
                                        "text": "jsusmarski@bootcampspot.com"
                                    },
                                    {
                                        "type": "text",
                                        "text": " and Regional Director "
                                    },
                                    {
                                        "type": "link",
                                        "url": "mailto:bwatson@bootcamspot.com",
                                        "text": "bwatson@bootcamspot.com"
                                    }
                                ]
                            },
                            {
                                "type": "rich_text_section",
                                "elements": [
                                    {
                                        "type": "text",
                                        "text": "Violations of these guidelines may result in your discontinued access to this Slack channel or as may otherwise be described in the student code of conduct"
                                    }
                                ]
                            }
                        ],
                        "style": "bullet",
                        "indent": 0
                    },
                    {
                        "type": "rich_text_section",
                        "elements": []
                    }
                ]
            }
        ],
        "reactions": [
            {
                "name": "+1::skin-tone-3",
                "users": [
                    "U010M0LB2V6",
                    "U010KG4F57W"
                ],
                "count": 2
            },
            {
                "name": "thumbsup_all",
                "users": [
                    "U010AP9JH4Z",
                    "U010LJ07DTN"
                ],
                "count": 2
            },
            {
                "name": "+1",
                "users": [
                    "U010AJPBC3B"
                ],
                "count": 1
            }
        ]
    }
]