[
    {
        "client_msg_id": "ffcc4e8b-2c99-456d-8814-95d6d2d960ff",
        "type": "message",
        "text": "Thanks that helped me figure it WAY faster :laughing:",
        "user": "U010LHWSG4U",
        "ts": "1585387249.007000",
        "team": "T0105GKDN1H",
        "user_team": "T0105GKDN1H",
        "source_team": "T0105GKDN1H",
        "user_profile": {
            "avatar_hash": "94c7660ade93",
            "image_72": "https:\/\/avatars.slack-edge.com\/2020-03-25\/1015453574355_94c7660ade93297788be_72.jpg",
            "first_name": "",
            "real_name": "Sandra Romero",
            "display_name": "Sandra Romero",
            "team": "T0105GKDN1H",
            "name": "sandymarieromero",
            "is_restricted": false,
            "is_ultra_restricted": false
        },
        "blocks": [
            {
                "type": "rich_text",
                "block_id": "rr2im",
                "elements": [
                    {
                        "type": "rich_text_section",
                        "elements": [
                            {
                                "type": "text",
                                "text": "Thanks that helped me figure it WAY faster "
                            },
                            {
                                "type": "emoji",
                                "name": "laughing"
                            }
                        ]
                    }
                ]
            }
        ],
        "thread_ts": "1585008801.009000",
        "parent_user_id": "U010NLX5YVD"
    },
    {
        "type": "message",
        "text": "",
        "files": [
            {
                "id": "F010PC0LZB3",
                "created": 1585428754,
                "timestamp": 1585428754,
                "name": "Michael Hoffman Speed Test.zip",
                "title": "Michael Hoffman Speed Test.zip",
                "mimetype": "application\/zip",
                "filetype": "zip",
                "pretty_type": "Zip",
                "user": "U010NLX5YVD",
                "editable": false,
                "size": 16677,
                "mode": "hosted",
                "is_external": false,
                "external_type": "",
                "is_public": true,
                "public_url_shared": false,
                "display_as_bot": false,
                "username": "",
                "url_private": "https:\/\/files.slack.com\/files-pri\/T0105GKDN1H-F010PC0LZB3\/michael_hoffman_speed_test.zip?t=xoxe-1005563464051-1077300145892-1094973465936-b91b441389dd5f41adba77ce94586498",
                "url_private_download": "https:\/\/files.slack.com\/files-pri\/T0105GKDN1H-F010PC0LZB3\/download\/michael_hoffman_speed_test.zip?t=xoxe-1005563464051-1077300145892-1094973465936-b91b441389dd5f41adba77ce94586498",
                "permalink": "https:\/\/uclavirtfsfpt-96r8630.slack.com\/files\/U010NLX5YVD\/F010PC0LZB3\/michael_hoffman_speed_test.zip",
                "permalink_public": "https:\/\/slack-files.com\/T0105GKDN1H-F010PC0LZB3-246b8d11b2",
                "is_starred": false,
                "has_rich_preview": false
            }
        ],
        "upload": true,
        "user": "U010NLX5YVD",
        "display_as_bot": false,
        "ts": "1585428755.007500",
        "client_msg_id": "62cc1aa1-fbef-40be-8973-8c729d60d132"
    },
    {
        "type": "message",
        "text": "",
        "files": [
            {
                "id": "F010ZBD8DSR",
                "created": 1585428764,
                "timestamp": 1585428764,
                "name": "speed test.zip",
                "title": "speed test.zip",
                "mimetype": "application\/zip",
                "filetype": "zip",
                "pretty_type": "Zip",
                "user": "U01086WUV5Y",
                "editable": false,
                "size": 189382,
                "mode": "hosted",
                "is_external": false,
                "external_type": "",
                "is_public": true,
                "public_url_shared": false,
                "display_as_bot": false,
                "username": "",
                "url_private": "https:\/\/files.slack.com\/files-pri\/T0105GKDN1H-F010ZBD8DSR\/speed_test.zip?t=xoxe-1005563464051-1077300145892-1094973465936-b91b441389dd5f41adba77ce94586498",
                "url_private_download": "https:\/\/files.slack.com\/files-pri\/T0105GKDN1H-F010ZBD8DSR\/download\/speed_test.zip?t=xoxe-1005563464051-1077300145892-1094973465936-b91b441389dd5f41adba77ce94586498",
                "permalink": "https:\/\/uclavirtfsfpt-96r8630.slack.com\/files\/U01086WUV5Y\/F010ZBD8DSR\/speed_test.zip",
                "permalink_public": "https:\/\/slack-files.com\/T0105GKDN1H-F010ZBD8DSR-e43cba955b",
                "is_starred": false,
                "has_rich_preview": false
            }
        ],
        "upload": true,
        "user": "U01086WUV5Y",
        "display_as_bot": false,
        "ts": "1585428766.007900",
        "client_msg_id": "10a11578-dac0-46ab-87f0-bf795de4b87e"
    },
    {
        "type": "message",
        "text": "",
        "files": [
            {
                "id": "F01119B1JAJ",
                "created": 1585428800,
                "timestamp": 1585428800,
                "name": "SpeedTest.zip",
                "title": "SpeedTest.zip",
                "mimetype": "application\/zip",
                "filetype": "zip",
                "pretty_type": "Zip",
                "user": "U010AP9JH4Z",
                "editable": false,
                "size": 73553,
                "mode": "hosted",
                "is_external": false,
                "external_type": "",
                "is_public": true,
                "public_url_shared": false,
                "display_as_bot": false,
                "username": "",
                "url_private": "https:\/\/files.slack.com\/files-pri\/T0105GKDN1H-F01119B1JAJ\/speedtest.zip?t=xoxe-1005563464051-1077300145892-1094973465936-b91b441389dd5f41adba77ce94586498",
                "url_private_download": "https:\/\/files.slack.com\/files-pri\/T0105GKDN1H-F01119B1JAJ\/download\/speedtest.zip?t=xoxe-1005563464051-1077300145892-1094973465936-b91b441389dd5f41adba77ce94586498",
                "permalink": "https:\/\/uclavirtfsfpt-96r8630.slack.com\/files\/U010AP9JH4Z\/F01119B1JAJ\/speedtest.zip",
                "permalink_public": "https:\/\/slack-files.com\/T0105GKDN1H-F01119B1JAJ-be24fe9c0e",
                "is_starred": false,
                "has_rich_preview": false
            }
        ],
        "upload": true,
        "user": "U010AP9JH4Z",
        "display_as_bot": false,
        "ts": "1585428802.008300",
        "client_msg_id": "5cb13208-c27e-4baf-a8af-cf4681e60d76"
    },
    {
        "type": "message",
        "text": "",
        "files": [
            {
                "id": "F0111DNBEFR",
                "created": 1585428820,
                "timestamp": 1585428820,
                "name": "Juliana Speed Test.zip",
                "title": "Juliana Speed Test.zip",
                "mimetype": "application\/zip",
                "filetype": "zip",
                "pretty_type": "Zip",
                "user": "U010LJ07DTN",
                "editable": false,
                "size": 51603,
                "mode": "hosted",
                "is_external": false,
                "external_type": "",
                "is_public": true,
                "public_url_shared": false,
                "display_as_bot": false,
                "username": "",
                "url_private": "https:\/\/files.slack.com\/files-pri\/T0105GKDN1H-F0111DNBEFR\/juliana_speed_test.zip?t=xoxe-1005563464051-1077300145892-1094973465936-b91b441389dd5f41adba77ce94586498",
                "url_private_download": "https:\/\/files.slack.com\/files-pri\/T0105GKDN1H-F0111DNBEFR\/download\/juliana_speed_test.zip?t=xoxe-1005563464051-1077300145892-1094973465936-b91b441389dd5f41adba77ce94586498",
                "permalink": "https:\/\/uclavirtfsfpt-96r8630.slack.com\/files\/U010LJ07DTN\/F0111DNBEFR\/juliana_speed_test.zip",
                "permalink_public": "https:\/\/slack-files.com\/T0105GKDN1H-F0111DNBEFR-d382d5dcb2",
                "is_starred": false,
                "has_rich_preview": false
            }
        ],
        "upload": true,
        "user": "U010LJ07DTN",
        "display_as_bot": false,
        "ts": "1585428821.008600",
        "client_msg_id": "a287a39e-badc-4c6f-bad5-1e7c4fd9e112"
    },
    {
        "type": "message",
        "text": "",
        "files": [
            {
                "id": "F010PC1A0GZ",
                "created": 1585428833,
                "timestamp": 1585428833,
                "name": "Speed Test.zip",
                "title": "Speed Test.zip",
                "mimetype": "application\/zip",
                "filetype": "zip",
                "pretty_type": "Zip",
                "user": "U010M0LB2V6",
                "editable": false,
                "size": 13774,
                "mode": "hosted",
                "is_external": false,
                "external_type": "",
                "is_public": true,
                "public_url_shared": false,
                "display_as_bot": false,
                "username": "",
                "url_private": "https:\/\/files.slack.com\/files-pri\/T0105GKDN1H-F010PC1A0GZ\/speed_test.zip?t=xoxe-1005563464051-1077300145892-1094973465936-b91b441389dd5f41adba77ce94586498",
                "url_private_download": "https:\/\/files.slack.com\/files-pri\/T0105GKDN1H-F010PC1A0GZ\/download\/speed_test.zip?t=xoxe-1005563464051-1077300145892-1094973465936-b91b441389dd5f41adba77ce94586498",
                "permalink": "https:\/\/uclavirtfsfpt-96r8630.slack.com\/files\/U010M0LB2V6\/F010PC1A0GZ\/speed_test.zip",
                "permalink_public": "https:\/\/slack-files.com\/T0105GKDN1H-F010PC1A0GZ-ce620c20ba",
                "is_starred": false,
                "has_rich_preview": false
            }
        ],
        "upload": true,
        "user": "U010M0LB2V6",
        "display_as_bot": false,
        "ts": "1585428834.009200",
        "client_msg_id": "155a4e7c-da04-446e-91f3-8fdb1ede9a68"
    },
    {
        "type": "message",
        "text": "speed test",
        "files": [
            {
                "id": "F010ZCTRK2L",
                "created": 1585428839,
                "timestamp": 1585428839,
                "name": "speed test.zip",
                "title": "speed test.zip",
                "mimetype": "application\/zip",
                "filetype": "zip",
                "pretty_type": "Zip",
                "user": "U010NLDPJ2J",
                "editable": false,
                "size": 284009,
                "mode": "hosted",
                "is_external": false,
                "external_type": "",
                "is_public": true,
                "public_url_shared": false,
                "display_as_bot": false,
                "username": "",
                "url_private": "https:\/\/files.slack.com\/files-pri\/T0105GKDN1H-F010ZCTRK2L\/speed_test.zip?t=xoxe-1005563464051-1077300145892-1094973465936-b91b441389dd5f41adba77ce94586498",
                "url_private_download": "https:\/\/files.slack.com\/files-pri\/T0105GKDN1H-F010ZCTRK2L\/download\/speed_test.zip?t=xoxe-1005563464051-1077300145892-1094973465936-b91b441389dd5f41adba77ce94586498",
                "permalink": "https:\/\/uclavirtfsfpt-96r8630.slack.com\/files\/U010NLDPJ2J\/F010ZCTRK2L\/speed_test.zip",
                "permalink_public": "https:\/\/slack-files.com\/T0105GKDN1H-F010ZCTRK2L-e04569b636",
                "is_starred": false,
                "has_rich_preview": false
            }
        ],
        "upload": true,
        "blocks": [
            {
                "type": "rich_text",
                "block_id": "2GfW\/",
                "elements": [
                    {
                        "type": "rich_text_section",
                        "elements": [
                            {
                                "type": "text",
                                "text": "speed test"
                            }
                        ]
                    }
                ]
            }
        ],
        "user": "U010NLDPJ2J",
        "display_as_bot": false,
        "ts": "1585428841.009700",
        "client_msg_id": "8fc5bc5c-a185-43ef-9b40-d81cc53a7811"
    },
    {
        "type": "message",
        "text": "",
        "files": [
            {
                "id": "F010ZCTQPR6",
                "created": 1585428835,
                "timestamp": 1585428835,
                "name": "Speed Test.zip",
                "title": "Speed Test.zip",
                "mimetype": "application\/zip",
                "filetype": "zip",
                "pretty_type": "Zip",
                "user": "U010B06SPMX",
                "editable": false,
                "size": 1865476,
                "mode": "hosted",
                "is_external": false,
                "external_type": "",
                "is_public": true,
                "public_url_shared": false,
                "display_as_bot": false,
                "username": "",
                "url_private": "https:\/\/files.slack.com\/files-pri\/T0105GKDN1H-F010ZCTQPR6\/speed_test.zip?t=xoxe-1005563464051-1077300145892-1094973465936-b91b441389dd5f41adba77ce94586498",
                "url_private_download": "https:\/\/files.slack.com\/files-pri\/T0105GKDN1H-F010ZCTQPR6\/download\/speed_test.zip?t=xoxe-1005563464051-1077300145892-1094973465936-b91b441389dd5f41adba77ce94586498",
                "permalink": "https:\/\/uclavirtfsfpt-96r8630.slack.com\/files\/U010B06SPMX\/F010ZCTQPR6\/speed_test.zip",
                "permalink_public": "https:\/\/slack-files.com\/T0105GKDN1H-F010ZCTQPR6-37bb8604a7",
                "is_starred": false,
                "has_rich_preview": false
            }
        ],
        "upload": true,
        "user": "U010B06SPMX",
        "display_as_bot": false,
        "ts": "1585428841.010000",
        "client_msg_id": "fe1e0d63-129e-461e-ae91-ca87141e1890"
    },
    {
        "type": "message",
        "text": "Screen Test",
        "files": [
            {
                "id": "F0111DNLLH5",
                "created": 1585428859,
                "timestamp": 1585428859,
                "name": "Screen Test.png",
                "title": "Screen Test.png",
                "mimetype": "image\/png",
                "filetype": "png",
                "pretty_type": "PNG",
                "user": "U0109GZP6HH",
                "editable": false,
                "size": 53446,
                "mode": "hosted",
                "is_external": false,
                "external_type": "",
                "is_public": true,
                "public_url_shared": false,
                "display_as_bot": false,
                "username": "",
                "url_private": "https:\/\/files.slack.com\/files-pri\/T0105GKDN1H-F0111DNLLH5\/screen_test.png?t=xoxe-1005563464051-1077300145892-1094973465936-b91b441389dd5f41adba77ce94586498",
                "url_private_download": "https:\/\/files.slack.com\/files-pri\/T0105GKDN1H-F0111DNLLH5\/download\/screen_test.png?t=xoxe-1005563464051-1077300145892-1094973465936-b91b441389dd5f41adba77ce94586498",
                "thumb_64": "https:\/\/files.slack.com\/files-tmb\/T0105GKDN1H-F0111DNLLH5-dad4d85119\/screen_test_64.png?t=xoxe-1005563464051-1077300145892-1094973465936-b91b441389dd5f41adba77ce94586498",
                "thumb_80": "https:\/\/files.slack.com\/files-tmb\/T0105GKDN1H-F0111DNLLH5-dad4d85119\/screen_test_80.png?t=xoxe-1005563464051-1077300145892-1094973465936-b91b441389dd5f41adba77ce94586498",
                "thumb_360": "https:\/\/files.slack.com\/files-tmb\/T0105GKDN1H-F0111DNLLH5-dad4d85119\/screen_test_360.png?t=xoxe-1005563464051-1077300145892-1094973465936-b91b441389dd5f41adba77ce94586498",
                "thumb_360_w": 360,
                "thumb_360_h": 162,
                "thumb_480": "https:\/\/files.slack.com\/files-tmb\/T0105GKDN1H-F0111DNLLH5-dad4d85119\/screen_test_480.png?t=xoxe-1005563464051-1077300145892-1094973465936-b91b441389dd5f41adba77ce94586498",
                "thumb_480_w": 480,
                "thumb_480_h": 216,
                "thumb_160": "https:\/\/files.slack.com\/files-tmb\/T0105GKDN1H-F0111DNLLH5-dad4d85119\/screen_test_160.png?t=xoxe-1005563464051-1077300145892-1094973465936-b91b441389dd5f41adba77ce94586498",
                "image_exif_rotation": 1,
                "original_w": 717,
                "original_h": 323,
                "thumb_tiny": "AwAVADClg07+HHekxx1pR07flTAVTgYIpG5PFNNFADyRjHemY+lOz7Cm0AFKDx0pKKACiiigAooooA\/\/2Q==",
                "permalink": "https:\/\/uclavirtfsfpt-96r8630.slack.com\/files\/U0109GZP6HH\/F0111DNLLH5\/screen_test.png",
                "permalink_public": "https:\/\/slack-files.com\/T0105GKDN1H-F0111DNLLH5-b7a9daa120",
                "is_starred": false,
                "has_rich_preview": false
            }
        ],
        "upload": true,
        "blocks": [
            {
                "type": "rich_text",
                "block_id": "83oVg",
                "elements": [
                    {
                        "type": "rich_text_section",
                        "elements": [
                            {
                                "type": "text",
                                "text": "Screen Test"
                            }
                        ]
                    }
                ]
            }
        ],
        "user": "U0109GZP6HH",
        "display_as_bot": false,
        "ts": "1585428863.010600",
        "client_msg_id": "0c753feb-bc06-4fb9-9745-794bb3aa3d0d"
    },
    {
        "type": "message",
        "text": "Speed test",
        "files": [
            {
                "id": "F0111DNKVP1",
                "created": 1585428857,
                "timestamp": 1585428857,
                "name": "Speed Test.zip",
                "title": "Speed Test.zip",
                "mimetype": "application\/zip",
                "filetype": "zip",
                "pretty_type": "Zip",
                "user": "U010HBPMX5G",
                "editable": false,
                "size": 3382178,
                "mode": "hosted",
                "is_external": false,
                "external_type": "",
                "is_public": true,
                "public_url_shared": false,
                "display_as_bot": false,
                "username": "",
                "url_private": "https:\/\/files.slack.com\/files-pri\/T0105GKDN1H-F0111DNKVP1\/speed_test.zip?t=xoxe-1005563464051-1077300145892-1094973465936-b91b441389dd5f41adba77ce94586498",
                "url_private_download": "https:\/\/files.slack.com\/files-pri\/T0105GKDN1H-F0111DNKVP1\/download\/speed_test.zip?t=xoxe-1005563464051-1077300145892-1094973465936-b91b441389dd5f41adba77ce94586498",
                "permalink": "https:\/\/uclavirtfsfpt-96r8630.slack.com\/files\/U010HBPMX5G\/F0111DNKVP1\/speed_test.zip",
                "permalink_public": "https:\/\/slack-files.com\/T0105GKDN1H-F0111DNKVP1-3fce757e79",
                "is_starred": false,
                "has_rich_preview": false
            }
        ],
        "upload": true,
        "blocks": [
            {
                "type": "rich_text",
                "block_id": "zBcV",
                "elements": [
                    {
                        "type": "rich_text_section",
                        "elements": [
                            {
                                "type": "text",
                                "text": "Speed test"
                            }
                        ]
                    }
                ]
            }
        ],
        "user": "U010HBPMX5G",
        "display_as_bot": false,
        "ts": "1585428864.010900",
        "client_msg_id": "7f4fa91e-f468-47bd-a608-e89c543b3d88"
    },
    {
        "type": "message",
        "text": "",
        "files": [
            {
                "id": "F0111DNNJSK",
                "created": 1585428868,
                "timestamp": 1585428868,
                "name": "Yoon Ho Ryoo Speedtest.zip",
                "title": "Yoon Ho Ryoo Speedtest.zip",
                "mimetype": "application\/zip",
                "filetype": "zip",
                "pretty_type": "Zip",
                "user": "U0107MTT526",
                "editable": false,
                "size": 31138,
                "mode": "hosted",
                "is_external": false,
                "external_type": "",
                "is_public": true,
                "public_url_shared": false,
                "display_as_bot": false,
                "username": "",
                "url_private": "https:\/\/files.slack.com\/files-pri\/T0105GKDN1H-F0111DNNJSK\/yoon_ho_ryoo_speedtest.zip?t=xoxe-1005563464051-1077300145892-1094973465936-b91b441389dd5f41adba77ce94586498",
                "url_private_download": "https:\/\/files.slack.com\/files-pri\/T0105GKDN1H-F0111DNNJSK\/download\/yoon_ho_ryoo_speedtest.zip?t=xoxe-1005563464051-1077300145892-1094973465936-b91b441389dd5f41adba77ce94586498",
                "permalink": "https:\/\/uclavirtfsfpt-96r8630.slack.com\/files\/U0107MTT526\/F0111DNNJSK\/yoon_ho_ryoo_speedtest.zip",
                "permalink_public": "https:\/\/slack-files.com\/T0105GKDN1H-F0111DNNJSK-39875c4a3d",
                "is_starred": false,
                "has_rich_preview": false
            }
        ],
        "upload": true,
        "user": "U0107MTT526",
        "display_as_bot": false,
        "ts": "1585428869.011300",
        "client_msg_id": "8e12300c-4f82-43bc-89e2-081ebfe7b558"
    },
    {
        "type": "message",
        "text": "",
        "files": [
            {
                "id": "F010YTW2U2Y",
                "created": 1585428869,
                "timestamp": 1585428869,
                "name": "Speed Test.zip",
                "title": "Speed Test.zip",
                "mimetype": "application\/zip",
                "filetype": "zip",
                "pretty_type": "Zip",
                "user": "U010KG4F57W",
                "editable": false,
                "size": 154237,
                "mode": "hosted",
                "is_external": false,
                "external_type": "",
                "is_public": true,
                "public_url_shared": false,
                "display_as_bot": false,
                "username": "",
                "url_private": "https:\/\/files.slack.com\/files-pri\/T0105GKDN1H-F010YTW2U2Y\/speed_test.zip?t=xoxe-1005563464051-1077300145892-1094973465936-b91b441389dd5f41adba77ce94586498",
                "url_private_download": "https:\/\/files.slack.com\/files-pri\/T0105GKDN1H-F010YTW2U2Y\/download\/speed_test.zip?t=xoxe-1005563464051-1077300145892-1094973465936-b91b441389dd5f41adba77ce94586498",
                "permalink": "https:\/\/uclavirtfsfpt-96r8630.slack.com\/files\/U010KG4F57W\/F010YTW2U2Y\/speed_test.zip",
                "permalink_public": "https:\/\/slack-files.com\/T0105GKDN1H-F010YTW2U2Y-faf111e457",
                "is_starred": false,
                "has_rich_preview": false
            }
        ],
        "upload": true,
        "user": "U010KG4F57W",
        "display_as_bot": false,
        "ts": "1585428871.011700",
        "client_msg_id": "8ea653b7-1c01-4729-b639-62b504779b82"
    },
    {
        "type": "message",
        "text": "",
        "files": [
            {
                "id": "F010PC1JSBT",
                "created": 1585428871,
                "timestamp": 1585428871,
                "name": "Speedtest.zip",
                "title": "Speedtest.zip",
                "mimetype": "application\/zip",
                "filetype": "zip",
                "pretty_type": "Zip",
                "user": "U010ACLHD0R",
                "editable": false,
                "size": 96583,
                "mode": "hosted",
                "is_external": false,
                "external_type": "",
                "is_public": true,
                "public_url_shared": false,
                "display_as_bot": false,
                "username": "",
                "url_private": "https:\/\/files.slack.com\/files-pri\/T0105GKDN1H-F010PC1JSBT\/speedtest.zip?t=xoxe-1005563464051-1077300145892-1094973465936-b91b441389dd5f41adba77ce94586498",
                "url_private_download": "https:\/\/files.slack.com\/files-pri\/T0105GKDN1H-F010PC1JSBT\/download\/speedtest.zip?t=xoxe-1005563464051-1077300145892-1094973465936-b91b441389dd5f41adba77ce94586498",
                "permalink": "https:\/\/uclavirtfsfpt-96r8630.slack.com\/files\/U010ACLHD0R\/F010PC1JSBT\/speedtest.zip",
                "permalink_public": "https:\/\/slack-files.com\/T0105GKDN1H-F010PC1JSBT-7447877f41",
                "is_starred": false,
                "has_rich_preview": false
            }
        ],
        "upload": true,
        "user": "U010ACLHD0R",
        "display_as_bot": false,
        "ts": "1585428872.012100",
        "client_msg_id": "8f69b716-2a45-4e9c-8c84-2ee87909dad4"
    },
    {
        "type": "message",
        "text": "",
        "files": [
            {
                "id": "F010MUDHVB5",
                "created": 1585428892,
                "timestamp": 1585428892,
                "name": "Speedtest.zip",
                "title": "Speedtest.zip",
                "mimetype": "application\/zip",
                "filetype": "zip",
                "pretty_type": "Zip",
                "user": "U010LEW7V2R",
                "editable": false,
                "size": 69618,
                "mode": "hosted",
                "is_external": false,
                "external_type": "",
                "is_public": true,
                "public_url_shared": false,
                "display_as_bot": false,
                "username": "",
                "url_private": "https:\/\/files.slack.com\/files-pri\/T0105GKDN1H-F010MUDHVB5\/speedtest.zip?t=xoxe-1005563464051-1077300145892-1094973465936-b91b441389dd5f41adba77ce94586498",
                "url_private_download": "https:\/\/files.slack.com\/files-pri\/T0105GKDN1H-F010MUDHVB5\/download\/speedtest.zip?t=xoxe-1005563464051-1077300145892-1094973465936-b91b441389dd5f41adba77ce94586498",
                "permalink": "https:\/\/uclavirtfsfpt-96r8630.slack.com\/files\/U010LEW7V2R\/F010MUDHVB5\/speedtest.zip",
                "permalink_public": "https:\/\/slack-files.com\/T0105GKDN1H-F010MUDHVB5-9caadcbedd",
                "is_starred": false,
                "has_rich_preview": false
            }
        ],
        "upload": true,
        "user": "U010LEW7V2R",
        "display_as_bot": false,
        "ts": "1585428894.012500",
        "client_msg_id": "7c3497d4-bfa8-47d2-86b0-2d9426d5bcc7"
    },
    {
        "type": "message",
        "text": "",
        "files": [
            {
                "id": "F010ZCUBT7S",
                "created": 1585428907,
                "timestamp": 1585428907,
                "name": "Speed Test.zip",
                "title": "Speed Test.zip",
                "mimetype": "application\/zip",
                "filetype": "zip",
                "pretty_type": "Zip",
                "user": "U010P7ZMAP3",
                "editable": false,
                "size": 77938,
                "mode": "hosted",
                "is_external": false,
                "external_type": "",
                "is_public": true,
                "public_url_shared": false,
                "display_as_bot": false,
                "username": "",
                "url_private": "https:\/\/files.slack.com\/files-pri\/T0105GKDN1H-F010ZCUBT7S\/speed_test.zip?t=xoxe-1005563464051-1077300145892-1094973465936-b91b441389dd5f41adba77ce94586498",
                "url_private_download": "https:\/\/files.slack.com\/files-pri\/T0105GKDN1H-F010ZCUBT7S\/download\/speed_test.zip?t=xoxe-1005563464051-1077300145892-1094973465936-b91b441389dd5f41adba77ce94586498",
                "permalink": "https:\/\/uclavirtfsfpt-96r8630.slack.com\/files\/U010P7ZMAP3\/F010ZCUBT7S\/speed_test.zip",
                "permalink_public": "https:\/\/slack-files.com\/T0105GKDN1H-F010ZCUBT7S-42b67fbdd0",
                "is_starred": false,
                "has_rich_preview": false
            }
        ],
        "upload": true,
        "user": "U010P7ZMAP3",
        "display_as_bot": false,
        "ts": "1585428909.012900",
        "client_msg_id": "5c802993-8795-4cb0-9ea2-38cd4d7b0a2b"
    },
    {
        "type": "message",
        "text": "",
        "files": [
            {
                "id": "F010MUDRZ27",
                "created": 1585428926,
                "timestamp": 1585428926,
                "name": "Screen Shot 2020-03-28 at 1.51.59 PM.zip",
                "title": "Screen Shot 2020-03-28 at 1.51.59 PM.zip",
                "mimetype": "application\/zip",
                "filetype": "zip",
                "pretty_type": "Zip",
                "user": "U010NQC5BN3",
                "editable": false,
                "size": 219289,
                "mode": "hosted",
                "is_external": false,
                "external_type": "",
                "is_public": true,
                "public_url_shared": false,
                "display_as_bot": false,
                "username": "",
                "url_private": "https:\/\/files.slack.com\/files-pri\/T0105GKDN1H-F010MUDRZ27\/screen_shot_2020-03-28_at_1.51.59_pm.zip?t=xoxe-1005563464051-1077300145892-1094973465936-b91b441389dd5f41adba77ce94586498",
                "url_private_download": "https:\/\/files.slack.com\/files-pri\/T0105GKDN1H-F010MUDRZ27\/download\/screen_shot_2020-03-28_at_1.51.59_pm.zip?t=xoxe-1005563464051-1077300145892-1094973465936-b91b441389dd5f41adba77ce94586498",
                "permalink": "https:\/\/uclavirtfsfpt-96r8630.slack.com\/files\/U010NQC5BN3\/F010MUDRZ27\/screen_shot_2020-03-28_at_1.51.59_pm.zip",
                "permalink_public": "https:\/\/slack-files.com\/T0105GKDN1H-F010MUDRZ27-d2e4302ee0",
                "is_starred": false,
                "has_rich_preview": false
            }
        ],
        "upload": true,
        "user": "U010NQC5BN3",
        "display_as_bot": false,
        "ts": "1585428928.013200",
        "client_msg_id": "8f069a57-0a0e-44d2-9c39-e271b8977ac1"
    },
    {
        "type": "message",
        "text": "",
        "files": [
            {
                "id": "F010PC23EQ1",
                "created": 1585428931,
                "timestamp": 1585428931,
                "name": "Speedtest.zip",
                "title": "Speedtest.zip",
                "mimetype": "application\/zip",
                "filetype": "zip",
                "pretty_type": "Zip",
                "user": "U010LJKUX44",
                "editable": false,
                "size": 62241,
                "mode": "hosted",
                "is_external": false,
                "external_type": "",
                "is_public": true,
                "public_url_shared": false,
                "display_as_bot": false,
                "username": "",
                "url_private": "https:\/\/files.slack.com\/files-pri\/T0105GKDN1H-F010PC23EQ1\/speedtest.zip?t=xoxe-1005563464051-1077300145892-1094973465936-b91b441389dd5f41adba77ce94586498",
                "url_private_download": "https:\/\/files.slack.com\/files-pri\/T0105GKDN1H-F010PC23EQ1\/download\/speedtest.zip?t=xoxe-1005563464051-1077300145892-1094973465936-b91b441389dd5f41adba77ce94586498",
                "permalink": "https:\/\/uclavirtfsfpt-96r8630.slack.com\/files\/U010LJKUX44\/F010PC23EQ1\/speedtest.zip",
                "permalink_public": "https:\/\/slack-files.com\/T0105GKDN1H-F010PC23EQ1-c5d20d0168",
                "is_starred": false,
                "has_rich_preview": false
            }
        ],
        "upload": true,
        "user": "U010LJKUX44",
        "display_as_bot": false,
        "ts": "1585428933.013600",
        "client_msg_id": "c45f71b6-4fb6-40dd-a948-4df2f31b3046"
    },
    {
        "type": "message",
        "text": "",
        "files": [
            {
                "id": "F010ZBEL5CM",
                "created": 1585428940,
                "timestamp": 1585428940,
                "name": "Speedtest.zip",
                "title": "Speedtest.zip",
                "mimetype": "application\/zip",
                "filetype": "zip",
                "pretty_type": "Zip",
                "user": "U010Y90H4T0",
                "editable": false,
                "size": 52810,
                "mode": "hosted",
                "is_external": false,
                "external_type": "",
                "is_public": true,
                "public_url_shared": false,
                "display_as_bot": false,
                "username": "",
                "url_private": "https:\/\/files.slack.com\/files-pri\/T0105GKDN1H-F010ZBEL5CM\/speedtest.zip?t=xoxe-1005563464051-1077300145892-1094973465936-b91b441389dd5f41adba77ce94586498",
                "url_private_download": "https:\/\/files.slack.com\/files-pri\/T0105GKDN1H-F010ZBEL5CM\/download\/speedtest.zip?t=xoxe-1005563464051-1077300145892-1094973465936-b91b441389dd5f41adba77ce94586498",
                "permalink": "https:\/\/uclavirtfsfpt-96r8630.slack.com\/files\/U010Y90H4T0\/F010ZBEL5CM\/speedtest.zip",
                "permalink_public": "https:\/\/slack-files.com\/T0105GKDN1H-F010ZBEL5CM-8db0b24564",
                "is_starred": false,
                "has_rich_preview": false
            }
        ],
        "upload": true,
        "user": "U010Y90H4T0",
        "display_as_bot": false,
        "ts": "1585428942.013900",
        "client_msg_id": "2cdb7d07-c359-4350-9f72-d036b1ade917"
    },
    {
        "type": "message",
        "text": "",
        "files": [
            {
                "id": "F0111DPBS5V",
                "created": 1585428946,
                "timestamp": 1585428946,
                "name": "SpeedTest.zip",
                "title": "SpeedTest.zip",
                "mimetype": "application\/zip",
                "filetype": "zip",
                "pretty_type": "Zip",
                "user": "U010M13U1FS",
                "editable": false,
                "size": 180107,
                "mode": "hosted",
                "is_external": false,
                "external_type": "",
                "is_public": true,
                "public_url_shared": false,
                "display_as_bot": false,
                "username": "",
                "url_private": "https:\/\/files.slack.com\/files-pri\/T0105GKDN1H-F0111DPBS5V\/speedtest.zip?t=xoxe-1005563464051-1077300145892-1094973465936-b91b441389dd5f41adba77ce94586498",
                "url_private_download": "https:\/\/files.slack.com\/files-pri\/T0105GKDN1H-F0111DPBS5V\/download\/speedtest.zip?t=xoxe-1005563464051-1077300145892-1094973465936-b91b441389dd5f41adba77ce94586498",
                "permalink": "https:\/\/uclavirtfsfpt-96r8630.slack.com\/files\/U010M13U1FS\/F0111DPBS5V\/speedtest.zip",
                "permalink_public": "https:\/\/slack-files.com\/T0105GKDN1H-F0111DPBS5V-14d0b13cd1",
                "is_starred": false,
                "has_rich_preview": false
            }
        ],
        "upload": true,
        "user": "U010M13U1FS",
        "display_as_bot": false,
        "ts": "1585428948.014200",
        "client_msg_id": "4060e02a-0713-4800-938b-bde2a2043949"
    },
    {
        "type": "message",
        "text": "",
        "files": [
            {
                "id": "F0111DPBNNT",
                "created": 1585428946,
                "timestamp": 1585428946,
                "name": "SpeetestYP.zip",
                "title": "SpeetestYP.zip",
                "mimetype": "application\/zip",
                "filetype": "zip",
                "pretty_type": "Zip",
                "user": "U010LRKMSKX",
                "editable": false,
                "size": 73426,
                "mode": "hosted",
                "is_external": false,
                "external_type": "",
                "is_public": true,
                "public_url_shared": false,
                "display_as_bot": false,
                "username": "",
                "url_private": "https:\/\/files.slack.com\/files-pri\/T0105GKDN1H-F0111DPBNNT\/speetestyp.zip?t=xoxe-1005563464051-1077300145892-1094973465936-b91b441389dd5f41adba77ce94586498",
                "url_private_download": "https:\/\/files.slack.com\/files-pri\/T0105GKDN1H-F0111DPBNNT\/download\/speetestyp.zip?t=xoxe-1005563464051-1077300145892-1094973465936-b91b441389dd5f41adba77ce94586498",
                "permalink": "https:\/\/uclavirtfsfpt-96r8630.slack.com\/files\/U010LRKMSKX\/F0111DPBNNT\/speetestyp.zip",
                "permalink_public": "https:\/\/slack-files.com\/T0105GKDN1H-F0111DPBNNT-6540ba5f9b",
                "is_starred": false,
                "has_rich_preview": false
            }
        ],
        "upload": true,
        "user": "U010LRKMSKX",
        "display_as_bot": false,
        "ts": "1585428948.014500",
        "client_msg_id": "3f3e8615-caa6-49be-a237-81221e347974"
    },
    {
        "type": "message",
        "text": "Speed Test",
        "files": [
            {
                "id": "F010PC2BC1F",
                "created": 1585428966,
                "timestamp": 1585428966,
                "name": "SpeedTestAhana.zip",
                "title": "SpeedTestAhana.zip",
                "mimetype": "application\/zip",
                "filetype": "zip",
                "pretty_type": "Zip",
                "user": "U010M2FV6HK",
                "editable": false,
                "size": 154927,
                "mode": "hosted",
                "is_external": false,
                "external_type": "",
                "is_public": true,
                "public_url_shared": false,
                "display_as_bot": false,
                "username": "",
                "url_private": "https:\/\/files.slack.com\/files-pri\/T0105GKDN1H-F010PC2BC1F\/speedtestahana.zip?t=xoxe-1005563464051-1077300145892-1094973465936-b91b441389dd5f41adba77ce94586498",
                "url_private_download": "https:\/\/files.slack.com\/files-pri\/T0105GKDN1H-F010PC2BC1F\/download\/speedtestahana.zip?t=xoxe-1005563464051-1077300145892-1094973465936-b91b441389dd5f41adba77ce94586498",
                "permalink": "https:\/\/uclavirtfsfpt-96r8630.slack.com\/files\/U010M2FV6HK\/F010PC2BC1F\/speedtestahana.zip",
                "permalink_public": "https:\/\/slack-files.com\/T0105GKDN1H-F010PC2BC1F-d01b4b5043",
                "is_starred": false,
                "has_rich_preview": false
            }
        ],
        "upload": true,
        "blocks": [
            {
                "type": "rich_text",
                "block_id": "imZ=P",
                "elements": [
                    {
                        "type": "rich_text_section",
                        "elements": [
                            {
                                "type": "text",
                                "text": "Speed Test"
                            }
                        ]
                    }
                ]
            }
        ],
        "user": "U010M2FV6HK",
        "display_as_bot": false,
        "ts": "1585428969.015000",
        "client_msg_id": "0bc46497-4680-4977-b1e0-e97ad9104b0c"
    },
    {
        "type": "message",
        "text": "",
        "files": [
            {
                "id": "F010ZCUS0BA",
                "created": 1585428967,
                "timestamp": 1585428967,
                "name": "Speedtest.zip",
                "title": "Speedtest.zip",
                "mimetype": "application\/zip",
                "filetype": "zip",
                "pretty_type": "Zip",
                "user": "U010T8GS82C",
                "editable": false,
                "size": 132490,
                "mode": "hosted",
                "is_external": false,
                "external_type": "",
                "is_public": true,
                "public_url_shared": false,
                "display_as_bot": false,
                "username": "",
                "url_private": "https:\/\/files.slack.com\/files-pri\/T0105GKDN1H-F010ZCUS0BA\/speedtest.zip?t=xoxe-1005563464051-1077300145892-1094973465936-b91b441389dd5f41adba77ce94586498",
                "url_private_download": "https:\/\/files.slack.com\/files-pri\/T0105GKDN1H-F010ZCUS0BA\/download\/speedtest.zip?t=xoxe-1005563464051-1077300145892-1094973465936-b91b441389dd5f41adba77ce94586498",
                "permalink": "https:\/\/uclavirtfsfpt-96r8630.slack.com\/files\/U010T8GS82C\/F010ZCUS0BA\/speedtest.zip",
                "permalink_public": "https:\/\/slack-files.com\/T0105GKDN1H-F010ZCUS0BA-aad17ed049",
                "is_starred": false,
                "has_rich_preview": false
            }
        ],
        "upload": true,
        "user": "U010T8GS82C",
        "display_as_bot": false,
        "ts": "1585428969.015300",
        "client_msg_id": "06d0e279-4d44-4d62-9624-29e0b59740ea"
    },
    {
        "type": "message",
        "text": "",
        "files": [
            {
                "id": "F010PC2E733",
                "created": 1585428979,
                "timestamp": 1585428979,
                "name": "Speedtest.zip",
                "title": "Speedtest.zip",
                "mimetype": "application\/zip",
                "filetype": "zip",
                "pretty_type": "Zip",
                "user": "U010PSR7BT6",
                "editable": false,
                "size": 62742,
                "mode": "hosted",
                "is_external": false,
                "external_type": "",
                "is_public": true,
                "public_url_shared": false,
                "display_as_bot": false,
                "username": "",
                "url_private": "https:\/\/files.slack.com\/files-pri\/T0105GKDN1H-F010PC2E733\/speedtest.zip?t=xoxe-1005563464051-1077300145892-1094973465936-b91b441389dd5f41adba77ce94586498",
                "url_private_download": "https:\/\/files.slack.com\/files-pri\/T0105GKDN1H-F010PC2E733\/download\/speedtest.zip?t=xoxe-1005563464051-1077300145892-1094973465936-b91b441389dd5f41adba77ce94586498",
                "permalink": "https:\/\/uclavirtfsfpt-96r8630.slack.com\/files\/U010PSR7BT6\/F010PC2E733\/speedtest.zip",
                "permalink_public": "https:\/\/slack-files.com\/T0105GKDN1H-F010PC2E733-47327c4c4f",
                "is_starred": false,
                "has_rich_preview": false
            }
        ],
        "upload": true,
        "user": "U010PSR7BT6",
        "display_as_bot": false,
        "ts": "1585428980.015800",
        "client_msg_id": "8b7c7e09-e7da-4f49-a692-af5276431346"
    },
    {
        "type": "message",
        "text": "",
        "files": [
            {
                "id": "F0111DPM2G7",
                "created": 1585428989,
                "timestamp": 1585428989,
                "name": "Screen Test.zip",
                "title": "Screen Test.zip",
                "mimetype": "application\/zip",
                "filetype": "zip",
                "pretty_type": "Zip",
                "user": "U0109GZP6HH",
                "editable": false,
                "size": 51787,
                "mode": "hosted",
                "is_external": false,
                "external_type": "",
                "is_public": true,
                "public_url_shared": false,
                "display_as_bot": false,
                "username": "",
                "url_private": "https:\/\/files.slack.com\/files-pri\/T0105GKDN1H-F0111DPM2G7\/screen_test.zip?t=xoxe-1005563464051-1077300145892-1094973465936-b91b441389dd5f41adba77ce94586498",
                "url_private_download": "https:\/\/files.slack.com\/files-pri\/T0105GKDN1H-F0111DPM2G7\/download\/screen_test.zip?t=xoxe-1005563464051-1077300145892-1094973465936-b91b441389dd5f41adba77ce94586498",
                "permalink": "https:\/\/uclavirtfsfpt-96r8630.slack.com\/files\/U0109GZP6HH\/F0111DPM2G7\/screen_test.zip",
                "permalink_public": "https:\/\/slack-files.com\/T0105GKDN1H-F0111DPM2G7-3eb121246f",
                "is_starred": false,
                "has_rich_preview": false
            }
        ],
        "upload": true,
        "user": "U0109GZP6HH",
        "display_as_bot": false,
        "ts": "1585428991.016200",
        "client_msg_id": "d8f3d183-2336-4e08-856d-2aafa068b593"
    },
    {
        "type": "message",
        "text": "",
        "files": [
            {
                "id": "F010MUEAQJX",
                "created": 1585428988,
                "timestamp": 1585428988,
                "name": "Speedtest.zip",
                "title": "Speedtest.zip",
                "mimetype": "application\/zip",
                "filetype": "zip",
                "pretty_type": "Zip",
                "user": "U010B4FCHCZ",
                "editable": false,
                "size": 146470,
                "mode": "hosted",
                "is_external": false,
                "external_type": "",
                "is_public": true,
                "public_url_shared": false,
                "display_as_bot": false,
                "username": "",
                "url_private": "https:\/\/files.slack.com\/files-pri\/T0105GKDN1H-F010MUEAQJX\/speedtest.zip?t=xoxe-1005563464051-1077300145892-1094973465936-b91b441389dd5f41adba77ce94586498",
                "url_private_download": "https:\/\/files.slack.com\/files-pri\/T0105GKDN1H-F010MUEAQJX\/download\/speedtest.zip?t=xoxe-1005563464051-1077300145892-1094973465936-b91b441389dd5f41adba77ce94586498",
                "permalink": "https:\/\/uclavirtfsfpt-96r8630.slack.com\/files\/U010B4FCHCZ\/F010MUEAQJX\/speedtest.zip",
                "permalink_public": "https:\/\/slack-files.com\/T0105GKDN1H-F010MUEAQJX-b595f9b295",
                "is_starred": false,
                "has_rich_preview": false
            }
        ],
        "upload": true,
        "user": "U010B4FCHCZ",
        "display_as_bot": false,
        "ts": "1585428992.016500",
        "client_msg_id": "96425420-9536-47ab-b962-cc7e557a420d"
    },
    {
        "type": "message",
        "text": "",
        "files": [
            {
                "id": "F010YTX3EUU",
                "created": 1585428999,
                "timestamp": 1585428999,
                "name": "speed test.JPG",
                "title": "speed test.JPG",
                "mimetype": "image\/jpeg",
                "filetype": "jpg",
                "pretty_type": "JPEG",
                "user": "U010LHWSG4U",
                "editable": false,
                "size": 89867,
                "mode": "hosted",
                "is_external": false,
                "external_type": "",
                "is_public": true,
                "public_url_shared": false,
                "display_as_bot": false,
                "username": "",
                "url_private": "https:\/\/files.slack.com\/files-pri\/T0105GKDN1H-F010YTX3EUU\/speed_test.jpg?t=xoxe-1005563464051-1077300145892-1094973465936-b91b441389dd5f41adba77ce94586498",
                "url_private_download": "https:\/\/files.slack.com\/files-pri\/T0105GKDN1H-F010YTX3EUU\/download\/speed_test.jpg?t=xoxe-1005563464051-1077300145892-1094973465936-b91b441389dd5f41adba77ce94586498",
                "thumb_64": "https:\/\/files.slack.com\/files-tmb\/T0105GKDN1H-F010YTX3EUU-cec04fca17\/speed_test_64.jpg?t=xoxe-1005563464051-1077300145892-1094973465936-b91b441389dd5f41adba77ce94586498",
                "thumb_80": "https:\/\/files.slack.com\/files-tmb\/T0105GKDN1H-F010YTX3EUU-cec04fca17\/speed_test_80.jpg?t=xoxe-1005563464051-1077300145892-1094973465936-b91b441389dd5f41adba77ce94586498",
                "thumb_360": "https:\/\/files.slack.com\/files-tmb\/T0105GKDN1H-F010YTX3EUU-cec04fca17\/speed_test_360.jpg?t=xoxe-1005563464051-1077300145892-1094973465936-b91b441389dd5f41adba77ce94586498",
                "thumb_360_w": 360,
                "thumb_360_h": 357,
                "thumb_480": "https:\/\/files.slack.com\/files-tmb\/T0105GKDN1H-F010YTX3EUU-cec04fca17\/speed_test_480.jpg?t=xoxe-1005563464051-1077300145892-1094973465936-b91b441389dd5f41adba77ce94586498",
                "thumb_480_w": 480,
                "thumb_480_h": 476,
                "thumb_160": "https:\/\/files.slack.com\/files-tmb\/T0105GKDN1H-F010YTX3EUU-cec04fca17\/speed_test_160.jpg?t=xoxe-1005563464051-1077300145892-1094973465936-b91b441389dd5f41adba77ce94586498",
                "thumb_720": "https:\/\/files.slack.com\/files-tmb\/T0105GKDN1H-F010YTX3EUU-cec04fca17\/speed_test_720.jpg?t=xoxe-1005563464051-1077300145892-1094973465936-b91b441389dd5f41adba77ce94586498",
                "thumb_720_w": 720,
                "thumb_720_h": 715,
                "thumb_800": "https:\/\/files.slack.com\/files-tmb\/T0105GKDN1H-F010YTX3EUU-cec04fca17\/speed_test_800.jpg?t=xoxe-1005563464051-1077300145892-1094973465936-b91b441389dd5f41adba77ce94586498",
                "thumb_800_w": 800,
                "thumb_800_h": 794,
                "image_exif_rotation": 1,
                "original_w": 937,
                "original_h": 930,
                "thumb_tiny": "AwAvADChuPt+VXbexSaFXZ2BYdsVRpyjimBo\/wBmxf8APR\/0pkljFGP9Y36VSKjGec0pUY4zQBZNqm7757dhT5LFERiGbABOeKphRjvmkI4PH6UAMp6\/d60ypI0L5AKjHqaBB2pB1qQxMFJ3oce9RZ56\/pQCdx\/y+n60jYxxTSfekzQMSiiigApR1oHJo6GgANJSgn1oOc80Af\/Z",
                "permalink": "https:\/\/uclavirtfsfpt-96r8630.slack.com\/files\/U010LHWSG4U\/F010YTX3EUU\/speed_test.jpg",
                "permalink_public": "https:\/\/slack-files.com\/T0105GKDN1H-F010YTX3EUU-71e1fe62e4",
                "is_starred": false,
                "has_rich_preview": false
            }
        ],
        "upload": true,
        "user": "U010LHWSG4U",
        "display_as_bot": false,
        "ts": "1585429002.016900",
        "client_msg_id": "05b7565d-3cc6-468e-be97-320a1d088e66"
    },
    {
        "type": "message",
        "text": "",
        "files": [
            {
                "id": "F0111DPQQT1",
                "created": 1585429005,
                "timestamp": 1585429005,
                "name": "Speed Test.zip",
                "title": "Speed Test.zip",
                "mimetype": "application\/zip",
                "filetype": "zip",
                "pretty_type": "Zip",
                "user": "U010B5G5KHP",
                "editable": false,
                "size": 2496448,
                "mode": "hosted",
                "is_external": false,
                "external_type": "",
                "is_public": true,
                "public_url_shared": false,
                "display_as_bot": false,
                "username": "",
                "url_private": "https:\/\/files.slack.com\/files-pri\/T0105GKDN1H-F0111DPQQT1\/speed_test.zip?t=xoxe-1005563464051-1077300145892-1094973465936-b91b441389dd5f41adba77ce94586498",
                "url_private_download": "https:\/\/files.slack.com\/files-pri\/T0105GKDN1H-F0111DPQQT1\/download\/speed_test.zip?t=xoxe-1005563464051-1077300145892-1094973465936-b91b441389dd5f41adba77ce94586498",
                "permalink": "https:\/\/uclavirtfsfpt-96r8630.slack.com\/files\/U010B5G5KHP\/F0111DPQQT1\/speed_test.zip",
                "permalink_public": "https:\/\/slack-files.com\/T0105GKDN1H-F0111DPQQT1-fb487506d0",
                "is_starred": false,
                "has_rich_preview": false
            }
        ],
        "upload": true,
        "user": "U010B5G5KHP",
        "display_as_bot": false,
        "ts": "1585429007.017200",
        "client_msg_id": "9a182b76-9828-413b-9b87-ff8025bbf058"
    },
    {
        "type": "message",
        "text": "",
        "files": [
            {
                "id": "F01119CNKP0",
                "created": 1585429018,
                "timestamp": 1585429018,
                "name": "speed test.zip",
                "title": "speed test.zip",
                "mimetype": "application\/zip",
                "filetype": "zip",
                "pretty_type": "Zip",
                "user": "U010H71MH8A",
                "editable": false,
                "size": 192470,
                "mode": "hosted",
                "is_external": false,
                "external_type": "",
                "is_public": true,
                "public_url_shared": false,
                "display_as_bot": false,
                "username": "",
                "url_private": "https:\/\/files.slack.com\/files-pri\/T0105GKDN1H-F01119CNKP0\/speed_test.zip?t=xoxe-1005563464051-1077300145892-1094973465936-b91b441389dd5f41adba77ce94586498",
                "url_private_download": "https:\/\/files.slack.com\/files-pri\/T0105GKDN1H-F01119CNKP0\/download\/speed_test.zip?t=xoxe-1005563464051-1077300145892-1094973465936-b91b441389dd5f41adba77ce94586498",
                "permalink": "https:\/\/uclavirtfsfpt-96r8630.slack.com\/files\/U010H71MH8A\/F01119CNKP0\/speed_test.zip",
                "permalink_public": "https:\/\/slack-files.com\/T0105GKDN1H-F01119CNKP0-892fabb135",
                "is_starred": false,
                "has_rich_preview": false
            }
        ],
        "upload": true,
        "user": "U010H71MH8A",
        "display_as_bot": false,
        "ts": "1585429019.017600",
        "client_msg_id": "b93d203f-e5b4-4365-adde-ac04c5709f06"
    },
    {
        "type": "message",
        "text": "(Sorry to anyone who has the alarm on)",
        "files": [
            {
                "id": "F010PC30BL1",
                "created": 1585429045,
                "timestamp": 1585429045,
                "name": "MFSpeedtest.zip",
                "title": "MFSpeedtest.zip",
                "mimetype": "application\/zip",
                "filetype": "zip",
                "pretty_type": "Zip",
                "user": "U010L2Z8M7F",
                "editable": false,
                "size": 56000,
                "mode": "hosted",
                "is_external": false,
                "external_type": "",
                "is_public": true,
                "public_url_shared": false,
                "display_as_bot": false,
                "username": "",
                "url_private": "https:\/\/files.slack.com\/files-pri\/T0105GKDN1H-F010PC30BL1\/mfspeedtest.zip?t=xoxe-1005563464051-1077300145892-1094973465936-b91b441389dd5f41adba77ce94586498",
                "url_private_download": "https:\/\/files.slack.com\/files-pri\/T0105GKDN1H-F010PC30BL1\/download\/mfspeedtest.zip?t=xoxe-1005563464051-1077300145892-1094973465936-b91b441389dd5f41adba77ce94586498",
                "permalink": "https:\/\/uclavirtfsfpt-96r8630.slack.com\/files\/U010L2Z8M7F\/F010PC30BL1\/mfspeedtest.zip",
                "permalink_public": "https:\/\/slack-files.com\/T0105GKDN1H-F010PC30BL1-9977921ec0",
                "is_starred": false,
                "has_rich_preview": false
            }
        ],
        "upload": true,
        "blocks": [
            {
                "type": "rich_text",
                "block_id": "bLn",
                "elements": [
                    {
                        "type": "rich_text_section",
                        "elements": [
                            {
                                "type": "text",
                                "text": "(Sorry to anyone who has the alarm on)"
                            }
                        ]
                    }
                ]
            }
        ],
        "user": "U010L2Z8M7F",
        "display_as_bot": false,
        "ts": "1585429047.018000",
        "client_msg_id": "47cff00f-a451-4578-9fd4-4cffdc173ab7"
    },
    {
        "type": "message",
        "text": "",
        "files": [
            {
                "id": "F01119D1006",
                "created": 1585429050,
                "timestamp": 1585429050,
                "name": "speedtest.zip",
                "title": "speedtest.zip",
                "mimetype": "application\/zip",
                "filetype": "zip",
                "pretty_type": "Zip",
                "user": "U010AJPBC3B",
                "editable": false,
                "size": 4273117,
                "mode": "hosted",
                "is_external": false,
                "external_type": "",
                "is_public": true,
                "public_url_shared": false,
                "display_as_bot": false,
                "username": "",
                "url_private": "https:\/\/files.slack.com\/files-pri\/T0105GKDN1H-F01119D1006\/speedtest.zip?t=xoxe-1005563464051-1077300145892-1094973465936-b91b441389dd5f41adba77ce94586498",
                "url_private_download": "https:\/\/files.slack.com\/files-pri\/T0105GKDN1H-F01119D1006\/download\/speedtest.zip?t=xoxe-1005563464051-1077300145892-1094973465936-b91b441389dd5f41adba77ce94586498",
                "permalink": "https:\/\/uclavirtfsfpt-96r8630.slack.com\/files\/U010AJPBC3B\/F01119D1006\/speedtest.zip",
                "permalink_public": "https:\/\/slack-files.com\/T0105GKDN1H-F01119D1006-14f53e8b2c",
                "is_starred": false,
                "has_rich_preview": false
            }
        ],
        "upload": true,
        "user": "U010AJPBC3B",
        "display_as_bot": false,
        "ts": "1585429070.018400",
        "client_msg_id": "434ef98b-1c2a-43e7-9350-99cc299cca5a"
    },
    {
        "type": "message",
        "text": "",
        "files": [
            {
                "id": "F010ZCVNKSL",
                "created": 1585429080,
                "timestamp": 1585429080,
                "name": "Speedtest.zip",
                "title": "Speedtest.zip",
                "mimetype": "application\/zip",
                "filetype": "zip",
                "pretty_type": "Zip",
                "user": "U010M34SKMK",
                "editable": false,
                "size": 110220,
                "mode": "hosted",
                "is_external": false,
                "external_type": "",
                "is_public": true,
                "public_url_shared": false,
                "display_as_bot": false,
                "username": "",
                "url_private": "https:\/\/files.slack.com\/files-pri\/T0105GKDN1H-F010ZCVNKSL\/speedtest.zip?t=xoxe-1005563464051-1077300145892-1094973465936-b91b441389dd5f41adba77ce94586498",
                "url_private_download": "https:\/\/files.slack.com\/files-pri\/T0105GKDN1H-F010ZCVNKSL\/download\/speedtest.zip?t=xoxe-1005563464051-1077300145892-1094973465936-b91b441389dd5f41adba77ce94586498",
                "permalink": "https:\/\/uclavirtfsfpt-96r8630.slack.com\/files\/U010M34SKMK\/F010ZCVNKSL\/speedtest.zip",
                "permalink_public": "https:\/\/slack-files.com\/T0105GKDN1H-F010ZCVNKSL-8f3eaeb34b",
                "is_starred": false,
                "has_rich_preview": false
            }
        ],
        "upload": true,
        "user": "U010M34SKMK",
        "display_as_bot": false,
        "ts": "1585429084.018800",
        "client_msg_id": "54460ef3-27ca-4835-871c-1a95726bc774"
    },
    {
        "type": "message",
        "text": "",
        "files": [
            {
                "id": "F010ZBG4YJZ",
                "created": 1585429129,
                "timestamp": 1585429129,
                "name": "SpeedTest.zip",
                "title": "SpeedTest.zip",
                "mimetype": "application\/zip",
                "filetype": "zip",
                "pretty_type": "Zip",
                "user": "U0109HQ4UQ3",
                "editable": false,
                "size": 170659,
                "mode": "hosted",
                "is_external": false,
                "external_type": "",
                "is_public": true,
                "public_url_shared": false,
                "display_as_bot": false,
                "username": "",
                "url_private": "https:\/\/files.slack.com\/files-pri\/T0105GKDN1H-F010ZBG4YJZ\/speedtest.zip?t=xoxe-1005563464051-1077300145892-1094973465936-b91b441389dd5f41adba77ce94586498",
                "url_private_download": "https:\/\/files.slack.com\/files-pri\/T0105GKDN1H-F010ZBG4YJZ\/download\/speedtest.zip?t=xoxe-1005563464051-1077300145892-1094973465936-b91b441389dd5f41adba77ce94586498",
                "permalink": "https:\/\/uclavirtfsfpt-96r8630.slack.com\/files\/U0109HQ4UQ3\/F010ZBG4YJZ\/speedtest.zip",
                "permalink_public": "https:\/\/slack-files.com\/T0105GKDN1H-F010ZBG4YJZ-5adc10feb7",
                "is_starred": false,
                "has_rich_preview": false
            }
        ],
        "upload": true,
        "user": "U0109HQ4UQ3",
        "display_as_bot": false,
        "ts": "1585429140.019300",
        "client_msg_id": "43e5b0b4-4c0d-4d37-a8d6-e5b737f06dcc"
    },
    {
        "type": "message",
        "text": "yo",
        "files": [
            {
                "id": "F010LKU70EN",
                "created": 1585429386,
                "timestamp": 1585429386,
                "name": "SPEEDTEST.rar",
                "title": "SPEEDTEST.rar",
                "mimetype": "application\/octet-stream",
                "filetype": "binary",
                "pretty_type": "Binary",
                "user": "U010884RC58",
                "editable": false,
                "size": 2032118,
                "mode": "hosted",
                "is_external": false,
                "external_type": "",
                "is_public": true,
                "public_url_shared": false,
                "display_as_bot": false,
                "username": "",
                "url_private": "https:\/\/files.slack.com\/files-pri\/T0105GKDN1H-F010LKU70EN\/speedtest.rar?t=xoxe-1005563464051-1077300145892-1094973465936-b91b441389dd5f41adba77ce94586498",
                "url_private_download": "https:\/\/files.slack.com\/files-pri\/T0105GKDN1H-F010LKU70EN\/download\/speedtest.rar?t=xoxe-1005563464051-1077300145892-1094973465936-b91b441389dd5f41adba77ce94586498",
                "permalink": "https:\/\/uclavirtfsfpt-96r8630.slack.com\/files\/U010884RC58\/F010LKU70EN\/speedtest.rar",
                "permalink_public": "https:\/\/slack-files.com\/T0105GKDN1H-F010LKU70EN-baec65a14a",
                "is_starred": false,
                "has_rich_preview": false
            }
        ],
        "upload": true,
        "blocks": [
            {
                "type": "rich_text",
                "block_id": "mes",
                "elements": [
                    {
                        "type": "rich_text_section",
                        "elements": [
                            {
                                "type": "text",
                                "text": "yo"
                            }
                        ]
                    }
                ]
            }
        ],
        "user": "U010884RC58",
        "display_as_bot": false,
        "ts": "1585429388.019700",
        "client_msg_id": "2177db89-50c3-4393-a2c0-8f364f3008b5"
    },
    {
        "type": "message",
        "text": "",
        "files": [
            {
                "id": "F010YU0HR9A",
                "created": 1585429391,
                "timestamp": 1585429391,
                "name": "speedtest c.png",
                "title": "speedtest c.png",
                "mimetype": "image\/png",
                "filetype": "png",
                "pretty_type": "PNG",
                "user": "U010H28N18S",
                "editable": false,
                "size": 168892,
                "mode": "hosted",
                "is_external": false,
                "external_type": "",
                "is_public": true,
                "public_url_shared": false,
                "display_as_bot": false,
                "username": "",
                "url_private": "https:\/\/files.slack.com\/files-pri\/T0105GKDN1H-F010YU0HR9A\/speedtest_c.png?t=xoxe-1005563464051-1077300145892-1094973465936-b91b441389dd5f41adba77ce94586498",
                "url_private_download": "https:\/\/files.slack.com\/files-pri\/T0105GKDN1H-F010YU0HR9A\/download\/speedtest_c.png?t=xoxe-1005563464051-1077300145892-1094973465936-b91b441389dd5f41adba77ce94586498",
                "thumb_64": "https:\/\/files.slack.com\/files-tmb\/T0105GKDN1H-F010YU0HR9A-a36c748860\/speedtest_c_64.png?t=xoxe-1005563464051-1077300145892-1094973465936-b91b441389dd5f41adba77ce94586498",
                "thumb_80": "https:\/\/files.slack.com\/files-tmb\/T0105GKDN1H-F010YU0HR9A-a36c748860\/speedtest_c_80.png?t=xoxe-1005563464051-1077300145892-1094973465936-b91b441389dd5f41adba77ce94586498",
                "thumb_360": "https:\/\/files.slack.com\/files-tmb\/T0105GKDN1H-F010YU0HR9A-a36c748860\/speedtest_c_360.png?t=xoxe-1005563464051-1077300145892-1094973465936-b91b441389dd5f41adba77ce94586498",
                "thumb_360_w": 360,
                "thumb_360_h": 195,
                "thumb_480": "https:\/\/files.slack.com\/files-tmb\/T0105GKDN1H-F010YU0HR9A-a36c748860\/speedtest_c_480.png?t=xoxe-1005563464051-1077300145892-1094973465936-b91b441389dd5f41adba77ce94586498",
                "thumb_480_w": 480,
                "thumb_480_h": 260,
                "thumb_160": "https:\/\/files.slack.com\/files-tmb\/T0105GKDN1H-F010YU0HR9A-a36c748860\/speedtest_c_160.png?t=xoxe-1005563464051-1077300145892-1094973465936-b91b441389dd5f41adba77ce94586498",
                "thumb_720": "https:\/\/files.slack.com\/files-tmb\/T0105GKDN1H-F010YU0HR9A-a36c748860\/speedtest_c_720.png?t=xoxe-1005563464051-1077300145892-1094973465936-b91b441389dd5f41adba77ce94586498",
                "thumb_720_w": 720,
                "thumb_720_h": 390,
                "thumb_800": "https:\/\/files.slack.com\/files-tmb\/T0105GKDN1H-F010YU0HR9A-a36c748860\/speedtest_c_800.png?t=xoxe-1005563464051-1077300145892-1094973465936-b91b441389dd5f41adba77ce94586498",
                "thumb_800_w": 800,
                "thumb_800_h": 434,
                "thumb_960": "https:\/\/files.slack.com\/files-tmb\/T0105GKDN1H-F010YU0HR9A-a36c748860\/speedtest_c_960.png?t=xoxe-1005563464051-1077300145892-1094973465936-b91b441389dd5f41adba77ce94586498",
                "thumb_960_w": 960,
                "thumb_960_h": 520,
                "thumb_1024": "https:\/\/files.slack.com\/files-tmb\/T0105GKDN1H-F010YU0HR9A-a36c748860\/speedtest_c_1024.png?t=xoxe-1005563464051-1077300145892-1094973465936-b91b441389dd5f41adba77ce94586498",
                "thumb_1024_w": 1024,
                "thumb_1024_h": 555,
                "image_exif_rotation": 1,
                "original_w": 1426,
                "original_h": 773,
                "thumb_tiny": "AwAaADCl+AoIOM7v50v4Udu2PrTAAhIzn+dIQQcbsfSlDEdKXBPb9aADBA5bP4mm5OOv6mnkMeoppBA5A\/OgAzx0FLjim0UAFLkDtSUUAO3UhII6c0lFAH\/\/2Q==",
                "permalink": "https:\/\/uclavirtfsfpt-96r8630.slack.com\/files\/U010H28N18S\/F010YU0HR9A\/speedtest_c.png",
                "permalink_public": "https:\/\/slack-files.com\/T0105GKDN1H-F010YU0HR9A-3e444bffd6",
                "is_starred": false,
                "has_rich_preview": false
            }
        ],
        "upload": true,
        "user": "U010H28N18S",
        "display_as_bot": false,
        "ts": "1585429395.020000",
        "client_msg_id": "cd2ed298-9f34-482f-820e-b871192aa8d4"
    },
    {
        "type": "message",
        "text": "",
        "files": [
            {
                "id": "F0111DTLTSB",
                "created": 1585429442,
                "timestamp": 1585429442,
                "name": "Speedtest.zip",
                "title": "Speedtest.zip",
                "mimetype": "application\/zip",
                "filetype": "zip",
                "pretty_type": "Zip",
                "user": "U010H28N18S",
                "editable": false,
                "size": 155458,
                "mode": "hosted",
                "is_external": false,
                "external_type": "",
                "is_public": true,
                "public_url_shared": false,
                "display_as_bot": false,
                "username": "",
                "url_private": "https:\/\/files.slack.com\/files-pri\/T0105GKDN1H-F0111DTLTSB\/speedtest.zip?t=xoxe-1005563464051-1077300145892-1094973465936-b91b441389dd5f41adba77ce94586498",
                "url_private_download": "https:\/\/files.slack.com\/files-pri\/T0105GKDN1H-F0111DTLTSB\/download\/speedtest.zip?t=xoxe-1005563464051-1077300145892-1094973465936-b91b441389dd5f41adba77ce94586498",
                "permalink": "https:\/\/uclavirtfsfpt-96r8630.slack.com\/files\/U010H28N18S\/F0111DTLTSB\/speedtest.zip",
                "permalink_public": "https:\/\/slack-files.com\/T0105GKDN1H-F0111DTLTSB-d271f249ad",
                "is_starred": false,
                "has_rich_preview": false
            }
        ],
        "upload": true,
        "user": "U010H28N18S",
        "display_as_bot": false,
        "ts": "1585429444.020300",
        "client_msg_id": "84256702-dfec-43ad-a50c-0cbb4f1a458f"
    },
    {
        "type": "message",
        "text": "re-uploaded in proper format",
        "files": [
            {
                "id": "F010YU1KYQL",
                "created": 1585429519,
                "timestamp": 1585429519,
                "name": "speed test.zip",
                "title": "speed test.zip",
                "mimetype": "application\/zip",
                "filetype": "zip",
                "pretty_type": "Zip",
                "user": "U010LHWSG4U",
                "editable": false,
                "size": 67515,
                "mode": "hosted",
                "is_external": false,
                "external_type": "",
                "is_public": true,
                "public_url_shared": false,
                "display_as_bot": false,
                "username": "",
                "url_private": "https:\/\/files.slack.com\/files-pri\/T0105GKDN1H-F010YU1KYQL\/speed_test.zip?t=xoxe-1005563464051-1077300145892-1094973465936-b91b441389dd5f41adba77ce94586498",
                "url_private_download": "https:\/\/files.slack.com\/files-pri\/T0105GKDN1H-F010YU1KYQL\/download\/speed_test.zip?t=xoxe-1005563464051-1077300145892-1094973465936-b91b441389dd5f41adba77ce94586498",
                "permalink": "https:\/\/uclavirtfsfpt-96r8630.slack.com\/files\/U010LHWSG4U\/F010YU1KYQL\/speed_test.zip",
                "permalink_public": "https:\/\/slack-files.com\/T0105GKDN1H-F010YU1KYQL-0925700949",
                "is_starred": false,
                "has_rich_preview": false
            }
        ],
        "upload": true,
        "blocks": [
            {
                "type": "rich_text",
                "block_id": "RxM+",
                "elements": [
                    {
                        "type": "rich_text_section",
                        "elements": [
                            {
                                "type": "text",
                                "text": "re-uploaded in proper format"
                            }
                        ]
                    }
                ]
            }
        ],
        "user": "U010LHWSG4U",
        "display_as_bot": false,
        "ts": "1585429521.020600",
        "client_msg_id": "bb72e58e-3ccc-49f9-9dd1-462fb0a9d2b1"
    },
    {
        "client_msg_id": "4f8a2b0a-fd7a-46ea-8810-8a47191d2bfe",
        "type": "message",
        "text": "class is over right?",
        "user": "U010PSR7BT6",
        "ts": "1585429598.021000",
        "team": "T0105GKDN1H",
        "user_team": "T0105GKDN1H",
        "source_team": "T0105GKDN1H",
        "user_profile": {
            "avatar_hash": "e3038105be99",
            "image_72": "https:\/\/avatars.slack-edge.com\/2020-03-27\/1031035067156_e3038105be99732f1919_72.jpg",
            "first_name": "",
            "real_name": "Joseph Shapiro",
            "display_name": "Joseph Shapiro",
            "team": "T0105GKDN1H",
            "name": "joevshapiro",
            "is_restricted": false,
            "is_ultra_restricted": false
        },
        "blocks": [
            {
                "type": "rich_text",
                "block_id": "5bOaY",
                "elements": [
                    {
                        "type": "rich_text_section",
                        "elements": [
                            {
                                "type": "text",
                                "text": "class is over right?"
                            }
                        ]
                    }
                ]
            }
        ],
        "thread_ts": "1585429598.021000",
        "reply_count": 3,
        "reply_users_count": 2,
        "latest_reply": "1585429820.021800",
        "reply_users": [
            "U010LEW7V2R",
            "U010PSR7BT6"
        ],
        "replies": [
            {
                "user": "U010LEW7V2R",
                "ts": "1585429636.021400"
            },
            {
                "user": "U010PSR7BT6",
                "ts": "1585429770.021600"
            },
            {
                "user": "U010LEW7V2R",
                "ts": "1585429820.021800"
            }
        ],
        "subscribed": false
    },
    {
        "client_msg_id": "51237617-264c-413d-8038-dd62b51636c5",
        "type": "message",
        "text": "correct. In optional Office Hours now. You are free to go if you need to. Or stick around if you have any questions :slightly_smiling_face:",
        "user": "U010LEW7V2R",
        "ts": "1585429636.021400",
        "team": "T0105GKDN1H",
        "user_team": "T0105GKDN1H",
        "source_team": "T0105GKDN1H",
        "user_profile": {
            "avatar_hash": "d3ca0dce327c",
            "image_72": "https:\/\/avatars.slack-edge.com\/2020-03-23\/1020683219136_d3ca0dce327cf88e2c77_72.jpg",
            "first_name": "Stacy",
            "real_name": "Stacy Keown",
            "display_name": "Stacy Keown",
            "team": "T0105GKDN1H",
            "name": "code",
            "is_restricted": false,
            "is_ultra_restricted": false
        },
        "blocks": [
            {
                "type": "rich_text",
                "block_id": "wdCTj",
                "elements": [
                    {
                        "type": "rich_text_section",
                        "elements": [
                            {
                                "type": "text",
                                "text": "correct. In optional Office Hours now. You are free to go if you need to. Or stick around if you have any questions "
                            },
                            {
                                "type": "emoji",
                                "name": "slightly_smiling_face"
                            }
                        ]
                    }
                ]
            }
        ],
        "thread_ts": "1585429598.021000",
        "parent_user_id": "U010PSR7BT6"
    },
    {
        "client_msg_id": "51c5d564-0a86-4676-bdba-c9b8a8113179",
        "type": "message",
        "text": "thanks i start work every other saturday at 1pm and am using my own limited personal business time to take this class so i gotta bail",
        "user": "U010PSR7BT6",
        "ts": "1585429770.021600",
        "team": "T0105GKDN1H",
        "user_team": "T0105GKDN1H",
        "source_team": "T0105GKDN1H",
        "user_profile": {
            "avatar_hash": "e3038105be99",
            "image_72": "https:\/\/avatars.slack-edge.com\/2020-03-27\/1031035067156_e3038105be99732f1919_72.jpg",
            "first_name": "",
            "real_name": "Joseph Shapiro",
            "display_name": "Joseph Shapiro",
            "team": "T0105GKDN1H",
            "name": "joevshapiro",
            "is_restricted": false,
            "is_ultra_restricted": false
        },
        "blocks": [
            {
                "type": "rich_text",
                "block_id": "q9Va",
                "elements": [
                    {
                        "type": "rich_text_section",
                        "elements": [
                            {
                                "type": "text",
                                "text": "thanks i start work every other saturday at 1pm and am using my own limited personal business time to take this class so i gotta bail"
                            }
                        ]
                    }
                ]
            }
        ],
        "thread_ts": "1585429598.021000",
        "parent_user_id": "U010PSR7BT6"
    },
    {
        "client_msg_id": "5b54d379-68c1-4ea8-a254-8e25980a8369",
        "type": "message",
        "text": "No problem :slightly_smiling_face: Thanks for joining us!! See you on Tuesday!",
        "user": "U010LEW7V2R",
        "ts": "1585429820.021800",
        "team": "T0105GKDN1H",
        "user_team": "T0105GKDN1H",
        "source_team": "T0105GKDN1H",
        "user_profile": {
            "avatar_hash": "d3ca0dce327c",
            "image_72": "https:\/\/avatars.slack-edge.com\/2020-03-23\/1020683219136_d3ca0dce327cf88e2c77_72.jpg",
            "first_name": "Stacy",
            "real_name": "Stacy Keown",
            "display_name": "Stacy Keown",
            "team": "T0105GKDN1H",
            "name": "code",
            "is_restricted": false,
            "is_ultra_restricted": false
        },
        "edited": {
            "user": "U010LEW7V2R",
            "ts": "1585429870.000000"
        },
        "blocks": [
            {
                "type": "rich_text",
                "block_id": "u8f",
                "elements": [
                    {
                        "type": "rich_text_section",
                        "elements": [
                            {
                                "type": "text",
                                "text": "No problem "
                            },
                            {
                                "type": "emoji",
                                "name": "slightly_smiling_face"
                            },
                            {
                                "type": "text",
                                "text": " Thanks for joining us!! See you on Tuesday!"
                            }
                        ]
                    }
                ]
            }
        ],
        "thread_ts": "1585429598.021000",
        "parent_user_id": "U010PSR7BT6"
    },
    {
        "type": "message",
        "text": "",
        "files": [
            {
                "id": "F010MUMA659",
                "created": 1585429816,
                "timestamp": 1585429816,
                "name": "speedtest.png",
                "title": "speedtest.png",
                "mimetype": "image\/png",
                "filetype": "png",
                "pretty_type": "PNG",
                "user": "U010853J6DQ",
                "editable": false,
                "size": 925002,
                "mode": "hosted",
                "is_external": false,
                "external_type": "",
                "is_public": true,
                "public_url_shared": false,
                "display_as_bot": false,
                "username": "",
                "url_private": "https:\/\/files.slack.com\/files-pri\/T0105GKDN1H-F010MUMA659\/speedtest.png?t=xoxe-1005563464051-1077300145892-1094973465936-b91b441389dd5f41adba77ce94586498",
                "url_private_download": "https:\/\/files.slack.com\/files-pri\/T0105GKDN1H-F010MUMA659\/download\/speedtest.png?t=xoxe-1005563464051-1077300145892-1094973465936-b91b441389dd5f41adba77ce94586498",
                "thumb_64": "https:\/\/files.slack.com\/files-tmb\/T0105GKDN1H-F010MUMA659-f17ac56c07\/speedtest_64.png?t=xoxe-1005563464051-1077300145892-1094973465936-b91b441389dd5f41adba77ce94586498",
                "thumb_80": "https:\/\/files.slack.com\/files-tmb\/T0105GKDN1H-F010MUMA659-f17ac56c07\/speedtest_80.png?t=xoxe-1005563464051-1077300145892-1094973465936-b91b441389dd5f41adba77ce94586498",
                "thumb_360": "https:\/\/files.slack.com\/files-tmb\/T0105GKDN1H-F010MUMA659-f17ac56c07\/speedtest_360.png?t=xoxe-1005563464051-1077300145892-1094973465936-b91b441389dd5f41adba77ce94586498",
                "thumb_360_w": 360,
                "thumb_360_h": 191,
                "thumb_480": "https:\/\/files.slack.com\/files-tmb\/T0105GKDN1H-F010MUMA659-f17ac56c07\/speedtest_480.png?t=xoxe-1005563464051-1077300145892-1094973465936-b91b441389dd5f41adba77ce94586498",
                "thumb_480_w": 480,
                "thumb_480_h": 255,
                "thumb_160": "https:\/\/files.slack.com\/files-tmb\/T0105GKDN1H-F010MUMA659-f17ac56c07\/speedtest_160.png?t=xoxe-1005563464051-1077300145892-1094973465936-b91b441389dd5f41adba77ce94586498",
                "thumb_720": "https:\/\/files.slack.com\/files-tmb\/T0105GKDN1H-F010MUMA659-f17ac56c07\/speedtest_720.png?t=xoxe-1005563464051-1077300145892-1094973465936-b91b441389dd5f41adba77ce94586498",
                "thumb_720_w": 720,
                "thumb_720_h": 383,
                "thumb_800": "https:\/\/files.slack.com\/files-tmb\/T0105GKDN1H-F010MUMA659-f17ac56c07\/speedtest_800.png?t=xoxe-1005563464051-1077300145892-1094973465936-b91b441389dd5f41adba77ce94586498",
                "thumb_800_w": 800,
                "thumb_800_h": 425,
                "thumb_960": "https:\/\/files.slack.com\/files-tmb\/T0105GKDN1H-F010MUMA659-f17ac56c07\/speedtest_960.png?t=xoxe-1005563464051-1077300145892-1094973465936-b91b441389dd5f41adba77ce94586498",
                "thumb_960_w": 960,
                "thumb_960_h": 510,
                "thumb_1024": "https:\/\/files.slack.com\/files-tmb\/T0105GKDN1H-F010MUMA659-f17ac56c07\/speedtest_1024.png?t=xoxe-1005563464051-1077300145892-1094973465936-b91b441389dd5f41adba77ce94586498",
                "thumb_1024_w": 1024,
                "thumb_1024_h": 544,
                "image_exif_rotation": 1,
                "original_w": 1920,
                "original_h": 1020,
                "thumb_tiny": "AwAZADCEXs7MACoJOPuirQS+HeM\/Wssdam8yTu7\/APfRpgX2N8gyfKApokvGJH7vI9qolmK8u5+rUbmAyHbP+9QBcae6Rtp8vOM9KBPc5Bby8Z9Kgi3sC3JweTnNWCwZflxjvxz1pAZtSAio60If9Sn0obsTJ2KVGeKc\/wDrm\/Gmt0pjNHTOYn\/3v6VZnH7lv896raV\/qZP97+lWrj\/UNSGf\/9k=",
                "permalink": "https:\/\/uclavirtfsfpt-96r8630.slack.com\/files\/U010853J6DQ\/F010MUMA659\/speedtest.png",
                "permalink_public": "https:\/\/slack-files.com\/T0105GKDN1H-F010MUMA659-fc1fd08d75",
                "is_starred": false,
                "has_rich_preview": false
            }
        ],
        "upload": true,
        "user": "U010853J6DQ",
        "display_as_bot": false,
        "ts": "1585429824.022000",
        "client_msg_id": "ecd6c943-3967-49c8-addc-7d4f4764cd0c"
    },
    {
        "client_msg_id": "6932b012-23a7-4158-9a06-57a41f33b616",
        "type": "message",
        "text": "yes now it's office hours",
        "user": "U010AJPBC3B",
        "ts": "1585430103.022700",
        "team": "T0105GKDN1H",
        "user_team": "T0105GKDN1H",
        "source_team": "T0105GKDN1H",
        "user_profile": {
            "avatar_hash": "a7accc11904a",
            "image_72": "https:\/\/avatars.slack-edge.com\/2020-03-31\/1039823854836_a7accc11904a7e79e199_72.png",
            "first_name": "Krista",
            "real_name": "Krista Clarke",
            "display_name": "Krista C",
            "team": "T0105GKDN1H",
            "name": "kristaclarke82",
            "is_restricted": false,
            "is_ultra_restricted": false
        },
        "blocks": [
            {
                "type": "rich_text",
                "block_id": "zRj",
                "elements": [
                    {
                        "type": "rich_text_section",
                        "elements": [
                            {
                                "type": "text",
                                "text": "yes now it's office hours"
                            }
                        ]
                    }
                ]
            }
        ]
    },
    {
        "type": "message",
        "text": "",
        "files": [
            {
                "id": "F010MUQA8NP",
                "created": 1585430200,
                "timestamp": 1585430200,
                "name": "speedtest.zip",
                "title": "speedtest.zip",
                "mimetype": "application\/zip",
                "filetype": "zip",
                "pretty_type": "Zip",
                "user": "U010NQCT52B",
                "editable": false,
                "size": 162934,
                "mode": "hosted",
                "is_external": false,
                "external_type": "",
                "is_public": true,
                "public_url_shared": false,
                "display_as_bot": false,
                "username": "",
                "url_private": "https:\/\/files.slack.com\/files-pri\/T0105GKDN1H-F010MUQA8NP\/speedtest.zip?t=xoxe-1005563464051-1077300145892-1094973465936-b91b441389dd5f41adba77ce94586498",
                "url_private_download": "https:\/\/files.slack.com\/files-pri\/T0105GKDN1H-F010MUQA8NP\/download\/speedtest.zip?t=xoxe-1005563464051-1077300145892-1094973465936-b91b441389dd5f41adba77ce94586498",
                "permalink": "https:\/\/uclavirtfsfpt-96r8630.slack.com\/files\/U010NQCT52B\/F010MUQA8NP\/speedtest.zip",
                "permalink_public": "https:\/\/slack-files.com\/T0105GKDN1H-F010MUQA8NP-2ab5eb6744",
                "is_starred": false,
                "has_rich_preview": false
            }
        ],
        "upload": true,
        "user": "U010NQCT52B",
        "display_as_bot": false,
        "ts": "1585430201.023000",
        "client_msg_id": "0a264d46-ddb6-4b94-83f6-3091daf8d0fd"
    }
]